PD_ID,comment_date,industry,warning_signal_comment,pd_grade_before,pd_grade_after,grade_change,migration,true_theme,topic_id,topic_label
PD100001,2024-08-16,Healthcare,Revenue contracted 10% year over year driven by softening demand. Gross margin compressed 529 bps on input cost inflation the borrower could not pass through.,5,7,2,Downgrade,revenue_decline,18,pass / demand / margin / cost
PD100002,2024-01-28,Hospitality,Borrower breached the maximum leverage covenant in Q1 2025; reported 4.6x against a 3.6x threshold. Waiver request under negotiation with the bank group.,10,13,3,Downgrade,covenant_breach,19,covenants / covenant / test / additional
PD100003,2024-01-07,Healthcare,Operating cash flow turned negative in Q4 2024. Working capital squeeze evident; payables stretched beyond 88 days and the borrower requested a temporary overadvance.,6,8,2,Downgrade,liquidity_stress,3,capital / operating / days / borrowing
PD100004,2024-08-08,Technology,Minimum EBITDA covenant missed by 18%. Compliance certificate delivered late with a qualified calculation. Documentation team reviewing reservation of rights letter.,8,8,0,No Change,covenant_breach,9,ebitda / qualified / compliance / missed
PD100005,2024-12-18,Agriculture,CFO resigned abruptly in Q1 2025 with no permanent successor named; interim finance lead has limited sector experience. Second C-suite departure in twelve months.,9,9,0,No Change,management_turnover,3,capital / operating / days / borrowing
PD100006,2024-05-07,Transportation,Significant cash burn observed. Unrestricted cash fell 32% quarter over quarter and the company is deferring capex to preserve liquidity. Monitoring weekly 13-week cash flow forecasts.,5,6,1,Downgrade,liquidity_stress,12,cash / significant / capex / monitoring
PD100007,2024-03-12,Manufacturing,CFO resigned abruptly in Q3 2025 with no permanent successor named; interim finance lead has limited sector experience. Second C-suite departure in twelve months.,6,8,2,Downgrade,management_turnover,3,capital / operating / days / borrowing
PD100008,2024-08-26,Retail,New tariffs raise landed costs approximately 19% on the borrower's primary import lines. Ability to pass through to customers is unproven.,6,7,1,Downgrade,industry_headwinds,4,exposure / filed / new / approximately
PD100009,2025-01-08,Healthcare,Repeated delays in delivering compliance certificates and monthly borrowing base certificates. Finance function appears under-resourced following staff departures.,6,8,2,Downgrade,reporting_delinquency,3,capital / operating / days / borrowing
PD100010,2024-09-30,Business Services,Significant cash burn observed. Unrestricted cash fell 52% quarter over quarter and the company is deferring capex to preserve liquidity. Monitoring weekly 13-week cash flow forecasts.,6,10,4,Downgrade,liquidity_stress,12,cash / significant / capex / monitoring
PD100011,2025-04-18,Transportation,Borrower has fully drawn the revolver with utilization at 90%. Cash position declined to $10M and liquidity runway is under 8 months without additional support.,6,8,2,Downgrade,liquidity_stress,16,position / revolver utilization / revolver / additional
PD100012,2024-08-12,Wholesale Trade,Borrower returned to profitability after two loss-making years. Cash conversion improved and the revolver is now undrawn.,9,6,-3,Upgrade,performance_improvement,16,position / revolver utilization / revolver / additional
PD100013,2024-02-27,Commercial Real Estate,EBITDA declined 41% versus plan on volume weakness and pricing pressure. Cost reduction program announced but savings not yet visible in results.,13,14,1,Downgrade,revenue_decline,21,pricing pressure / pressure / visible results / visible
PD100014,2024-11-18,Commercial Real Estate,Borrower breached the maximum leverage covenant in Q3 2025; reported 5.3x against a 3.7x threshold. Waiver request under negotiation with the bank group.,9,11,2,Downgrade,covenant_breach,19,covenants / covenant / test / additional
PD100015,2025-04-14,Healthcare,Liquidity concerns escalating. The borrower missed a scheduled sweep and drew the remaining $15M of revolver availability to fund payroll. Treasury reports minimal headroom.,5,6,1,Downgrade,liquidity_stress,2,headroom / concerns / missed / revolver
PD100016,2024-09-26,Business Services,EBITDA declined 19% versus plan on volume weakness and pricing pressure. Cost reduction program announced but savings not yet visible in results.,6,9,3,Downgrade,revenue_decline,21,pricing pressure / pressure / visible results / visible
PD100017,2024-08-12,Healthcare,Margin erosion accelerating; operating margin at 4% versus 12% prior year. Competitive discounting in the sector shows no sign of abating.,5,7,2,Downgrade,revenue_decline,0,sector / margin / outlook / operating
PD100018,2024-02-18,Retail,Contract repricing with the anchor customer cut unit margins 25%. Borrower has limited negotiating leverage given dependence on this relationship.,6,6,0,No Change,customer_concentration,19,covenants / covenant / test / additional
PD100019,2025-01-25,Agriculture,Operating cash flow turned negative in Q2 2025. Working capital squeeze evident; payables stretched beyond 98 days and the borrower requested a temporary overadvance.,8,8,0,No Change,liquidity_stress,3,capital / operating / days / borrowing
PD100020,2024-01-12,Wholesale Trade,"Interest burden up sharply post rate resets; cash interest coverage at 1.3x. Hedges expired and were not replaced, leaving full floating-rate exposure.",5,7,2,Downgrade,refinancing_risk,13,hedges / rates / market / quarters
PD100021,2024-12-14,Retail,Class action lawsuit filed alleging product defects; potential exposure estimated at $147M. Insurance coverage position remains unclear.,4,6,2,Downgrade,legal_regulatory,4,exposure / filed / new / approximately
PD100022,2024-01-04,Business Services,Significant cash burn observed. Unrestricted cash fell 57% quarter over quarter and the company is deferring capex to preserve liquidity. Monitoring weekly 13-week cash flow forecasts.,5,6,1,Downgrade,liquidity_stress,12,cash / significant / capex / monitoring
PD100023,2025-06-03,Retail,"Refinancing risk elevated. The borrower's bonds trade at 71 cents on the dollar, signaling constrained capital markets access.",9,11,2,Downgrade,refinancing_risk,7,refinancing risk / risk elevated / trade / capital
PD100024,2024-07-22,Healthcare,Commodity price downturn pressuring the entire sub-sector. Rig counts and shipment volumes at multi-year lows; borrower hedges roll off in 4 quarters.,8,9,1,Downgrade,industry_headwinds,0,sector / margin / outlook / operating
PD100025,2024-01-01,Agriculture,Key customer initiated in-sourcing of the borrower's product line. Customer concentration remains high with top three accounts at 74% of sales.,10,12,2,Downgrade,customer_concentration,11,customer / concentration / product / order
PD100026,2025-01-06,Oil & Gas,Commodity price downturn pressuring the entire sub-sector. Rig counts and shipment volumes at multi-year lows; borrower hedges roll off in 3 quarters.,1,1,0,No Change,industry_headwinds,0,sector / margin / outlook / operating
PD100027,2024-03-21,Retail,Operating cash flow turned negative in Q1 2024. Working capital squeeze evident; payables stretched beyond 116 days and the borrower requested a temporary overadvance.,4,7,3,Downgrade,liquidity_stress,3,capital / operating / days / borrowing
PD100028,2024-05-08,Healthcare,"Regulatory change effective next year is expected to reduce reimbursement rates by 6%, directly compressing borrower revenue in its core segment.",7,9,2,Downgrade,industry_headwinds,14,regulatory / rates / revenue / multiyear
PD100029,2024-06-18,Oil & Gas,Governance concerns raised after the audit committee chair stepped down. Board composition now lacks independent financial expertise.,5,7,2,Downgrade,management_turnover,6,annual / raised / repeated / concerns
PD100030,2024-08-04,Hospitality,Cash flow from operations insufficient to cover fixed charges this cycle. FCCR dropped to 0.9x. Sponsor has been approached for an equity injection to shore up liquidity.,5,7,2,Downgrade,liquidity_stress,17,fccr / equity / breach / sponsor
PD100031,2025-04-07,Retail,Strong Q3 2025 results with revenue growth of 19% and record backlog of $264M. Guidance raised for the full year.,8,8,0,No Change,performance_improvement,0,sector / margin / outlook / operating
PD100032,2024-01-22,Agriculture,Regulatory investigation opened into billing practices. Legal reserves increased by $19M this quarter; reputational impact on new bookings possible.,6,6,0,No Change,legal_regulatory,10,auditor / inventory / period / counsel
PD100033,2024-03-13,Business Services,Operational restructuring complete; plant consolidation yields $12M of annualized savings. Order intake trending 28% above prior year.,10,9,-1,Upgrade,performance_improvement,11,customer / concentration / product / order
PD100034,2024-12-04,Retail,Turnaround gaining traction: EBITDA up 29% year over year and margins recovered to 10%. Cost actions delivered ahead of plan.,5,3,-2,Upgrade,performance_improvement,9,ebitda / qualified / compliance / missed
PD100035,2025-05-12,Commercial Real Estate,Springing covenant triggered as revolver utilization exceeded 33%. Borrower is now subject to full quarterly covenant testing and failed the first leverage test.,10,12,2,Downgrade,covenant_breach,5,covenant / test / revolver utilization / discrepancies approximately
PD100036,2025-04-29,Commercial Real Estate,OFAC compliance review identified potential sanctions exposure in an overseas subsidiary. Enhanced monitoring in place pending outside counsel findings.,7,8,1,Downgrade,legal_regulatory,4,exposure / filed / new / approximately
PD100037,2024-07-13,Retail,Governance concerns raised after the audit committee chair stepped down. Board composition now lacks independent financial expertise.,6,7,1,Downgrade,management_turnover,6,annual / raised / repeated / concerns
PD100038,2025-02-24,Construction,Revenue contracted 31% year over year driven by softening demand. Gross margin compressed 370 bps on input cost inflation the borrower could not pass through.,7,9,2,Downgrade,revenue_decline,18,pass / demand / margin / cost
PD100039,2024-04-10,Manufacturing,Sector outlook deteriorating; industry volumes down 18% and two regional competitors filed for Chapter 11 this year. Borrower exposed to the same demand drivers.,5,8,3,Downgrade,industry_headwinds,0,sector / margin / outlook / operating
PD100040,2024-07-15,Commercial Real Estate,Voluntary prepayment of $53M made this quarter. FCCR improved to 2.3x and all covenants passed with comfortable headroom.,3,3,0,No Change,deleveraging,10,auditor / inventory / period / counsel
PD100041,2024-10-12,Construction,Margin erosion accelerating; operating margin at 4% versus 9% prior year. Competitive discounting in the sector shows no sign of abating.,7,8,1,Downgrade,revenue_decline,0,sector / margin / outlook / operating
PD100042,2024-04-10,Manufacturing,New tariffs raise landed costs approximately 12% on the borrower's primary import lines. Ability to pass through to customers is unproven.,7,9,2,Downgrade,industry_headwinds,4,exposure / filed / new / approximately
PD100043,2024-08-30,Healthcare,Springing covenant triggered as revolver utilization exceeded 30%. Borrower is now subject to full quarterly covenant testing and failed the first leverage test.,8,10,2,Downgrade,covenant_breach,5,covenant / test / revolver utilization / discrepancies approximately
PD100044,2025-02-14,Manufacturing,Minimum EBITDA covenant missed by 23%. Compliance certificate delivered late with a qualified calculation. Documentation team reviewing reservation of rights letter.,10,13,3,Downgrade,covenant_breach,9,ebitda / qualified / compliance / missed
PD100045,2024-09-28,Construction,Fixed charge coverage covenant violation reported. FCCR of 0.8x versus required 1.10x. This is the second consecutive quarterly breach; amendment discussions ongoing.,5,8,3,Downgrade,covenant_breach,17,fccr / equity / breach / sponsor
PD100046,2025-05-13,Healthcare,"Refinancing risk elevated. The borrower's bonds trade at 68 cents on the dollar, signaling constrained capital markets access.",8,12,4,Downgrade,refinancing_risk,7,refinancing risk / risk elevated / trade / capital
PD100047,2024-03-03,Business Services,Operating cash flow turned negative in Q3 2024. Working capital squeeze evident; payables stretched beyond 63 days and the borrower requested a temporary overadvance.,6,9,3,Downgrade,liquidity_stress,3,capital / operating / days / borrowing
PD100048,2025-05-29,Hospitality,Financial covenants tripped at the Q1 2024 test date. The borrower requested a covenant holiday through year end. Pricing step-up and additional reporting agreed as conditions.,7,9,2,Downgrade,covenant_breach,19,covenants / covenant / test / additional
PD100049,2024-03-23,Healthcare,Debt maturity wall approaching; 43% of funded debt comes due within 18 months. Sponsor exploring amend-and-extend but lender appetite is uncertain.,7,8,1,Downgrade,refinancing_risk,20,debt / sponsor / months / 
PD100050,2024-02-10,Agriculture,Borrower breached the maximum leverage covenant in Q1 2024; reported 5.7x against a 4.4x threshold. Waiver request under negotiation with the bank group.,5,7,2,Downgrade,covenant_breach,19,covenants / covenant / test / additional
PD100051,2024-09-24,Commercial Real Estate,Term loan of $264M matures in 15 months with no committed refinancing. Current leverage of 6.4x makes a market refinance challenging.,8,10,2,Downgrade,refinancing_risk,15,refinancing / committed / market / term
PD100052,2024-05-14,Wholesale Trade,Significant cash burn observed. Unrestricted cash fell 45% quarter over quarter and the company is deferring capex to preserve liquidity. Monitoring weekly 13-week cash flow forecasts.,5,7,2,Downgrade,liquidity_stress,12,cash / significant / capex / monitoring
PD100053,2024-03-15,Manufacturing,Borrower returned to profitability after two loss-making years. Cash conversion improved and the revolver is now undrawn.,6,5,-1,Upgrade,performance_improvement,16,position / revolver utilization / revolver / additional
PD100054,2024-04-12,Retail,"Interest burden up sharply post rate resets; cash interest coverage at 1.4x. Hedges expired and were not replaced, leaving full floating-rate exposure.",8,11,3,Downgrade,refinancing_risk,13,hedges / rates / market / quarters
PD100055,2024-12-23,Retail,Prolonged softness in the freight market; spot rates below breakeven for 4 consecutive quarters. Fleet utilization at 76%.,6,7,1,Downgrade,industry_headwinds,13,hedges / rates / market / quarters
PD100056,2024-11-05,Agriculture,Strong Q3 2025 results with revenue growth of 13% and record backlog of $264M. Guidance raised for the full year.,8,7,-1,Upgrade,performance_improvement,0,sector / margin / outlook / operating
PD100057,2024-11-02,Wholesale Trade,Margin erosion accelerating; operating margin at 1% versus 13% prior year. Competitive discounting in the sector shows no sign of abating.,10,11,1,Downgrade,revenue_decline,0,sector / margin / outlook / operating
PD100058,2024-04-19,Business Services,Turnaround gaining traction: EBITDA up 23% year over year and margins recovered to 13%. Cost actions delivered ahead of plan.,8,8,0,No Change,performance_improvement,9,ebitda / qualified / compliance / missed
PD100059,2024-08-03,Business Services,"Leverage remains elevated at 5.9x with no clear deleveraging path. PIK toggle exercised on the mezzanine tranche this period, growing the debt stack.",7,10,3,Downgrade,refinancing_risk,8,period / debt / elevated / leverage
PD100060,2024-09-27,Hospitality,Significant cash burn observed. Unrestricted cash fell 43% quarter over quarter and the company is deferring capex to preserve liquidity. Monitoring weekly 13-week cash flow forecasts.,8,10,2,Downgrade,liquidity_stress,12,cash / significant / capex / monitoring
PD100061,2024-02-22,Retail,Liquidity concerns escalating. The borrower missed a scheduled sweep and drew the remaining $11M of revolver availability to fund payroll. Treasury reports minimal headroom.,7,8,1,Downgrade,liquidity_stress,2,headroom / concerns / missed / revolver
PD100062,2024-12-07,Healthcare,"Interest burden up sharply post rate resets; cash interest coverage at 1.5x. Hedges expired and were not replaced, leaving full floating-rate exposure.",4,4,0,No Change,refinancing_risk,13,hedges / rates / market / quarters
PD100063,2025-03-13,Hospitality,"Refinancing risk elevated. The borrower's bonds trade at 60 cents on the dollar, signaling constrained capital markets access.",5,6,1,Downgrade,refinancing_risk,7,refinancing risk / risk elevated / trade / capital
PD100064,2024-06-01,Hospitality,Top customer representing 28% of revenue did not renew its contract at term. Replacement pipeline covers less than half of the lost volume.,9,9,0,No Change,customer_concentration,1,sales / lowered fullyear / fullyear / continues
PD100065,2024-02-12,Oil & Gas,Term loan of $239M matures in 15 months with no committed refinancing. Current leverage of 6.4x makes a market refinance challenging.,5,7,2,Downgrade,refinancing_risk,15,refinancing / committed / market / term
PD100066,2024-02-10,Technology,EBITDA declined 43% versus plan on volume weakness and pricing pressure. Cost reduction program announced but savings not yet visible in results.,5,6,1,Downgrade,revenue_decline,21,pricing pressure / pressure / visible results / visible
PD100067,2025-02-20,Agriculture,Asset sale proceeds of $199M applied to term debt. Leverage reduced to 2.4x from 4.2x at last review.,9,7,-2,Upgrade,deleveraging,7,refinancing risk / risk elevated / trade / capital
PD100068,2024-06-30,Transportation,Debt maturity wall approaching; 55% of funded debt comes due within 18 months. Sponsor exploring amend-and-extend but lender appetite is uncertain.,7,10,3,Downgrade,refinancing_risk,20,debt / sponsor / months / 
PD100069,2024-12-06,Transportation,Audited financial statements are 82 days past due. Auditor cited unresolved revenue recognition matters; a going concern qualification has not been ruled out.,4,5,1,Downgrade,reporting_delinquency,9,ebitda / qualified / compliance / missed
PD100070,2024-04-20,Transportation,Debt maturity wall approaching; 57% of funded debt comes due within 18 months. Sponsor exploring amend-and-extend but lender appetite is uncertain.,5,7,2,Downgrade,refinancing_risk,20,debt / sponsor / months / 
PD100071,2025-04-16,Technology,Turnaround gaining traction: EBITDA up 45% year over year and margins recovered to 12%. Cost actions delivered ahead of plan.,7,6,-1,Upgrade,performance_improvement,9,ebitda / qualified / compliance / missed
PD100072,2024-07-16,Transportation,"Sponsor injected $44M of fresh equity, curing the covenant breach and funding the growth capex program. Liquidity restored to $58M.",5,5,0,No Change,deleveraging,17,fccr / equity / breach / sponsor
PD100073,2024-10-12,Technology,EPA notice of violation received relating to the primary facility. Remediation cost estimates range up to $25M; operations could face interruption.,5,6,1,Downgrade,legal_regulatory,4,exposure / filed / new / approximately
PD100074,2024-04-28,Oil & Gas,Material weakness in internal controls disclosed. Segregation of duties issues in the treasury function; remediation plan requested by Q4 2025.,7,9,2,Downgrade,reporting_delinquency,2,headroom / concerns / missed / revolver
PD100075,2024-09-28,Manufacturing,Borrower delinquent on quarterly reporting for the second time this year. Field exam identified borrowing base discrepancies of approximately $11M.,8,9,1,Downgrade,reporting_delinquency,5,covenant / test / revolver utilization / discrepancies approximately
PD100076,2024-11-17,Transportation,Successful refinancing completed; maturities extended to 2031 at improved pricing. Near-term refinancing risk eliminated.,7,4,-3,Upgrade,deleveraging,15,refinancing / committed / market / term
PD100077,2024-04-28,Transportation,OFAC compliance review identified potential sanctions exposure in an overseas subsidiary. Enhanced monitoring in place pending outside counsel findings.,9,11,2,Downgrade,legal_regulatory,4,exposure / filed / new / approximately
PD100078,2025-03-22,Manufacturing,"Leverage remains elevated at 6.0x with no clear deleveraging path. PIK toggle exercised on the mezzanine tranche this period, growing the debt stack.",4,4,0,No Change,refinancing_risk,8,period / debt / elevated / leverage
PD100079,2024-07-20,Technology,Contract repricing with the anchor customer cut unit margins 27%. Borrower has limited negotiating leverage given dependence on this relationship.,8,10,2,Downgrade,customer_concentration,18,pass / demand / margin / cost
PD100080,2024-12-04,Agriculture,"New contract wins add $23M of committed multi-year revenue, diversifying the customer base and improving visibility.",8,10,2,Downgrade,performance_improvement,14,regulatory / rates / revenue / multiyear
PD100081,2024-11-03,Hospitality,Key customer initiated in-sourcing of the borrower's product line. Customer concentration remains high with top three accounts at 71% of sales.,10,12,2,Downgrade,customer_concentration,11,customer / concentration / product / order
PD100082,2025-02-16,Business Services,Key customer initiated in-sourcing of the borrower's product line. Customer concentration remains high with top three accounts at 71% of sales.,6,8,2,Downgrade,customer_concentration,11,customer / concentration / product / order
PD100083,2025-03-06,Wholesale Trade,EBITDA declined 32% versus plan on volume weakness and pricing pressure. Cost reduction program announced but savings not yet visible in results.,7,8,1,Downgrade,revenue_decline,21,pricing pressure / pressure / visible results / visible
PD100084,2024-11-04,Transportation,Liquidity concerns escalating. The borrower missed a scheduled sweep and drew the remaining $8M of revolver availability to fund payroll. Treasury reports minimal headroom.,12,13,1,Downgrade,liquidity_stress,2,headroom / concerns / missed / revolver
PD100085,2025-03-16,Agriculture,Margin erosion accelerating; operating margin at 1% versus 10% prior year. Competitive discounting in the sector shows no sign of abating.,6,8,2,Downgrade,revenue_decline,0,sector / margin / outlook / operating
PD100086,2025-03-28,Wholesale Trade,Cash flow from operations insufficient to cover fixed charges this cycle. FCCR dropped to 0.8x. Sponsor has been approached for an equity injection to shore up liquidity.,6,9,3,Downgrade,liquidity_stress,17,fccr / equity / breach / sponsor
PD100087,2025-06-11,Wholesale Trade,Operating cash flow turned negative in Q4 2024. Working capital squeeze evident; payables stretched beyond 102 days and the borrower requested a temporary overadvance.,10,10,0,No Change,liquidity_stress,3,capital / operating / days / borrowing
PD100088,2024-08-28,Wholesale Trade,Springing covenant triggered as revolver utilization exceeded 35%. Borrower is now subject to full quarterly covenant testing and failed the first leverage test.,5,5,0,No Change,covenant_breach,5,covenant / test / revolver utilization / discrepancies approximately
PD100089,2024-05-30,Manufacturing,Significant cash burn observed. Unrestricted cash fell 44% quarter over quarter and the company is deferring capex to preserve liquidity. Monitoring weekly 13-week cash flow forecasts.,12,14,2,Downgrade,liquidity_stress,12,cash / significant / capex / monitoring
PD100090,2025-04-11,Transportation,Term loan of $175M matures in 13 months with no committed refinancing. Current leverage of 6.5x makes a market refinance challenging.,3,5,2,Downgrade,refinancing_risk,15,refinancing / committed / market / term
PD100091,2025-01-28,Construction,Contract repricing with the anchor customer cut unit margins 16%. Borrower has limited negotiating leverage given dependence on this relationship.,6,6,0,No Change,customer_concentration,18,pass / demand / margin / cost
PD100092,2024-01-06,Retail,Liquidity concerns escalating. The borrower missed a scheduled sweep and drew the remaining $10M of revolver availability to fund payroll. Treasury reports minimal headroom.,8,11,3,Downgrade,liquidity_stress,2,headroom / concerns / missed / revolver
PD100093,2025-06-14,Construction,Governance concerns raised after the audit committee chair stepped down. Board composition now lacks independent financial expertise.,6,7,1,Downgrade,management_turnover,6,annual / raised / repeated / concerns
PD100094,2024-11-20,Construction,Borrower breached the maximum leverage covenant in Q2 2024; reported 5.9x against a 4.3x threshold. Waiver request under negotiation with the bank group.,11,13,2,Downgrade,covenant_breach,19,covenants / covenant / test / additional
PD100095,2025-03-12,Hospitality,"Leverage remains elevated at 7.5x with no clear deleveraging path. PIK toggle exercised on the mezzanine tranche this period, growing the debt stack.",8,11,3,Downgrade,refinancing_risk,8,period / debt / elevated / leverage
PD100096,2025-05-01,Construction,Repeated delays in delivering compliance certificates and monthly borrowing base certificates. Finance function appears under-resourced following staff departures.,4,5,1,Downgrade,reporting_delinquency,3,capital / operating / days / borrowing
PD100097,2024-10-10,Hospitality,EBITDA declined 39% versus plan on volume weakness and pricing pressure. Cost reduction program announced but savings not yet visible in results.,6,9,3,Downgrade,revenue_decline,21,pricing pressure / pressure / visible results / visible
PD100098,2024-03-20,Business Services,Liquidity concerns escalating. The borrower missed a scheduled sweep and drew the remaining $10M of revolver availability to fund payroll. Treasury reports minimal headroom.,1,2,1,Downgrade,liquidity_stress,2,headroom / concerns / missed / revolver
PD100099,2024-03-23,Healthcare,Financial covenants tripped at the Q2 2025 test date. The borrower requested a covenant holiday through year end. Pricing step-up and additional reporting agreed as conditions.,3,4,1,Downgrade,covenant_breach,19,covenants / covenant / test / additional
PD100100,2024-06-05,Business Services,Borrower delinquent on quarterly reporting for the second time this year. Field exam identified borrowing base discrepancies of approximately $5M.,6,8,2,Downgrade,reporting_delinquency,5,covenant / test / revolver utilization / discrepancies approximately
PD100101,2024-12-04,Hospitality,Topline deterioration continues for a third consecutive quarter. Sales down 10% and order backlog thinning. Management lowered full-year guidance materially.,7,11,4,Downgrade,revenue_decline,1,sales / lowered fullyear / fullyear / continues
PD100102,2025-03-06,Transportation,"Adverse arbitration ruling requires payment of $31M within 90 days, straining liquidity. Appeal under consideration but counsel views prospects as limited.",5,5,0,No Change,legal_regulatory,10,auditor / inventory / period / counsel
PD100103,2025-01-24,Construction,Cash flow from operations insufficient to cover fixed charges this cycle. FCCR dropped to 0.9x. Sponsor has been approached for an equity injection to shore up liquidity.,7,7,0,No Change,liquidity_stress,17,fccr / equity / breach / sponsor
PD100104,2025-02-03,Transportation,Audited financial statements are 180 days past due. Auditor cited unresolved revenue recognition matters; a going concern qualification has not been ruled out.,7,9,2,Downgrade,reporting_delinquency,6,annual / raised / repeated / concerns
PD100105,2024-08-13,Construction,Margin erosion accelerating; operating margin at 6% versus 13% prior year. Competitive discounting in the sector shows no sign of abating.,6,10,4,Downgrade,revenue_decline,0,sector / margin / outlook / operating
PD100106,2024-01-30,Transportation,New tariffs raise landed costs approximately 18% on the borrower's primary import lines. Ability to pass through to customers is unproven.,7,9,2,Downgrade,industry_headwinds,4,exposure / filed / new / approximately
PD100107,2024-06-18,Construction,"Sponsor injected $100M of fresh equity, curing the covenant breach and funding the growth capex program. Liquidity restored to $116M.",6,4,-2,Upgrade,deleveraging,17,fccr / equity / breach / sponsor
PD100108,2025-02-07,Agriculture,Topline deterioration continues for a third consecutive quarter. Sales down 25% and order backlog thinning. Management lowered full-year guidance materially.,6,6,0,No Change,revenue_decline,13,hedges / rates / market / quarters
PD100109,2025-03-14,Healthcare,Cash flow from operations insufficient to cover fixed charges this cycle. FCCR dropped to 0.8x. Sponsor has been approached for an equity injection to shore up liquidity.,9,9,0,No Change,liquidity_stress,17,fccr / equity / breach / sponsor
PD100110,2025-01-23,Technology,"Adverse arbitration ruling requires payment of $16M within 90 days, straining liquidity. Appeal under consideration but counsel views prospects as limited.",9,9,0,No Change,legal_regulatory,10,auditor / inventory / period / counsel
PD100111,2025-01-23,Oil & Gas,Topline deterioration continues for a third consecutive quarter. Sales down 22% and order backlog thinning. Management lowered full-year guidance materially.,8,9,1,Downgrade,revenue_decline,1,sales / lowered fullyear / fullyear / continues
PD100112,2025-04-26,Manufacturing,Largest customer filed for bankruptcy protection; receivable exposure of $11M likely impaired. Trade credit insurance covers only a portion.,7,9,2,Downgrade,customer_concentration,4,exposure / filed / new / approximately
PD100113,2024-03-11,Wholesale Trade,Margin erosion accelerating; operating margin at 1% versus 10% prior year. Competitive discounting in the sector shows no sign of abating.,6,9,3,Downgrade,revenue_decline,0,sector / margin / outlook / operating
PD100114,2024-01-21,Agriculture,Turnaround gaining traction: EBITDA up 16% year over year and margins recovered to 12%. Cost actions delivered ahead of plan.,7,6,-1,Upgrade,performance_improvement,9,ebitda / qualified / compliance / missed
PD100115,2024-04-27,Agriculture,Loss of a major account announced; $40M of annual revenue affected beginning next quarter. Concentration risk previously flagged at underwriting.,6,8,2,Downgrade,customer_concentration,13,hedges / rates / market / quarters
PD100116,2024-04-27,Healthcare,Strong Q4 2025 results with revenue growth of 19% and record backlog of $125M. Guidance raised for the full year.,10,9,-1,Upgrade,performance_improvement,0,sector / margin / outlook / operating
PD100117,2024-11-15,Agriculture,EBITDA declined 18% versus plan on volume weakness and pricing pressure. Cost reduction program announced but savings not yet visible in results.,6,8,2,Downgrade,revenue_decline,21,pricing pressure / pressure / visible results / visible
PD100118,2024-07-22,Retail,Liquidity concerns escalating. The borrower missed a scheduled sweep and drew the remaining $15M of revolver availability to fund payroll. Treasury reports minimal headroom.,8,10,2,Downgrade,liquidity_stress,2,headroom / concerns / missed / revolver
PD100119,2024-04-14,Business Services,Debt paydown ahead of schedule; net leverage now 2.6x. Rating outlook revised to stable given strengthened balance sheet.,11,10,-1,Upgrade,deleveraging,8,period / debt / elevated / leverage
PD100120,2024-05-03,Agriculture,"Significant management turnover noted: controller, treasurer, and head of operations all departed within two quarters. Institutional knowledge loss is a concern for reporting quality.",5,5,0,No Change,management_turnover,6,annual / raised / repeated / concerns
PD100121,2025-06-02,Wholesale Trade,Term loan of $227M matures in 14 months with no committed refinancing. Current leverage of 6.1x makes a market refinance challenging.,9,11,2,Downgrade,refinancing_risk,15,refinancing / committed / market / term
PD100122,2025-05-16,Retail,Key customer initiated in-sourcing of the borrower's product line. Customer concentration remains high with top three accounts at 50% of sales.,7,8,1,Downgrade,customer_concentration,11,customer / concentration / product / order
PD100123,2025-04-15,Business Services,Liquidity concerns escalating. The borrower missed a scheduled sweep and drew the remaining $14M of revolver availability to fund payroll. Treasury reports minimal headroom.,2,6,4,Downgrade,liquidity_stress,2,headroom / concerns / missed / revolver
PD100124,2025-05-10,Construction,Strong Q4 2024 results with revenue growth of 24% and record backlog of $178M. Guidance raised for the full year.,5,3,-2,Upgrade,performance_improvement,0,sector / margin / outlook / operating
PD100125,2024-09-08,Retail,Minimum EBITDA covenant missed by 26%. Compliance certificate delivered late with a qualified calculation. Documentation team reviewing reservation of rights letter.,8,11,3,Downgrade,covenant_breach,9,ebitda / qualified / compliance / missed
PD100126,2025-04-20,Agriculture,Significant cash burn observed. Unrestricted cash fell 58% quarter over quarter and the company is deferring capex to preserve liquidity. Monitoring weekly 13-week cash flow forecasts.,8,10,2,Downgrade,liquidity_stress,12,cash / significant / capex / monitoring
PD100127,2025-05-21,Technology,Cash flow from operations insufficient to cover fixed charges this cycle. FCCR dropped to 0.8x. Sponsor has been approached for an equity injection to shore up liquidity.,8,11,3,Downgrade,liquidity_stress,17,fccr / equity / breach / sponsor
PD100128,2024-12-14,Oil & Gas,Operating cash flow turned negative in Q4 2024. Working capital squeeze evident; payables stretched beyond 82 days and the borrower requested a temporary overadvance.,4,5,1,Downgrade,liquidity_stress,3,capital / operating / days / borrowing
PD100129,2025-06-13,Commercial Real Estate,Contract repricing with the anchor customer cut unit margins 18%. Borrower has limited negotiating leverage given dependence on this relationship.,6,9,3,Downgrade,customer_concentration,19,covenants / covenant / test / additional
PD100130,2024-09-03,Business Services,Borrower has fully drawn the revolver with utilization at 92%. Cash position declined to $13M and liquidity runway is under 6 months without additional support.,8,12,4,Downgrade,liquidity_stress,16,position / revolver utilization / revolver / additional
PD100131,2025-05-17,Construction,Governance concerns raised after the audit committee chair stepped down. Board composition now lacks independent financial expertise.,6,7,1,Downgrade,management_turnover,6,annual / raised / repeated / concerns
PD100132,2025-02-18,Business Services,Sector outlook deteriorating; industry volumes down 9% and two regional competitors filed for Chapter 11 this year. Borrower exposed to the same demand drivers.,8,9,1,Downgrade,industry_headwinds,0,sector / margin / outlook / operating
PD100133,2025-01-12,Construction,Loss of a major account announced; $49M of annual revenue affected beginning next quarter. Concentration risk previously flagged at underwriting.,8,10,2,Downgrade,customer_concentration,13,hedges / rates / market / quarters
PD100134,2024-12-04,Technology,Margin erosion accelerating; operating margin at 5% versus 10% prior year. Competitive discounting in the sector shows no sign of abating.,9,10,1,Downgrade,revenue_decline,0,sector / margin / outlook / operating
PD100135,2024-08-24,Retail,Minimum EBITDA covenant missed by 16%. Compliance certificate delivered late with a qualified calculation. Documentation team reviewing reservation of rights letter.,7,10,3,Downgrade,covenant_breach,9,ebitda / qualified / compliance / missed
PD100136,2024-07-08,Commercial Real Estate,Asset sale proceeds of $105M applied to term debt. Leverage reduced to 2.2x from 4.8x at last review.,7,5,-2,Upgrade,deleveraging,7,refinancing risk / risk elevated / trade / capital
PD100137,2024-10-16,Retail,Asset sale proceeds of $148M applied to term debt. Leverage reduced to 2.4x from 4.9x at last review.,12,11,-1,Upgrade,deleveraging,7,refinancing risk / risk elevated / trade / capital
PD100138,2024-07-02,Oil & Gas,Debt maturity wall approaching; 58% of funded debt comes due within 18 months. Sponsor exploring amend-and-extend but lender appetite is uncertain.,12,13,1,Downgrade,refinancing_risk,20,debt / sponsor / months / 
PD100139,2024-10-07,Manufacturing,Audited financial statements are 150 days past due. Auditor cited unresolved revenue recognition matters; a going concern qualification has not been ruled out.,7,9,2,Downgrade,reporting_delinquency,9,ebitda / qualified / compliance / missed
PD100140,2024-05-09,Wholesale Trade,Audited financial statements are 130 days past due. Auditor cited unresolved revenue recognition matters; a going concern qualification has not been ruled out.,5,6,1,Downgrade,reporting_delinquency,9,ebitda / qualified / compliance / missed
PD100141,2024-10-18,Construction,"Regulatory change effective next year is expected to reduce reimbursement rates by 6%, directly compressing borrower revenue in its core segment.",9,9,0,No Change,industry_headwinds,14,regulatory / rates / revenue / multiyear
PD100142,2024-02-22,Oil & Gas,Liquidity concerns escalating. The borrower missed a scheduled sweep and drew the remaining $17M of revolver availability to fund payroll. Treasury reports minimal headroom.,8,12,4,Downgrade,liquidity_stress,2,headroom / concerns / missed / revolver
PD100143,2024-03-16,Agriculture,Same-store sales fell 8% and foot traffic remains weak. Inventory build of $9M raises markdown risk into next season.,8,10,2,Downgrade,revenue_decline,1,sales / lowered fullyear / fullyear / continues
PD100144,2024-09-11,Retail,Borrower breached the maximum leverage covenant in Q2 2024; reported 6.9x against a 4.4x threshold. Waiver request under negotiation with the bank group.,4,4,0,No Change,covenant_breach,19,covenants / covenant / test / additional
PD100145,2024-08-19,Hospitality,Operational restructuring complete; plant consolidation yields $29M of annualized savings. Order intake trending 23% above prior year.,7,5,-2,Upgrade,performance_improvement,11,customer / concentration / product / order
PD100146,2024-10-31,Agriculture,Largest customer filed for bankruptcy protection; receivable exposure of $17M likely impaired. Trade credit insurance covers only a portion.,3,6,3,Downgrade,customer_concentration,4,exposure / filed / new / approximately
PD100147,2024-04-11,Commercial Real Estate,Voluntary prepayment of $49M made this quarter. FCCR improved to 2.1x and all covenants passed with comfortable headroom.,8,8,0,No Change,deleveraging,10,auditor / inventory / period / counsel
PD100148,2024-06-09,Commercial Real Estate,New tariffs raise landed costs approximately 18% on the borrower's primary import lines. Ability to pass through to customers is unproven.,3,4,1,Downgrade,industry_headwinds,4,exposure / filed / new / approximately
PD100149,2025-04-26,Oil & Gas,Operating cash flow turned negative in Q1 2024. Working capital squeeze evident; payables stretched beyond 60 days and the borrower requested a temporary overadvance.,8,10,2,Downgrade,liquidity_stress,3,capital / operating / days / borrowing
PD100150,2024-10-16,Business Services,Successful refinancing completed; maturities extended to 2029 at improved pricing. Near-term refinancing risk eliminated.,7,5,-2,Upgrade,deleveraging,15,refinancing / committed / market / term
PD100151,2024-09-27,Wholesale Trade,Largest customer filed for bankruptcy protection; receivable exposure of $5M likely impaired. Trade credit insurance covers only a portion.,6,6,0,No Change,customer_concentration,4,exposure / filed / new / approximately
PD100152,2025-03-11,Retail,Cash flow from operations insufficient to cover fixed charges this cycle. FCCR dropped to 0.8x. Sponsor has been approached for an equity injection to shore up liquidity.,7,10,3,Downgrade,liquidity_stress,17,fccr / equity / breach / sponsor
PD100153,2024-09-29,Healthcare,Springing covenant triggered as revolver utilization exceeded 33%. Borrower is now subject to full quarterly covenant testing and failed the first leverage test.,9,12,3,Downgrade,covenant_breach,5,covenant / test / revolver utilization / discrepancies approximately
PD100154,2024-10-22,Construction,Revenue contracted 11% year over year driven by softening demand. Gross margin compressed 234 bps on input cost inflation the borrower could not pass through.,8,9,1,Downgrade,revenue_decline,18,pass / demand / margin / cost
PD100155,2025-02-16,Oil & Gas,Sector outlook deteriorating; industry volumes down 15% and two regional competitors filed for Chapter 11 this year. Borrower exposed to the same demand drivers.,7,10,3,Downgrade,industry_headwinds,0,sector / margin / outlook / operating
PD100156,2025-03-24,Retail,OFAC compliance review identified potential sanctions exposure in an overseas subsidiary. Enhanced monitoring in place pending outside counsel findings.,12,14,2,Downgrade,legal_regulatory,4,exposure / filed / new / approximately
PD100157,2025-03-18,Business Services,OFAC compliance review identified potential sanctions exposure in an overseas subsidiary. Enhanced monitoring in place pending outside counsel findings.,5,5,0,No Change,legal_regulatory,4,exposure / filed / new / approximately
PD100158,2024-04-03,Commercial Real Estate,Significant cash burn observed. Unrestricted cash fell 68% quarter over quarter and the company is deferring capex to preserve liquidity. Monitoring weekly 13-week cash flow forecasts.,8,11,3,Downgrade,liquidity_stress,12,cash / significant / capex / monitoring
PD100159,2024-10-02,Agriculture,"Leverage remains elevated at 7.0x with no clear deleveraging path. PIK toggle exercised on the mezzanine tranche this period, growing the debt stack.",6,6,0,No Change,refinancing_risk,8,period / debt / elevated / leverage
PD100160,2024-10-11,Healthcare,Borrower has fully drawn the revolver with utilization at 90%. Cash position declined to $9M and liquidity runway is under 7 months without additional support.,9,10,1,Downgrade,liquidity_stress,16,position / revolver utilization / revolver / additional
PD100161,2025-05-18,Retail,Ownership dispute among family shareholders is distracting management. Succession plan remains undocumented despite repeated requests at annual review.,9,10,1,Downgrade,management_turnover,6,annual / raised / repeated / concerns
PD100162,2024-04-17,Healthcare,Same-store sales fell 16% and foot traffic remains weak. Inventory build of $31M raises markdown risk into next season.,10,12,2,Downgrade,revenue_decline,1,sales / lowered fullyear / fullyear / continues
PD100163,2025-05-22,Oil & Gas,"Significant management turnover noted: controller, treasurer, and head of operations all departed within two quarters. Institutional knowledge loss is a concern for reporting quality.",9,10,1,Downgrade,management_turnover,6,annual / raised / repeated / concerns
PD100164,2024-02-07,Construction,"New contract wins add $119M of committed multi-year revenue, diversifying the customer base and improving visibility.",3,1,-2,Upgrade,performance_improvement,14,regulatory / rates / revenue / multiyear
PD100165,2025-02-17,Hospitality,CFO resigned abruptly in Q3 2025 with no permanent successor named; interim finance lead has limited sector experience. Second C-suite departure in twelve months.,7,9,2,Downgrade,management_turnover,3,capital / operating / days / borrowing
PD100166,2025-02-27,Manufacturing,Revenue contracted 31% year over year driven by softening demand. Gross margin compressed 595 bps on input cost inflation the borrower could not pass through.,4,6,2,Downgrade,revenue_decline,18,pass / demand / margin / cost
PD100167,2024-02-22,Commercial Real Estate,Operating cash flow turned negative in Q3 2025. Working capital squeeze evident; payables stretched beyond 100 days and the borrower requested a temporary overadvance.,5,8,3,Downgrade,liquidity_stress,3,capital / operating / days / borrowing
PD100168,2024-10-21,Construction,EBITDA declined 32% versus plan on volume weakness and pricing pressure. Cost reduction program announced but savings not yet visible in results.,7,9,2,Downgrade,revenue_decline,21,pricing pressure / pressure / visible results / visible
PD100169,2024-09-02,Business Services,"Interest burden up sharply post rate resets; cash interest coverage at 1.1x. Hedges expired and were not replaced, leaving full floating-rate exposure.",6,7,1,Downgrade,refinancing_risk,13,hedges / rates / market / quarters
PD100170,2024-08-18,Retail,Operating cash flow turned negative in Q3 2024. Working capital squeeze evident; payables stretched beyond 95 days and the borrower requested a temporary overadvance.,6,7,1,Downgrade,liquidity_stress,3,capital / operating / days / borrowing
PD100171,2024-06-06,Construction,Minimum EBITDA covenant missed by 11%. Compliance certificate delivered late with a qualified calculation. Documentation team reviewing reservation of rights letter.,4,6,2,Downgrade,covenant_breach,9,ebitda / qualified / compliance / missed
PD100172,2025-03-01,Construction,EBITDA declined 31% versus plan on volume weakness and pricing pressure. Cost reduction program announced but savings not yet visible in results.,11,13,2,Downgrade,revenue_decline,21,pricing pressure / pressure / visible results / visible
PD100173,2024-05-28,Transportation,Liquidity concerns escalating. The borrower missed a scheduled sweep and drew the remaining $10M of revolver availability to fund payroll. Treasury reports minimal headroom.,8,11,3,Downgrade,liquidity_stress,2,headroom / concerns / missed / revolver
PD100174,2025-02-28,Technology,Operating cash flow turned negative in Q2 2024. Working capital squeeze evident; payables stretched beyond 77 days and the borrower requested a temporary overadvance.,7,9,2,Downgrade,liquidity_stress,3,capital / operating / days / borrowing
PD100175,2024-10-16,Business Services,Contract repricing with the anchor customer cut unit margins 18%. Borrower has limited negotiating leverage given dependence on this relationship.,5,7,2,Downgrade,customer_concentration,19,covenants / covenant / test / additional
PD100176,2025-05-10,Technology,Financial covenants tripped at the Q4 2024 test date. The borrower requested a covenant holiday through year end. Pricing step-up and additional reporting agreed as conditions.,6,6,0,No Change,covenant_breach,19,covenants / covenant / test / additional
PD100177,2025-01-21,Construction,"Auditor issued a qualified opinion related to inventory valuation. Management restated prior period results, reducing retained earnings by $20M.",6,5,-1,Upgrade,reporting_delinquency,10,auditor / inventory / period / counsel
PD100178,2024-09-01,Agriculture,Key customer initiated in-sourcing of the borrower's product line. Customer concentration remains high with top three accounts at 56% of sales.,8,10,2,Downgrade,customer_concentration,11,customer / concentration / product / order
PD100179,2025-02-24,Manufacturing,"Regulatory change effective next year is expected to reduce reimbursement rates by 8%, directly compressing borrower revenue in its core segment.",5,6,1,Downgrade,industry_headwinds,14,regulatory / rates / revenue / multiyear
PD100180,2025-01-25,Transportation,"Significant management turnover noted: controller, treasurer, and head of operations all departed within two quarters. Institutional knowledge loss is a concern for reporting quality.",3,4,1,Downgrade,management_turnover,6,annual / raised / repeated / concerns
PD100181,2025-05-29,Agriculture,Fixed charge coverage covenant violation reported. FCCR of 0.9x versus required 1.10x. This is the second consecutive quarterly breach; amendment discussions ongoing.,7,7,0,No Change,covenant_breach,17,fccr / equity / breach / sponsor
PD100182,2025-03-26,Retail,EBITDA declined 42% versus plan on volume weakness and pricing pressure. Cost reduction program announced but savings not yet visible in results.,6,6,0,No Change,revenue_decline,21,pricing pressure / pressure / visible results / visible
PD100183,2024-05-27,Transportation,Cash flow from operations insufficient to cover fixed charges this cycle. FCCR dropped to 0.9x. Sponsor has been approached for an equity injection to shore up liquidity.,7,7,0,No Change,liquidity_stress,17,fccr / equity / breach / sponsor
PD100184,2024-09-28,Technology,Debt maturity wall approaching; 44% of funded debt comes due within 18 months. Sponsor exploring amend-and-extend but lender appetite is uncertain.,7,10,3,Downgrade,refinancing_risk,20,debt / sponsor / months / 
PD100185,2024-12-02,Wholesale Trade,Cash flow from operations insufficient to cover fixed charges this cycle. FCCR dropped to 0.8x. Sponsor has been approached for an equity injection to shore up liquidity.,12,14,2,Downgrade,liquidity_stress,17,fccr / equity / breach / sponsor
PD100186,2025-05-14,Hospitality,Contract repricing with the anchor customer cut unit margins 22%. Borrower has limited negotiating leverage given dependence on this relationship.,5,6,1,Downgrade,customer_concentration,18,pass / demand / margin / cost
PD100187,2024-10-21,Commercial Real Estate,Revenue contracted 29% year over year driven by softening demand. Gross margin compressed 185 bps on input cost inflation the borrower could not pass through.,10,10,0,No Change,revenue_decline,18,pass / demand / margin / cost
PD100188,2024-04-12,Construction,Audited financial statements are 115 days past due. Auditor cited unresolved revenue recognition matters; a going concern qualification has not been ruled out.,4,6,2,Downgrade,reporting_delinquency,10,auditor / inventory / period / counsel
PD100189,2024-02-27,Oil & Gas,Operating cash flow turned negative in Q3 2024. Working capital squeeze evident; payables stretched beyond 62 days and the borrower requested a temporary overadvance.,6,8,2,Downgrade,liquidity_stress,3,capital / operating / days / borrowing
PD100190,2025-02-25,Agriculture,Financial covenants tripped at the Q3 2025 test date. The borrower requested a covenant holiday through year end. Pricing step-up and additional reporting agreed as conditions.,6,7,1,Downgrade,covenant_breach,19,covenants / covenant / test / additional
PD100191,2025-01-26,Agriculture,Fixed charge coverage covenant violation reported. FCCR of 0.8x versus required 1.10x. This is the second consecutive quarterly breach; amendment discussions ongoing.,1,1,0,No Change,covenant_breach,17,fccr / equity / breach / sponsor
PD100192,2024-09-17,Construction,Asset sale proceeds of $152M applied to term debt. Leverage reduced to 3.4x from 4.2x at last review.,6,3,-3,Upgrade,deleveraging,7,refinancing risk / risk elevated / trade / capital
PD100193,2025-04-21,Oil & Gas,"Sponsor injected $100M of fresh equity, curing the covenant breach and funding the growth capex program. Liquidity restored to $31M.",8,6,-2,Upgrade,deleveraging,17,fccr / equity / breach / sponsor
PD100194,2024-12-19,Agriculture,Springing covenant triggered as revolver utilization exceeded 32%. Borrower is now subject to full quarterly covenant testing and failed the first leverage test.,8,8,0,No Change,covenant_breach,5,covenant / test / revolver utilization / discrepancies approximately
PD100195,2025-03-10,Business Services,Borrower returned to profitability after two loss-making years. Cash conversion improved and the revolver is now undrawn.,11,11,0,No Change,performance_improvement,16,position / revolver utilization / revolver / additional
PD100196,2024-07-22,Transportation,EBITDA declined 29% versus plan on volume weakness and pricing pressure. Cost reduction program announced but savings not yet visible in results.,6,8,2,Downgrade,revenue_decline,1,sales / lowered fullyear / fullyear / continues
PD100197,2025-01-02,Agriculture,Same-store sales fell 8% and foot traffic remains weak. Inventory build of $20M raises markdown risk into next season.,8,7,-1,Upgrade,revenue_decline,1,sales / lowered fullyear / fullyear / continues
PD100198,2025-02-09,Oil & Gas,Financial covenants tripped at the Q3 2024 test date. The borrower requested a covenant holiday through year end. Pricing step-up and additional reporting agreed as conditions.,8,9,1,Downgrade,covenant_breach,19,covenants / covenant / test / additional
PD100199,2024-02-20,Agriculture,Revenue contracted 28% year over year driven by softening demand. Gross margin compressed 592 bps on input cost inflation the borrower could not pass through.,4,6,2,Downgrade,revenue_decline,18,pass / demand / margin / cost
PD100200,2024-08-23,Agriculture,"Regulatory change effective next year is expected to reduce reimbursement rates by 9%, directly compressing borrower revenue in its core segment.",6,7,1,Downgrade,industry_headwinds,14,regulatory / rates / revenue / multiyear
PD100201,2024-09-13,Wholesale Trade,EBITDA declined 22% versus plan on volume weakness and pricing pressure. Cost reduction program announced but savings not yet visible in results.,6,8,2,Downgrade,revenue_decline,21,pricing pressure / pressure / visible results / visible
PD100202,2024-02-10,Oil & Gas,Debt maturity wall approaching; 80% of funded debt comes due within 18 months. Sponsor exploring amend-and-extend but lender appetite is uncertain.,8,8,0,No Change,refinancing_risk,20,debt / sponsor / months / 
PD100203,2024-05-14,Retail,"Regulatory change effective next year is expected to reduce reimbursement rates by 5%, directly compressing borrower revenue in its core segment.",3,3,0,No Change,industry_headwinds,14,regulatory / rates / revenue / multiyear
PD100204,2025-03-01,Healthcare,Borrower returned to profitability after two loss-making years. Cash conversion improved and the revolver is now undrawn.,8,6,-2,Upgrade,performance_improvement,16,position / revolver utilization / revolver / additional
PD100205,2024-06-17,Oil & Gas,Strong Q2 2025 results with revenue growth of 24% and record backlog of $296M. Guidance raised for the full year.,8,8,0,No Change,performance_improvement,0,sector / margin / outlook / operating
PD100206,2024-12-12,Retail,"Adverse arbitration ruling requires payment of $23M within 90 days, straining liquidity. Appeal under consideration but counsel views prospects as limited.",8,9,1,Downgrade,legal_regulatory,10,auditor / inventory / period / counsel
PD100207,2024-08-19,Wholesale Trade,Minimum EBITDA covenant missed by 10%. Compliance certificate delivered late with a qualified calculation. Documentation team reviewing reservation of rights letter.,6,8,2,Downgrade,covenant_breach,9,ebitda / qualified / compliance / missed
PD100208,2025-02-08,Manufacturing,Largest customer filed for bankruptcy protection; receivable exposure of $20M likely impaired. Trade credit insurance covers only a portion.,8,11,3,Downgrade,customer_concentration,4,exposure / filed / new / approximately
PD100209,2025-01-12,Wholesale Trade,EBITDA declined 32% versus plan on volume weakness and pricing pressure. Cost reduction program announced but savings not yet visible in results.,6,8,2,Downgrade,revenue_decline,21,pricing pressure / pressure / visible results / visible
PD100210,2025-01-15,Retail,Key customer initiated in-sourcing of the borrower's product line. Customer concentration remains high with top three accounts at 68% of sales.,3,4,1,Downgrade,customer_concentration,11,customer / concentration / product / order
PD100211,2024-12-01,Agriculture,New tariffs raise landed costs approximately 25% on the borrower's primary import lines. Ability to pass through to customers is unproven.,9,9,0,No Change,industry_headwinds,4,exposure / filed / new / approximately
PD100212,2025-04-20,Business Services,New tariffs raise landed costs approximately 12% on the borrower's primary import lines. Ability to pass through to customers is unproven.,8,9,1,Downgrade,industry_headwinds,4,exposure / filed / new / approximately
PD100213,2024-05-23,Manufacturing,EBITDA declined 35% versus plan on volume weakness and pricing pressure. Cost reduction program announced but savings not yet visible in results.,9,11,2,Downgrade,revenue_decline,21,pricing pressure / pressure / visible results / visible
PD100214,2024-04-28,Retail,Audited financial statements are 98 days past due. Auditor cited unresolved revenue recognition matters; a going concern qualification has not been ruled out.,4,6,2,Downgrade,reporting_delinquency,9,ebitda / qualified / compliance / missed
PD100215,2025-03-05,Agriculture,Operating cash flow turned negative in Q2 2025. Working capital squeeze evident; payables stretched beyond 89 days and the borrower requested a temporary overadvance.,8,11,3,Downgrade,liquidity_stress,3,capital / operating / days / borrowing
PD100216,2025-05-16,Agriculture,New tariffs raise landed costs approximately 23% on the borrower's primary import lines. Ability to pass through to customers is unproven.,7,9,2,Downgrade,industry_headwinds,4,exposure / filed / new / approximately
PD100217,2025-01-14,Commercial Real Estate,Minimum EBITDA covenant missed by 16%. Compliance certificate delivered late with a qualified calculation. Documentation team reviewing reservation of rights letter.,5,5,0,No Change,covenant_breach,9,ebitda / qualified / compliance / missed
PD100218,2025-01-06,Retail,Largest customer filed for bankruptcy protection; receivable exposure of $17M likely impaired. Trade credit insurance covers only a portion.,7,8,1,Downgrade,customer_concentration,4,exposure / filed / new / approximately
PD100219,2025-01-02,Manufacturing,Key customer initiated in-sourcing of the borrower's product line. Customer concentration remains high with top three accounts at 67% of sales.,6,8,2,Downgrade,customer_concentration,11,customer / concentration / product / order
PD100220,2024-05-05,Construction,"Adverse arbitration ruling requires payment of $22M within 90 days, straining liquidity. Appeal under consideration but counsel views prospects as limited.",6,7,1,Downgrade,legal_regulatory,10,auditor / inventory / period / counsel
PD100221,2024-01-22,Manufacturing,Top customer representing 46% of revenue did not renew its contract at term. Replacement pipeline covers less than half of the lost volume.,6,7,1,Downgrade,customer_concentration,1,sales / lowered fullyear / fullyear / continues
PD100222,2024-07-29,Retail,"Refinancing risk elevated. The borrower's bonds trade at 62 cents on the dollar, signaling constrained capital markets access.",9,12,3,Downgrade,refinancing_risk,7,refinancing risk / risk elevated / trade / capital
PD100223,2024-08-26,Technology,"Leverage remains elevated at 6.0x with no clear deleveraging path. PIK toggle exercised on the mezzanine tranche this period, growing the debt stack.",3,5,2,Downgrade,refinancing_risk,8,period / debt / elevated / leverage
PD100224,2024-05-28,Healthcare,Topline deterioration continues for a third consecutive quarter. Sales down 8% and order backlog thinning. Management lowered full-year guidance materially.,3,6,3,Downgrade,revenue_decline,1,sales / lowered fullyear / fullyear / continues
PD100225,2024-01-27,Healthcare,Prolonged softness in the freight market; spot rates below breakeven for 5 consecutive quarters. Fleet utilization at 65%.,7,7,0,No Change,industry_headwinds,13,hedges / rates / market / quarters
PD100226,2024-08-31,Agriculture,Audited financial statements are 105 days past due. Auditor cited unresolved revenue recognition matters; a going concern qualification has not been ruled out.,7,9,2,Downgrade,reporting_delinquency,9,ebitda / qualified / compliance / missed
PD100227,2024-02-23,Healthcare,"Refinancing risk elevated. The borrower's bonds trade at 55 cents on the dollar, signaling constrained capital markets access.",7,9,2,Downgrade,refinancing_risk,7,refinancing risk / risk elevated / trade / capital
PD100228,2024-03-06,Construction,Minimum EBITDA covenant missed by 24%. Compliance certificate delivered late with a qualified calculation. Documentation team reviewing reservation of rights letter.,11,11,0,No Change,covenant_breach,9,ebitda / qualified / compliance / missed
PD100229,2025-06-09,Agriculture,Governance concerns raised after the audit committee chair stepped down. Board composition now lacks independent financial expertise.,7,8,1,Downgrade,management_turnover,6,annual / raised / repeated / concerns
PD100230,2024-02-14,Business Services,Turnaround gaining traction: EBITDA up 43% year over year and margins recovered to 12%. Cost actions delivered ahead of plan.,5,3,-2,Upgrade,performance_improvement,9,ebitda / qualified / compliance / missed
PD100231,2024-02-01,Manufacturing,Debt paydown ahead of schedule; net leverage now 2.2x. Rating outlook revised to stable given strengthened balance sheet.,13,12,-1,Upgrade,deleveraging,8,period / debt / elevated / leverage
PD100232,2025-03-12,Wholesale Trade,Governance concerns raised after the audit committee chair stepped down. Board composition now lacks independent financial expertise.,7,8,1,Downgrade,management_turnover,6,annual / raised / repeated / concerns
PD100233,2025-03-30,Retail,Top customer representing 40% of revenue did not renew its contract at term. Replacement pipeline covers less than half of the lost volume.,9,8,-1,Upgrade,customer_concentration,1,sales / lowered fullyear / fullyear / continues
PD100234,2024-10-08,Agriculture,Turnaround gaining traction: EBITDA up 35% year over year and margins recovered to 11%. Cost actions delivered ahead of plan.,4,4,0,No Change,performance_improvement,9,ebitda / qualified / compliance / missed
PD100235,2024-10-28,Construction,"Leverage remains elevated at 6.9x with no clear deleveraging path. PIK toggle exercised on the mezzanine tranche this period, growing the debt stack.",4,6,2,Downgrade,refinancing_risk,8,period / debt / elevated / leverage
PD100236,2024-04-11,Business Services,Ownership dispute among family shareholders is distracting management. Succession plan remains undocumented despite repeated requests at annual review.,6,7,1,Downgrade,management_turnover,6,annual / raised / repeated / concerns
PD100237,2024-08-08,Transportation,Sector outlook deteriorating; industry volumes down 18% and two regional competitors filed for Chapter 11 this year. Borrower exposed to the same demand drivers.,9,10,1,Downgrade,industry_headwinds,0,sector / margin / outlook / operating
PD100238,2025-04-09,Transportation,Same-store sales fell 12% and foot traffic remains weak. Inventory build of $31M raises markdown risk into next season.,11,14,3,Downgrade,revenue_decline,1,sales / lowered fullyear / fullyear / continues
PD100239,2024-11-16,Wholesale Trade,Liquidity concerns escalating. The borrower missed a scheduled sweep and drew the remaining $6M of revolver availability to fund payroll. Treasury reports minimal headroom.,5,8,3,Downgrade,liquidity_stress,2,headroom / concerns / missed / revolver
PD100240,2025-04-30,Retail,"Sponsor injected $62M of fresh equity, curing the covenant breach and funding the growth capex program. Liquidity restored to $49M.",6,3,-3,Upgrade,deleveraging,17,fccr / equity / breach / sponsor
PD100241,2025-01-16,Healthcare,Borrower has fully drawn the revolver with utilization at 87%. Cash position declined to $3M and liquidity runway is under 6 months without additional support.,7,7,0,No Change,liquidity_stress,16,position / revolver utilization / revolver / additional
PD100242,2025-02-24,Technology,Material weakness in internal controls disclosed. Segregation of duties issues in the treasury function; remediation plan requested by Q1 2025.,7,8,1,Downgrade,reporting_delinquency,2,headroom / concerns / missed / revolver
PD100243,2024-11-15,Technology,Minimum EBITDA covenant missed by 9%. Compliance certificate delivered late with a qualified calculation. Documentation team reviewing reservation of rights letter.,7,9,2,Downgrade,covenant_breach,9,ebitda / qualified / compliance / missed
PD100244,2025-01-11,Retail,Borrower breached the maximum leverage covenant in Q2 2024; reported 6.5x against a 3.7x threshold. Waiver request under negotiation with the bank group.,7,7,0,No Change,covenant_breach,19,covenants / covenant / test / additional
PD100245,2025-03-15,Hospitality,"Auditor issued a qualified opinion related to inventory valuation. Management restated prior period results, reducing retained earnings by $21M.",10,9,-1,Upgrade,reporting_delinquency,10,auditor / inventory / period / counsel
PD100246,2024-01-27,Agriculture,Ownership dispute among family shareholders is distracting management. Succession plan remains undocumented despite repeated requests at annual review.,10,9,-1,Upgrade,management_turnover,6,annual / raised / repeated / concerns
PD100247,2024-11-12,Technology,Financial covenants tripped at the Q1 2024 test date. The borrower requested a covenant holiday through year end. Pricing step-up and additional reporting agreed as conditions.,8,10,2,Downgrade,covenant_breach,19,covenants / covenant / test / additional
PD100248,2024-05-26,Agriculture,Borrower returned to profitability after two loss-making years. Cash conversion improved and the revolver is now undrawn.,4,4,0,No Change,performance_improvement,16,position / revolver utilization / revolver / additional
PD100249,2024-02-01,Retail,"Interest burden up sharply post rate resets; cash interest coverage at 1.0x. Hedges expired and were not replaced, leaving full floating-rate exposure.",6,8,2,Downgrade,refinancing_risk,13,hedges / rates / market / quarters
PD100250,2025-04-09,Technology,Springing covenant triggered as revolver utilization exceeded 33%. Borrower is now subject to full quarterly covenant testing and failed the first leverage test.,9,12,3,Downgrade,covenant_breach,5,covenant / test / revolver utilization / discrepancies approximately
PD100251,2024-03-27,Manufacturing,Operating cash flow turned negative in Q3 2025. Working capital squeeze evident; payables stretched beyond 106 days and the borrower requested a temporary overadvance.,5,7,2,Downgrade,liquidity_stress,3,capital / operating / days / borrowing
PD100252,2024-02-20,Wholesale Trade,Debt maturity wall approaching; 50% of funded debt comes due within 18 months. Sponsor exploring amend-and-extend but lender appetite is uncertain.,6,8,2,Downgrade,refinancing_risk,20,debt / sponsor / months / 
PD100253,2025-03-28,Transportation,Term loan of $189M matures in 13 months with no committed refinancing. Current leverage of 6.7x makes a market refinance challenging.,6,8,2,Downgrade,refinancing_risk,15,refinancing / committed / market / term
PD100254,2024-04-23,Oil & Gas,Financial covenants tripped at the Q2 2024 test date. The borrower requested a covenant holiday through year end. Pricing step-up and additional reporting agreed as conditions.,9,11,2,Downgrade,covenant_breach,19,covenants / covenant / test / additional
PD100255,2024-11-11,Manufacturing,OFAC compliance review identified potential sanctions exposure in an overseas subsidiary. Enhanced monitoring in place pending outside counsel findings.,11,11,0,No Change,legal_regulatory,4,exposure / filed / new / approximately
PD100256,2024-01-08,Commercial Real Estate,Fixed charge coverage covenant violation reported. FCCR of 0.8x versus required 1.10x. This is the second consecutive quarterly breach; amendment discussions ongoing.,8,10,2,Downgrade,covenant_breach,17,fccr / equity / breach / sponsor
PD100257,2024-09-18,Oil & Gas,Significant cash burn observed. Unrestricted cash fell 43% quarter over quarter and the company is deferring capex to preserve liquidity. Monitoring weekly 13-week cash flow forecasts.,3,7,4,Downgrade,liquidity_stress,12,cash / significant / capex / monitoring
PD100258,2025-05-24,Business Services,Borrower returned to profitability after two loss-making years. Cash conversion improved and the revolver is now undrawn.,6,6,0,No Change,performance_improvement,16,position / revolver utilization / revolver / additional
PD100259,2024-08-23,Hospitality,Minimum EBITDA covenant missed by 13%. Compliance certificate delivered late with a qualified calculation. Documentation team reviewing reservation of rights letter.,10,10,0,No Change,covenant_breach,9,ebitda / qualified / compliance / missed
PD100260,2024-03-14,Transportation,Springing covenant triggered as revolver utilization exceeded 40%. Borrower is now subject to full quarterly covenant testing and failed the first leverage test.,4,8,4,Downgrade,covenant_breach,5,covenant / test / revolver utilization / discrepancies approximately
PD100261,2024-03-20,Technology,Audited financial statements are 115 days past due. Auditor cited unresolved revenue recognition matters; a going concern qualification has not been ruled out.,3,3,0,No Change,reporting_delinquency,10,auditor / inventory / period / counsel
PD100262,2025-03-03,Oil & Gas,Operational restructuring complete; plant consolidation yields $18M of annualized savings. Order intake trending 28% above prior year.,6,5,-1,Upgrade,performance_improvement,11,customer / concentration / product / order
PD100263,2024-11-28,Healthcare,Class action lawsuit filed alleging product defects; potential exposure estimated at $113M. Insurance coverage position remains unclear.,9,9,0,No Change,legal_regulatory,4,exposure / filed / new / approximately
PD100264,2025-01-05,Retail,Contract repricing with the anchor customer cut unit margins 24%. Borrower has limited negotiating leverage given dependence on this relationship.,6,7,1,Downgrade,customer_concentration,19,covenants / covenant / test / additional
PD100265,2025-02-14,Hospitality,Minimum EBITDA covenant missed by 11%. Compliance certificate delivered late with a qualified calculation. Documentation team reviewing reservation of rights letter.,12,14,2,Downgrade,covenant_breach,9,ebitda / qualified / compliance / missed
PD100266,2024-03-19,Hospitality,Borrower breached the maximum leverage covenant in Q4 2025; reported 6.7x against a 3.7x threshold. Waiver request under negotiation with the bank group.,7,9,2,Downgrade,covenant_breach,19,covenants / covenant / test / additional
PD100267,2024-12-23,Technology,Successful refinancing completed; maturities extended to 2031 at improved pricing. Near-term refinancing risk eliminated.,4,2,-2,Upgrade,deleveraging,15,refinancing / committed / market / term
PD100268,2024-09-19,Commercial Real Estate,Topline deterioration continues for a third consecutive quarter. Sales down 15% and order backlog thinning. Management lowered full-year guidance materially.,7,7,0,No Change,revenue_decline,1,sales / lowered fullyear / fullyear / continues
PD100269,2024-03-18,Healthcare,Topline deterioration continues for a third consecutive quarter. Sales down 12% and order backlog thinning. Management lowered full-year guidance materially.,11,13,2,Downgrade,revenue_decline,1,sales / lowered fullyear / fullyear / continues
PD100270,2025-04-04,Wholesale Trade,"Adverse arbitration ruling requires payment of $34M within 90 days, straining liquidity. Appeal under consideration but counsel views prospects as limited.",8,10,2,Downgrade,legal_regulatory,10,auditor / inventory / period / counsel
PD100271,2024-03-10,Construction,Material weakness in internal controls disclosed. Segregation of duties issues in the treasury function; remediation plan requested by Q3 2025.,5,7,2,Downgrade,reporting_delinquency,2,headroom / concerns / missed / revolver
PD100272,2024-10-08,Agriculture,"New contract wins add $95M of committed multi-year revenue, diversifying the customer base and improving visibility.",3,1,-2,Upgrade,performance_improvement,14,regulatory / rates / revenue / multiyear
PD100273,2024-11-13,Construction,Sector outlook deteriorating; industry volumes down 13% and two regional competitors filed for Chapter 11 this year. Borrower exposed to the same demand drivers.,6,7,1,Downgrade,industry_headwinds,0,sector / margin / outlook / operating
PD100274,2025-01-12,Oil & Gas,Repeated delays in delivering compliance certificates and monthly borrowing base certificates. Finance function appears under-resourced following staff departures.,6,6,0,No Change,reporting_delinquency,3,capital / operating / days / borrowing
PD100275,2024-04-02,Agriculture,Revenue contracted 30% year over year driven by softening demand. Gross margin compressed 592 bps on input cost inflation the borrower could not pass through.,10,11,1,Downgrade,revenue_decline,18,pass / demand / margin / cost
PD100276,2024-02-12,Construction,Margin erosion accelerating; operating margin at 5% versus 11% prior year. Competitive discounting in the sector shows no sign of abating.,5,9,4,Downgrade,revenue_decline,0,sector / margin / outlook / operating
PD100277,2025-05-02,Hospitality,"Leverage remains elevated at 7.1x with no clear deleveraging path. PIK toggle exercised on the mezzanine tranche this period, growing the debt stack.",7,9,2,Downgrade,refinancing_risk,8,period / debt / elevated / leverage
PD100278,2024-12-17,Business Services,Fixed charge coverage covenant violation reported. FCCR of 1.0x versus required 1.10x. This is the second consecutive quarterly breach; amendment discussions ongoing.,6,8,2,Downgrade,covenant_breach,17,fccr / equity / breach / sponsor
PD100279,2024-02-10,Commercial Real Estate,Sector outlook deteriorating; industry volumes down 16% and two regional competitors filed for Chapter 11 this year. Borrower exposed to the same demand drivers.,3,5,2,Downgrade,industry_headwinds,0,sector / margin / outlook / operating
PD100280,2024-06-11,Technology,Largest customer filed for bankruptcy protection; receivable exposure of $17M likely impaired. Trade credit insurance covers only a portion.,7,10,3,Downgrade,customer_concentration,4,exposure / filed / new / approximately
PD100281,2024-12-12,Wholesale Trade,"Refinancing risk elevated. The borrower's bonds trade at 64 cents on the dollar, signaling constrained capital markets access.",4,5,1,Downgrade,refinancing_risk,7,refinancing risk / risk elevated / trade / capital
PD100282,2024-12-08,Retail,Contract repricing with the anchor customer cut unit margins 11%. Borrower has limited negotiating leverage given dependence on this relationship.,8,10,2,Downgrade,customer_concentration,18,pass / demand / margin / cost
PD100283,2025-01-30,Oil & Gas,EBITDA declined 18% versus plan on volume weakness and pricing pressure. Cost reduction program announced but savings not yet visible in results.,3,6,3,Downgrade,revenue_decline,21,pricing pressure / pressure / visible results / visible
PD100284,2024-12-07,Retail,Significant cash burn observed. Unrestricted cash fell 68% quarter over quarter and the company is deferring capex to preserve liquidity. Monitoring weekly 13-week cash flow forecasts.,7,10,3,Downgrade,liquidity_stress,12,cash / significant / capex / monitoring
PD100285,2024-12-24,Oil & Gas,Springing covenant triggered as revolver utilization exceeded 40%. Borrower is now subject to full quarterly covenant testing and failed the first leverage test.,9,11,2,Downgrade,covenant_breach,5,covenant / test / revolver utilization / discrepancies approximately
PD100286,2024-03-27,Oil & Gas,"Interest burden up sharply post rate resets; cash interest coverage at 1.1x. Hedges expired and were not replaced, leaving full floating-rate exposure.",8,11,3,Downgrade,refinancing_risk,13,hedges / rates / market / quarters
PD100287,2024-05-10,Wholesale Trade,"Leverage remains elevated at 6.4x with no clear deleveraging path. PIK toggle exercised on the mezzanine tranche this period, growing the debt stack.",6,8,2,Downgrade,refinancing_risk,8,period / debt / elevated / leverage
PD100288,2025-06-04,Technology,Prolonged softness in the freight market; spot rates below breakeven for 3 consecutive quarters. Fleet utilization at 80%.,8,9,1,Downgrade,industry_headwinds,13,hedges / rates / market / quarters
PD100289,2025-05-12,Commercial Real Estate,Borrower breached the maximum leverage covenant in Q3 2025; reported 5.0x against a 3.7x threshold. Waiver request under negotiation with the bank group.,9,11,2,Downgrade,covenant_breach,19,covenants / covenant / test / additional
PD100290,2024-04-13,Hospitality,Operating cash flow turned negative in Q2 2024. Working capital squeeze evident; payables stretched beyond 64 days and the borrower requested a temporary overadvance.,5,8,3,Downgrade,liquidity_stress,3,capital / operating / days / borrowing
PD100291,2024-12-10,Agriculture,Operational restructuring complete; plant consolidation yields $28M of annualized savings. Order intake trending 26% above prior year.,9,9,0,No Change,performance_improvement,11,customer / concentration / product / order
PD100292,2024-07-04,Business Services,Regulatory investigation opened into billing practices. Legal reserves increased by $29M this quarter; reputational impact on new bookings possible.,9,10,1,Downgrade,legal_regulatory,10,auditor / inventory / period / counsel
PD100293,2025-03-24,Manufacturing,Cash flow from operations insufficient to cover fixed charges this cycle. FCCR dropped to 0.9x. Sponsor has been approached for an equity injection to shore up liquidity.,4,7,3,Downgrade,liquidity_stress,17,fccr / equity / breach / sponsor
PD100294,2024-08-31,Construction,Liquidity concerns escalating. The borrower missed a scheduled sweep and drew the remaining $14M of revolver availability to fund payroll. Treasury reports minimal headroom.,7,9,2,Downgrade,liquidity_stress,2,headroom / concerns / missed / revolver
PD100295,2025-04-04,Commercial Real Estate,Margin erosion accelerating; operating margin at 3% versus 14% prior year. Competitive discounting in the sector shows no sign of abating.,6,8,2,Downgrade,revenue_decline,0,sector / margin / outlook / operating
PD100296,2025-04-25,Commercial Real Estate,Margin erosion accelerating; operating margin at 2% versus 10% prior year. Competitive discounting in the sector shows no sign of abating.,10,12,2,Downgrade,revenue_decline,0,sector / margin / outlook / operating
PD100297,2025-03-27,Construction,EBITDA declined 36% versus plan on volume weakness and pricing pressure. Cost reduction program announced but savings not yet visible in results.,9,11,2,Downgrade,revenue_decline,21,pricing pressure / pressure / visible results / visible
PD100298,2025-03-04,Healthcare,"Auditor issued a qualified opinion related to inventory valuation. Management restated prior period results, reducing retained earnings by $15M.",7,9,2,Downgrade,reporting_delinquency,10,auditor / inventory / period / counsel
PD100299,2024-04-15,Business Services,Strong Q2 2025 results with revenue growth of 9% and record backlog of $286M. Guidance raised for the full year.,10,8,-2,Upgrade,performance_improvement,0,sector / margin / outlook / operating
PD100300,2024-10-18,Retail,Ownership dispute among family shareholders is distracting management. Succession plan remains undocumented despite repeated requests at annual review.,12,13,1,Downgrade,management_turnover,6,annual / raised / repeated / concerns
PD100301,2025-06-09,Healthcare,Regulatory investigation opened into billing practices. Legal reserves increased by $22M this quarter; reputational impact on new bookings possible.,3,3,0,No Change,legal_regulatory,10,auditor / inventory / period / counsel
PD100302,2025-04-06,Technology,"Interest burden up sharply post rate resets; cash interest coverage at 1.1x. Hedges expired and were not replaced, leaving full floating-rate exposure.",6,8,2,Downgrade,refinancing_risk,13,hedges / rates / market / quarters
PD100303,2025-01-17,Commercial Real Estate,Revenue contracted 23% year over year driven by softening demand. Gross margin compressed 177 bps on input cost inflation the borrower could not pass through.,5,6,1,Downgrade,revenue_decline,18,pass / demand / margin / cost
PD100304,2024-01-29,Technology,Minimum EBITDA covenant missed by 10%. Compliance certificate delivered late with a qualified calculation. Documentation team reviewing reservation of rights letter.,7,9,2,Downgrade,covenant_breach,9,ebitda / qualified / compliance / missed
PD100305,2024-05-29,Healthcare,Revenue contracted 32% year over year driven by softening demand. Gross margin compressed 482 bps on input cost inflation the borrower could not pass through.,5,7,2,Downgrade,revenue_decline,18,pass / demand / margin / cost
PD100306,2024-05-22,Business Services,Turnaround gaining traction: EBITDA up 33% year over year and margins recovered to 16%. Cost actions delivered ahead of plan.,9,7,-2,Upgrade,performance_improvement,9,ebitda / qualified / compliance / missed
PD100307,2024-03-22,Manufacturing,"New contract wins add $72M of committed multi-year revenue, diversifying the customer base and improving visibility.",12,10,-2,Upgrade,performance_improvement,14,regulatory / rates / revenue / multiyear
PD100308,2025-06-24,Transportation,Financial covenants tripped at the Q2 2024 test date. The borrower requested a covenant holiday through year end. Pricing step-up and additional reporting agreed as conditions.,7,9,2,Downgrade,covenant_breach,19,covenants / covenant / test / additional
PD100309,2024-11-04,Retail,Audited financial statements are 159 days past due. Auditor cited unresolved revenue recognition matters; a going concern qualification has not been ruled out.,4,5,1,Downgrade,reporting_delinquency,9,ebitda / qualified / compliance / missed
PD100310,2025-05-26,Agriculture,Borrower breached the maximum leverage covenant in Q2 2025; reported 6.4x against a 4.1x threshold. Waiver request under negotiation with the bank group.,6,6,0,No Change,covenant_breach,19,covenants / covenant / test / additional
PD100311,2024-09-04,Business Services,Contract repricing with the anchor customer cut unit margins 10%. Borrower has limited negotiating leverage given dependence on this relationship.,6,7,1,Downgrade,customer_concentration,19,covenants / covenant / test / additional
PD100312,2025-03-02,Healthcare,Asset sale proceeds of $99M applied to term debt. Leverage reduced to 2.6x from 4.9x at last review.,10,8,-2,Upgrade,deleveraging,7,refinancing risk / risk elevated / trade / capital
PD100313,2025-06-03,Hospitality,Term loan of $318M matures in 11 months with no committed refinancing. Current leverage of 5.2x makes a market refinance challenging.,8,9,1,Downgrade,refinancing_risk,15,refinancing / committed / market / term
PD100314,2025-04-26,Manufacturing,Springing covenant triggered as revolver utilization exceeded 30%. Borrower is now subject to full quarterly covenant testing and failed the first leverage test.,7,8,1,Downgrade,covenant_breach,5,covenant / test / revolver utilization / discrepancies approximately
PD100315,2024-09-16,Business Services,Repeated delays in delivering compliance certificates and monthly borrowing base certificates. Finance function appears under-resourced following staff departures.,5,7,2,Downgrade,reporting_delinquency,3,capital / operating / days / borrowing
PD100316,2024-12-19,Commercial Real Estate,Class action lawsuit filed alleging product defects; potential exposure estimated at $101M. Insurance coverage position remains unclear.,6,7,1,Downgrade,legal_regulatory,4,exposure / filed / new / approximately
PD100317,2024-12-12,Wholesale Trade,Turnaround gaining traction: EBITDA up 36% year over year and margins recovered to 11%. Cost actions delivered ahead of plan.,8,8,0,No Change,performance_improvement,9,ebitda / qualified / compliance / missed
PD100318,2025-05-05,Wholesale Trade,Borrower delinquent on quarterly reporting for the second time this year. Field exam identified borrowing base discrepancies of approximately $12M.,7,8,1,Downgrade,reporting_delinquency,5,covenant / test / revolver utilization / discrepancies approximately
PD100319,2025-04-13,Manufacturing,Topline deterioration continues for a third consecutive quarter. Sales down 12% and order backlog thinning. Management lowered full-year guidance materially.,9,9,0,No Change,revenue_decline,1,sales / lowered fullyear / fullyear / continues
PD100320,2024-07-23,Manufacturing,Commodity price downturn pressuring the entire sub-sector. Rig counts and shipment volumes at multi-year lows; borrower hedges roll off in 2 quarters.,6,6,0,No Change,industry_headwinds,0,sector / margin / outlook / operating
PD100321,2025-04-29,Oil & Gas,EPA notice of violation received relating to the primary facility. Remediation cost estimates range up to $27M; operations could face interruption.,1,2,1,Downgrade,legal_regulatory,4,exposure / filed / new / approximately
PD100322,2024-10-19,Technology,Audited financial statements are 156 days past due. Auditor cited unresolved revenue recognition matters; a going concern qualification has not been ruled out.,6,8,2,Downgrade,reporting_delinquency,9,ebitda / qualified / compliance / missed
PD100323,2025-03-23,Transportation,Term loan of $385M matures in 11 months with no committed refinancing. Current leverage of 5.7x makes a market refinance challenging.,3,5,2,Downgrade,refinancing_risk,15,refinancing / committed / market / term
PD100324,2024-07-10,Construction,"Adverse arbitration ruling requires payment of $29M within 90 days, straining liquidity. Appeal under consideration but counsel views prospects as limited.",8,10,2,Downgrade,legal_regulatory,10,auditor / inventory / period / counsel
PD100325,2025-06-15,Oil & Gas,"Adverse arbitration ruling requires payment of $28M within 90 days, straining liquidity. Appeal under consideration but counsel views prospects as limited.",8,10,2,Downgrade,legal_regulatory,10,auditor / inventory / period / counsel
PD100326,2024-07-03,Hospitality,Class action lawsuit filed alleging product defects; potential exposure estimated at $118M. Insurance coverage position remains unclear.,9,9,0,No Change,legal_regulatory,4,exposure / filed / new / approximately
PD100327,2024-12-01,Wholesale Trade,"Auditor issued a qualified opinion related to inventory valuation. Management restated prior period results, reducing retained earnings by $13M.",6,6,0,No Change,reporting_delinquency,10,auditor / inventory / period / counsel
PD100328,2025-03-12,Healthcare,Borrower returned to profitability after two loss-making years. Cash conversion improved and the revolver is now undrawn.,7,6,-1,Upgrade,performance_improvement,16,position / revolver utilization / revolver / additional
PD100329,2024-12-27,Agriculture,Same-store sales fell 16% and foot traffic remains weak. Inventory build of $33M raises markdown risk into next season.,5,5,0,No Change,revenue_decline,1,sales / lowered fullyear / fullyear / continues
PD100330,2024-02-28,Retail,Largest customer filed for bankruptcy protection; receivable exposure of $11M likely impaired. Trade credit insurance covers only a portion.,7,10,3,Downgrade,customer_concentration,4,exposure / filed / new / approximately
PD100331,2024-06-12,Manufacturing,Liquidity concerns escalating. The borrower missed a scheduled sweep and drew the remaining $14M of revolver availability to fund payroll. Treasury reports minimal headroom.,9,10,1,Downgrade,liquidity_stress,2,headroom / concerns / missed / revolver
PD100332,2024-08-29,Wholesale Trade,Asset sale proceeds of $180M applied to term debt. Leverage reduced to 3.0x from 4.7x at last review.,4,3,-1,Upgrade,deleveraging,7,refinancing risk / risk elevated / trade / capital
PD100333,2024-02-03,Agriculture,"Refinancing risk elevated. The borrower's bonds trade at 66 cents on the dollar, signaling constrained capital markets access.",10,12,2,Downgrade,refinancing_risk,7,refinancing risk / risk elevated / trade / capital
PD100334,2024-03-19,Agriculture,Operating cash flow turned negative in Q4 2025. Working capital squeeze evident; payables stretched beyond 83 days and the borrower requested a temporary overadvance.,8,12,4,Downgrade,liquidity_stress,3,capital / operating / days / borrowing
PD100335,2024-04-26,Manufacturing,Asset sale proceeds of $160M applied to term debt. Leverage reduced to 2.6x from 4.5x at last review.,10,7,-3,Upgrade,deleveraging,7,refinancing risk / risk elevated / trade / capital
PD100336,2024-09-23,Business Services,Strong Q4 2025 results with revenue growth of 25% and record backlog of $100M. Guidance raised for the full year.,6,5,-1,Upgrade,performance_improvement,0,sector / margin / outlook / operating
PD100337,2025-05-17,Commercial Real Estate,Same-store sales fell 11% and foot traffic remains weak. Inventory build of $23M raises markdown risk into next season.,6,8,2,Downgrade,revenue_decline,1,sales / lowered fullyear / fullyear / continues
PD100338,2025-04-07,Healthcare,Audited financial statements are 77 days past due. Auditor cited unresolved revenue recognition matters; a going concern qualification has not been ruled out.,10,10,0,No Change,reporting_delinquency,9,ebitda / qualified / compliance / missed
PD100339,2024-11-23,Wholesale Trade,Liquidity concerns escalating. The borrower missed a scheduled sweep and drew the remaining $5M of revolver availability to fund payroll. Treasury reports minimal headroom.,8,10,2,Downgrade,liquidity_stress,2,headroom / concerns / missed / revolver
PD100340,2024-10-24,Oil & Gas,Significant cash burn observed. Unrestricted cash fell 34% quarter over quarter and the company is deferring capex to preserve liquidity. Monitoring weekly 13-week cash flow forecasts.,10,12,2,Downgrade,liquidity_stress,12,cash / significant / capex / monitoring
PD100341,2025-01-05,Hospitality,Debt maturity wall approaching; 80% of funded debt comes due within 18 months. Sponsor exploring amend-and-extend but lender appetite is uncertain.,3,4,1,Downgrade,refinancing_risk,20,debt / sponsor / months / 
PD100342,2025-05-20,Manufacturing,Asset sale proceeds of $56M applied to term debt. Leverage reduced to 3.5x from 5.2x at last review.,4,1,-3,Upgrade,deleveraging,7,refinancing risk / risk elevated / trade / capital
PD100343,2024-05-12,Agriculture,Financial covenants tripped at the Q3 2025 test date. The borrower requested a covenant holiday through year end. Pricing step-up and additional reporting agreed as conditions.,8,11,3,Downgrade,covenant_breach,19,covenants / covenant / test / additional
PD100344,2025-02-24,Transportation,Borrower breached the maximum leverage covenant in Q1 2025; reported 5.7x against a 4.2x threshold. Waiver request under negotiation with the bank group.,8,9,1,Downgrade,covenant_breach,19,covenants / covenant / test / additional
PD100345,2024-03-16,Construction,"Leverage remains elevated at 5.7x with no clear deleveraging path. PIK toggle exercised on the mezzanine tranche this period, growing the debt stack.",7,8,1,Downgrade,refinancing_risk,8,period / debt / elevated / leverage
PD100346,2024-05-11,Hospitality,"New contract wins add $102M of committed multi-year revenue, diversifying the customer base and improving visibility.",11,9,-2,Upgrade,performance_improvement,14,regulatory / rates / revenue / multiyear
PD100347,2024-05-12,Transportation,Ownership dispute among family shareholders is distracting management. Succession plan remains undocumented despite repeated requests at annual review.,9,10,1,Downgrade,management_turnover,6,annual / raised / repeated / concerns
PD100348,2025-06-14,Healthcare,Springing covenant triggered as revolver utilization exceeded 30%. Borrower is now subject to full quarterly covenant testing and failed the first leverage test.,4,7,3,Downgrade,covenant_breach,5,covenant / test / revolver utilization / discrepancies approximately
PD100349,2024-08-18,Technology,EPA notice of violation received relating to the primary facility. Remediation cost estimates range up to $18M; operations could face interruption.,8,9,1,Downgrade,legal_regulatory,4,exposure / filed / new / approximately
PD100350,2024-09-13,Commercial Real Estate,Springing covenant triggered as revolver utilization exceeded 34%. Borrower is now subject to full quarterly covenant testing and failed the first leverage test.,8,10,2,Downgrade,covenant_breach,5,covenant / test / revolver utilization / discrepancies approximately
PD100351,2024-11-06,Agriculture,Contract repricing with the anchor customer cut unit margins 18%. Borrower has limited negotiating leverage given dependence on this relationship.,8,10,2,Downgrade,customer_concentration,19,covenants / covenant / test / additional
PD100352,2024-06-06,Healthcare,Material weakness in internal controls disclosed. Segregation of duties issues in the treasury function; remediation plan requested by Q1 2024.,7,9,2,Downgrade,reporting_delinquency,2,headroom / concerns / missed / revolver
PD100353,2024-02-12,Manufacturing,Contract repricing with the anchor customer cut unit margins 29%. Borrower has limited negotiating leverage given dependence on this relationship.,5,6,1,Downgrade,customer_concentration,18,pass / demand / margin / cost
PD100354,2024-08-03,Agriculture,Borrower has fully drawn the revolver with utilization at 86%. Cash position declined to $12M and liquidity runway is under 9 months without additional support.,6,10,4,Downgrade,liquidity_stress,16,position / revolver utilization / revolver / additional
PD100355,2025-05-24,Wholesale Trade,Minimum EBITDA covenant missed by 27%. Compliance certificate delivered late with a qualified calculation. Documentation team reviewing reservation of rights letter.,5,7,2,Downgrade,covenant_breach,9,ebitda / qualified / compliance / missed
PD100356,2025-02-19,Oil & Gas,Material weakness in internal controls disclosed. Segregation of duties issues in the treasury function; remediation plan requested by Q3 2025.,9,10,1,Downgrade,reporting_delinquency,2,headroom / concerns / missed / revolver
PD100357,2025-03-01,Construction,Same-store sales fell 7% and foot traffic remains weak. Inventory build of $8M raises markdown risk into next season.,6,8,2,Downgrade,revenue_decline,1,sales / lowered fullyear / fullyear / continues
PD100358,2024-05-27,Technology,Liquidity concerns escalating. The borrower missed a scheduled sweep and drew the remaining $9M of revolver availability to fund payroll. Treasury reports minimal headroom.,6,6,0,No Change,liquidity_stress,2,headroom / concerns / missed / revolver
PD100359,2024-05-13,Technology,"Auditor issued a qualified opinion related to inventory valuation. Management restated prior period results, reducing retained earnings by $14M.",9,9,0,No Change,reporting_delinquency,10,auditor / inventory / period / counsel
PD100360,2024-11-22,Commercial Real Estate,OFAC compliance review identified potential sanctions exposure in an overseas subsidiary. Enhanced monitoring in place pending outside counsel findings.,5,6,1,Downgrade,legal_regulatory,4,exposure / filed / new / approximately
PD100361,2024-09-10,Healthcare,Minimum EBITDA covenant missed by 11%. Compliance certificate delivered late with a qualified calculation. Documentation team reviewing reservation of rights letter.,12,14,2,Downgrade,covenant_breach,9,ebitda / qualified / compliance / missed
PD100362,2025-03-04,Commercial Real Estate,Term loan of $75M matures in 10 months with no committed refinancing. Current leverage of 7.4x makes a market refinance challenging.,7,9,2,Downgrade,refinancing_risk,15,refinancing / committed / market / term
PD100363,2024-11-16,Commercial Real Estate,Topline deterioration continues for a third consecutive quarter. Sales down 18% and order backlog thinning. Management lowered full-year guidance materially.,5,7,2,Downgrade,revenue_decline,1,sales / lowered fullyear / fullyear / continues
PD100364,2025-04-23,Construction,Topline deterioration continues for a third consecutive quarter. Sales down 23% and order backlog thinning. Management lowered full-year guidance materially.,5,6,1,Downgrade,revenue_decline,1,sales / lowered fullyear / fullyear / continues
PD100365,2025-02-06,Hospitality,"Auditor issued a qualified opinion related to inventory valuation. Management restated prior period results, reducing retained earnings by $18M.",9,9,0,No Change,reporting_delinquency,10,auditor / inventory / period / counsel
PD100366,2024-12-27,Manufacturing,Minimum EBITDA covenant missed by 15%. Compliance certificate delivered late with a qualified calculation. Documentation team reviewing reservation of rights letter.,10,13,3,Downgrade,covenant_breach,9,ebitda / qualified / compliance / missed
PD100367,2025-04-26,Oil & Gas,Borrower has fully drawn the revolver with utilization at 94%. Cash position declined to $9M and liquidity runway is under 7 months without additional support.,11,14,3,Downgrade,liquidity_stress,16,position / revolver utilization / revolver / additional
PD100368,2024-04-20,Transportation,OFAC compliance review identified potential sanctions exposure in an overseas subsidiary. Enhanced monitoring in place pending outside counsel findings.,9,9,0,No Change,legal_regulatory,4,exposure / filed / new / approximately
PD100369,2025-02-16,Technology,Topline deterioration continues for a third consecutive quarter. Sales down 16% and order backlog thinning. Management lowered full-year guidance materially.,7,9,2,Downgrade,revenue_decline,1,sales / lowered fullyear / fullyear / continues
PD100370,2024-07-18,Technology,Top customer representing 37% of revenue did not renew its contract at term. Replacement pipeline covers less than half of the lost volume.,12,12,0,No Change,customer_concentration,1,sales / lowered fullyear / fullyear / continues
PD100371,2025-04-06,Hospitality,Prolonged softness in the freight market; spot rates below breakeven for 5 consecutive quarters. Fleet utilization at 62%.,6,7,1,Downgrade,industry_headwinds,13,hedges / rates / market / quarters
PD100372,2024-05-01,Healthcare,Significant cash burn observed. Unrestricted cash fell 69% quarter over quarter and the company is deferring capex to preserve liquidity. Monitoring weekly 13-week cash flow forecasts.,6,8,2,Downgrade,liquidity_stress,12,cash / significant / capex / monitoring
PD100373,2024-12-13,Hospitality,Class action lawsuit filed alleging product defects; potential exposure estimated at $110M. Insurance coverage position remains unclear.,5,6,1,Downgrade,legal_regulatory,4,exposure / filed / new / approximately
PD100374,2025-06-05,Transportation,Key customer initiated in-sourcing of the borrower's product line. Customer concentration remains high with top three accounts at 74% of sales.,7,10,3,Downgrade,customer_concentration,11,customer / concentration / product / order
PD100375,2024-12-07,Construction,Material weakness in internal controls disclosed. Segregation of duties issues in the treasury function; remediation plan requested by Q1 2024.,5,5,0,No Change,reporting_delinquency,2,headroom / concerns / missed / revolver
PD100376,2025-06-11,Healthcare,Debt paydown ahead of schedule; net leverage now 2.3x. Rating outlook revised to stable given strengthened balance sheet.,7,5,-2,Upgrade,deleveraging,8,period / debt / elevated / leverage
PD100377,2024-11-02,Agriculture,Financial covenants tripped at the Q3 2024 test date. The borrower requested a covenant holiday through year end. Pricing step-up and additional reporting agreed as conditions.,6,8,2,Downgrade,covenant_breach,19,covenants / covenant / test / additional
PD100378,2025-05-16,Business Services,Significant cash burn observed. Unrestricted cash fell 62% quarter over quarter and the company is deferring capex to preserve liquidity. Monitoring weekly 13-week cash flow forecasts.,6,7,1,Downgrade,liquidity_stress,12,cash / significant / capex / monitoring
PD100379,2024-01-18,Technology,OFAC compliance review identified potential sanctions exposure in an overseas subsidiary. Enhanced monitoring in place pending outside counsel findings.,9,11,2,Downgrade,legal_regulatory,4,exposure / filed / new / approximately
PD100380,2025-03-02,Agriculture,"Significant management turnover noted: controller, treasurer, and head of operations all departed within two quarters. Institutional knowledge loss is a concern for reporting quality.",4,4,0,No Change,management_turnover,6,annual / raised / repeated / concerns
PD100381,2024-09-28,Wholesale Trade,"Sponsor injected $95M of fresh equity, curing the covenant breach and funding the growth capex program. Liquidity restored to $33M.",4,4,0,No Change,deleveraging,17,fccr / equity / breach / sponsor
PD100382,2025-05-06,Healthcare,"Leverage remains elevated at 6.9x with no clear deleveraging path. PIK toggle exercised on the mezzanine tranche this period, growing the debt stack.",9,11,2,Downgrade,refinancing_risk,8,period / debt / elevated / leverage
PD100383,2025-01-24,Healthcare,Operational restructuring complete; plant consolidation yields $25M of annualized savings. Order intake trending 29% above prior year.,3,1,-2,Upgrade,performance_improvement,11,customer / concentration / product / order
PD100384,2024-04-22,Commercial Real Estate,Borrower delinquent on quarterly reporting for the second time this year. Field exam identified borrowing base discrepancies of approximately $2M.,10,13,3,Downgrade,reporting_delinquency,3,capital / operating / days / borrowing
PD100385,2024-07-27,Transportation,Term loan of $275M matures in 11 months with no committed refinancing. Current leverage of 6.0x makes a market refinance challenging.,8,9,1,Downgrade,refinancing_risk,15,refinancing / committed / market / term
PD100386,2024-03-04,Business Services,Operational restructuring complete; plant consolidation yields $29M of annualized savings. Order intake trending 29% above prior year.,6,4,-2,Upgrade,performance_improvement,11,customer / concentration / product / order
PD100387,2025-06-22,Transportation,Asset sale proceeds of $157M applied to term debt. Leverage reduced to 2.3x from 4.5x at last review.,8,6,-2,Upgrade,deleveraging,7,refinancing risk / risk elevated / trade / capital
PD100388,2024-12-16,Hospitality,Commodity price downturn pressuring the entire sub-sector. Rig counts and shipment volumes at multi-year lows; borrower hedges roll off in 2 quarters.,8,9,1,Downgrade,industry_headwinds,0,sector / margin / outlook / operating
PD100389,2024-09-27,Agriculture,"Significant management turnover noted: controller, treasurer, and head of operations all departed within two quarters. Institutional knowledge loss is a concern for reporting quality.",2,3,1,Downgrade,management_turnover,6,annual / raised / repeated / concerns
PD100390,2024-09-09,Oil & Gas,Repeated delays in delivering compliance certificates and monthly borrowing base certificates. Finance function appears under-resourced following staff departures.,6,6,0,No Change,reporting_delinquency,3,capital / operating / days / borrowing
PD100391,2024-10-31,Oil & Gas,Debt paydown ahead of schedule; net leverage now 2.2x. Rating outlook revised to stable given strengthened balance sheet.,9,6,-3,Upgrade,deleveraging,8,period / debt / elevated / leverage
PD100392,2024-12-23,Hospitality,Topline deterioration continues for a third consecutive quarter. Sales down 23% and order backlog thinning. Management lowered full-year guidance materially.,6,8,2,Downgrade,revenue_decline,1,sales / lowered fullyear / fullyear / continues
PD100393,2025-01-23,Transportation,"Sponsor injected $51M of fresh equity, curing the covenant breach and funding the growth capex program. Liquidity restored to $45M.",4,2,-2,Upgrade,deleveraging,17,fccr / equity / breach / sponsor
PD100394,2024-10-21,Business Services,Significant cash burn observed. Unrestricted cash fell 39% quarter over quarter and the company is deferring capex to preserve liquidity. Monitoring weekly 13-week cash flow forecasts.,7,8,1,Downgrade,liquidity_stress,12,cash / significant / capex / monitoring
PD100395,2025-05-05,Commercial Real Estate,Revenue contracted 21% year over year driven by softening demand. Gross margin compressed 376 bps on input cost inflation the borrower could not pass through.,6,9,3,Downgrade,revenue_decline,18,pass / demand / margin / cost
PD100396,2024-10-05,Healthcare,Fixed charge coverage covenant violation reported. FCCR of 1.0x versus required 1.10x. This is the second consecutive quarterly breach; amendment discussions ongoing.,10,13,3,Downgrade,covenant_breach,17,fccr / equity / breach / sponsor
PD100397,2024-08-26,Manufacturing,Borrower breached the maximum leverage covenant in Q2 2024; reported 4.7x against a 4.4x threshold. Waiver request under negotiation with the bank group.,9,12,3,Downgrade,covenant_breach,19,covenants / covenant / test / additional
PD100398,2025-04-28,Retail,Sector outlook deteriorating; industry volumes down 14% and two regional competitors filed for Chapter 11 this year. Borrower exposed to the same demand drivers.,8,10,2,Downgrade,industry_headwinds,0,sector / margin / outlook / operating
PD100399,2024-06-10,Transportation,Borrower delinquent on quarterly reporting for the second time this year. Field exam identified borrowing base discrepancies of approximately $2M.,6,8,2,Downgrade,reporting_delinquency,3,capital / operating / days / borrowing
PD100400,2024-10-21,Technology,Liquidity concerns escalating. The borrower missed a scheduled sweep and drew the remaining $18M of revolver availability to fund payroll. Treasury reports minimal headroom.,7,9,2,Downgrade,liquidity_stress,2,headroom / concerns / missed / revolver
PD100401,2024-04-01,Wholesale Trade,Commodity price downturn pressuring the entire sub-sector. Rig counts and shipment volumes at multi-year lows; borrower hedges roll off in 4 quarters.,7,7,0,No Change,industry_headwinds,0,sector / margin / outlook / operating
PD100402,2024-02-08,Healthcare,Operational restructuring complete; plant consolidation yields $12M of annualized savings. Order intake trending 27% above prior year.,7,4,-3,Upgrade,performance_improvement,11,customer / concentration / product / order
PD100403,2024-02-07,Transportation,Liquidity concerns escalating. The borrower missed a scheduled sweep and drew the remaining $8M of revolver availability to fund payroll. Treasury reports minimal headroom.,7,10,3,Downgrade,liquidity_stress,2,headroom / concerns / missed / revolver
PD100404,2024-10-23,Manufacturing,"Adverse arbitration ruling requires payment of $16M within 90 days, straining liquidity. Appeal under consideration but counsel views prospects as limited.",9,8,-1,Upgrade,legal_regulatory,10,auditor / inventory / period / counsel
PD100405,2024-04-19,Technology,Sector outlook deteriorating; industry volumes down 12% and two regional competitors filed for Chapter 11 this year. Borrower exposed to the same demand drivers.,5,7,2,Downgrade,industry_headwinds,0,sector / margin / outlook / operating
PD100406,2025-06-20,Construction,Significant cash burn observed. Unrestricted cash fell 59% quarter over quarter and the company is deferring capex to preserve liquidity. Monitoring weekly 13-week cash flow forecasts.,9,10,1,Downgrade,liquidity_stress,12,cash / significant / capex / monitoring
PD100407,2024-07-16,Retail,Fixed charge coverage covenant violation reported. FCCR of 1.0x versus required 1.10x. This is the second consecutive quarterly breach; amendment discussions ongoing.,8,9,1,Downgrade,covenant_breach,17,fccr / equity / breach / sponsor
PD100408,2025-04-14,Wholesale Trade,"Significant management turnover noted: controller, treasurer, and head of operations all departed within two quarters. Institutional knowledge loss is a concern for reporting quality.",7,8,1,Downgrade,management_turnover,6,annual / raised / repeated / concerns
PD100409,2024-12-11,Oil & Gas,"Refinancing risk elevated. The borrower's bonds trade at 77 cents on the dollar, signaling constrained capital markets access.",7,11,4,Downgrade,refinancing_risk,7,refinancing risk / risk elevated / trade / capital
PD100410,2025-02-19,Transportation,Material weakness in internal controls disclosed. Segregation of duties issues in the treasury function; remediation plan requested by Q2 2024.,7,9,2,Downgrade,reporting_delinquency,2,headroom / concerns / missed / revolver
PD100411,2024-04-07,Healthcare,Cash flow from operations insufficient to cover fixed charges this cycle. FCCR dropped to 0.7x. Sponsor has been approached for an equity injection to shore up liquidity.,7,10,3,Downgrade,liquidity_stress,17,fccr / equity / breach / sponsor
PD100412,2024-09-11,Manufacturing,Debt maturity wall approaching; 70% of funded debt comes due within 18 months. Sponsor exploring amend-and-extend but lender appetite is uncertain.,8,9,1,Downgrade,refinancing_risk,20,debt / sponsor / months / 
PD100413,2025-04-02,Oil & Gas,"Significant management turnover noted: controller, treasurer, and head of operations all departed within two quarters. Institutional knowledge loss is a concern for reporting quality.",5,6,1,Downgrade,management_turnover,6,annual / raised / repeated / concerns
PD100414,2024-01-12,Oil & Gas,"Refinancing risk elevated. The borrower's bonds trade at 64 cents on the dollar, signaling constrained capital markets access.",7,9,2,Downgrade,refinancing_risk,7,refinancing risk / risk elevated / trade / capital
PD100415,2024-05-01,Construction,EPA notice of violation received relating to the primary facility. Remediation cost estimates range up to $52M; operations could face interruption.,8,11,3,Downgrade,legal_regulatory,4,exposure / filed / new / approximately
PD100416,2025-05-29,Business Services,"Refinancing risk elevated. The borrower's bonds trade at 60 cents on the dollar, signaling constrained capital markets access.",6,9,3,Downgrade,refinancing_risk,7,refinancing risk / risk elevated / trade / capital
PD100417,2024-10-29,Technology,EBITDA declined 37% versus plan on volume weakness and pricing pressure. Cost reduction program announced but savings not yet visible in results.,9,9,0,No Change,revenue_decline,21,pricing pressure / pressure / visible results / visible
PD100418,2024-05-16,Construction,Contract repricing with the anchor customer cut unit margins 17%. Borrower has limited negotiating leverage given dependence on this relationship.,6,9,3,Downgrade,customer_concentration,18,pass / demand / margin / cost
PD100419,2025-01-17,Transportation,Loss of a major account announced; $68M of annual revenue affected beginning next quarter. Concentration risk previously flagged at underwriting.,7,8,1,Downgrade,customer_concentration,13,hedges / rates / market / quarters
PD100420,2024-08-11,Commercial Real Estate,Cash flow from operations insufficient to cover fixed charges this cycle. FCCR dropped to 0.9x. Sponsor has been approached for an equity injection to shore up liquidity.,5,6,1,Downgrade,liquidity_stress,17,fccr / equity / breach / sponsor
PD100421,2024-03-24,Hospitality,Ownership dispute among family shareholders is distracting management. Succession plan remains undocumented despite repeated requests at annual review.,5,8,3,Downgrade,management_turnover,6,annual / raised / repeated / concerns
PD100422,2025-01-05,Retail,Governance concerns raised after the audit committee chair stepped down. Board composition now lacks independent financial expertise.,6,6,0,No Change,management_turnover,6,annual / raised / repeated / concerns
PD100423,2025-06-01,Commercial Real Estate,Springing covenant triggered as revolver utilization exceeded 31%. Borrower is now subject to full quarterly covenant testing and failed the first leverage test.,7,7,0,No Change,covenant_breach,5,covenant / test / revolver utilization / discrepancies approximately
PD100424,2025-06-16,Construction,"Leverage remains elevated at 6.8x with no clear deleveraging path. PIK toggle exercised on the mezzanine tranche this period, growing the debt stack.",5,9,4,Downgrade,refinancing_risk,8,period / debt / elevated / leverage
PD100425,2025-05-15,Retail,Revenue contracted 31% year over year driven by softening demand. Gross margin compressed 255 bps on input cost inflation the borrower could not pass through.,7,10,3,Downgrade,revenue_decline,18,pass / demand / margin / cost
PD100426,2025-06-09,Transportation,Prolonged softness in the freight market; spot rates below breakeven for 6 consecutive quarters. Fleet utilization at 61%.,4,4,0,No Change,industry_headwinds,13,hedges / rates / market / quarters
PD100427,2025-04-18,Wholesale Trade,Repeated delays in delivering compliance certificates and monthly borrowing base certificates. Finance function appears under-resourced following staff departures.,12,14,2,Downgrade,reporting_delinquency,3,capital / operating / days / borrowing
PD100428,2024-09-17,Manufacturing,Key customer initiated in-sourcing of the borrower's product line. Customer concentration remains high with top three accounts at 73% of sales.,8,8,0,No Change,customer_concentration,11,customer / concentration / product / order
PD100429,2024-03-02,Retail,Asset sale proceeds of $173M applied to term debt. Leverage reduced to 2.1x from 4.6x at last review.,6,5,-1,Upgrade,deleveraging,7,refinancing risk / risk elevated / trade / capital
PD100430,2024-07-03,Healthcare,"New contract wins add $19M of committed multi-year revenue, diversifying the customer base and improving visibility.",5,3,-2,Upgrade,performance_improvement,14,regulatory / rates / revenue / multiyear
PD100431,2025-01-26,Construction,"Regulatory change effective next year is expected to reduce reimbursement rates by 10%, directly compressing borrower revenue in its core segment.",5,5,0,No Change,industry_headwinds,14,regulatory / rates / revenue / multiyear
PD100432,2024-05-16,Wholesale Trade,Same-store sales fell 17% and foot traffic remains weak. Inventory build of $10M raises markdown risk into next season.,7,10,3,Downgrade,revenue_decline,1,sales / lowered fullyear / fullyear / continues
PD100433,2025-02-06,Hospitality,EBITDA declined 18% versus plan on volume weakness and pricing pressure. Cost reduction program announced but savings not yet visible in results.,10,12,2,Downgrade,revenue_decline,21,pricing pressure / pressure / visible results / visible
PD100434,2024-01-24,Oil & Gas,Topline deterioration continues for a third consecutive quarter. Sales down 15% and order backlog thinning. Management lowered full-year guidance materially.,5,6,1,Downgrade,revenue_decline,1,sales / lowered fullyear / fullyear / continues
PD100435,2025-03-10,Hospitality,Minimum EBITDA covenant missed by 29%. Compliance certificate delivered late with a qualified calculation. Documentation team reviewing reservation of rights letter.,5,7,2,Downgrade,covenant_breach,9,ebitda / qualified / compliance / missed
PD100436,2024-12-20,Healthcare,"Regulatory change effective next year is expected to reduce reimbursement rates by 8%, directly compressing borrower revenue in its core segment.",6,8,2,Downgrade,industry_headwinds,14,regulatory / rates / revenue / multiyear
PD100437,2024-04-25,Manufacturing,"Auditor issued a qualified opinion related to inventory valuation. Management restated prior period results, reducing retained earnings by $9M.",10,11,1,Downgrade,reporting_delinquency,10,auditor / inventory / period / counsel
PD100438,2024-01-17,Commercial Real Estate,Repeated delays in delivering compliance certificates and monthly borrowing base certificates. Finance function appears under-resourced following staff departures.,7,8,1,Downgrade,reporting_delinquency,3,capital / operating / days / borrowing
PD100439,2024-02-19,Commercial Real Estate,Asset sale proceeds of $42M applied to term debt. Leverage reduced to 2.2x from 4.1x at last review.,10,9,-1,Upgrade,deleveraging,7,refinancing risk / risk elevated / trade / capital
PD100440,2024-08-10,Manufacturing,Turnaround gaining traction: EBITDA up 40% year over year and margins recovered to 16%. Cost actions delivered ahead of plan.,5,3,-2,Upgrade,performance_improvement,9,ebitda / qualified / compliance / missed
PD100441,2024-08-27,Business Services,Borrower delinquent on quarterly reporting for the second time this year. Field exam identified borrowing base discrepancies of approximately $10M.,10,11,1,Downgrade,reporting_delinquency,5,covenant / test / revolver utilization / discrepancies approximately
PD100442,2024-11-24,Commercial Real Estate,Operational restructuring complete; plant consolidation yields $15M of annualized savings. Order intake trending 28% above prior year.,4,2,-2,Upgrade,performance_improvement,11,customer / concentration / product / order
PD100443,2025-06-17,Commercial Real Estate,Key customer initiated in-sourcing of the borrower's product line. Customer concentration remains high with top three accounts at 54% of sales.,9,10,1,Downgrade,customer_concentration,11,customer / concentration / product / order
PD100444,2024-03-03,Hospitality,Governance concerns raised after the audit committee chair stepped down. Board composition now lacks independent financial expertise.,6,7,1,Downgrade,management_turnover,6,annual / raised / repeated / concerns
PD100445,2024-02-18,Technology,Material weakness in internal controls disclosed. Segregation of duties issues in the treasury function; remediation plan requested by Q2 2025.,12,12,0,No Change,reporting_delinquency,2,headroom / concerns / missed / revolver
PD100446,2025-03-02,Transportation,Minimum EBITDA covenant missed by 24%. Compliance certificate delivered late with a qualified calculation. Documentation team reviewing reservation of rights letter.,8,10,2,Downgrade,covenant_breach,9,ebitda / qualified / compliance / missed
PD100447,2025-04-29,Commercial Real Estate,Fixed charge coverage covenant violation reported. FCCR of 0.8x versus required 1.10x. This is the second consecutive quarterly breach; amendment discussions ongoing.,10,13,3,Downgrade,covenant_breach,17,fccr / equity / breach / sponsor
PD100448,2024-05-27,Construction,New tariffs raise landed costs approximately 19% on the borrower's primary import lines. Ability to pass through to customers is unproven.,6,6,0,No Change,industry_headwinds,4,exposure / filed / new / approximately
PD100449,2025-03-02,Hospitality,Audited financial statements are 131 days past due. Auditor cited unresolved revenue recognition matters; a going concern qualification has not been ruled out.,8,9,1,Downgrade,reporting_delinquency,9,ebitda / qualified / compliance / missed
PD100450,2024-07-27,Technology,Cash flow from operations insufficient to cover fixed charges this cycle. FCCR dropped to 0.6x. Sponsor has been approached for an equity injection to shore up liquidity.,5,9,4,Downgrade,liquidity_stress,17,fccr / equity / breach / sponsor
PD100451,2024-07-14,Manufacturing,CFO resigned abruptly in Q4 2025 with no permanent successor named; interim finance lead has limited sector experience. Second C-suite departure in twelve months.,9,9,0,No Change,management_turnover,3,capital / operating / days / borrowing
PD100452,2024-02-10,Retail,"Sponsor injected $63M of fresh equity, curing the covenant breach and funding the growth capex program. Liquidity restored to $116M.",8,8,0,No Change,deleveraging,17,fccr / equity / breach / sponsor
PD100453,2024-08-01,Technology,Topline deterioration continues for a third consecutive quarter. Sales down 25% and order backlog thinning. Management lowered full-year guidance materially.,5,6,1,Downgrade,revenue_decline,13,hedges / rates / market / quarters
PD100454,2024-08-04,Commercial Real Estate,EBITDA declined 45% versus plan on volume weakness and pricing pressure. Cost reduction program announced but savings not yet visible in results.,7,8,1,Downgrade,revenue_decline,21,pricing pressure / pressure / visible results / visible
PD100455,2024-07-28,Transportation,Borrower has fully drawn the revolver with utilization at 100%. Cash position declined to $5M and liquidity runway is under 8 months without additional support.,6,9,3,Downgrade,liquidity_stress,16,position / revolver utilization / revolver / additional
PD100456,2025-01-24,Construction,New tariffs raise landed costs approximately 20% on the borrower's primary import lines. Ability to pass through to customers is unproven.,8,10,2,Downgrade,industry_headwinds,4,exposure / filed / new / approximately
PD100457,2025-06-09,Construction,Prolonged softness in the freight market; spot rates below breakeven for 5 consecutive quarters. Fleet utilization at 69%.,4,4,0,No Change,industry_headwinds,13,hedges / rates / market / quarters
PD100458,2025-04-25,Technology,"Interest burden up sharply post rate resets; cash interest coverage at 1.1x. Hedges expired and were not replaced, leaving full floating-rate exposure.",11,13,2,Downgrade,refinancing_risk,13,hedges / rates / market / quarters
PD100459,2024-02-16,Agriculture,New tariffs raise landed costs approximately 21% on the borrower's primary import lines. Ability to pass through to customers is unproven.,7,8,1,Downgrade,industry_headwinds,4,exposure / filed / new / approximately
PD100460,2025-03-03,Oil & Gas,Asset sale proceeds of $62M applied to term debt. Leverage reduced to 2.0x from 4.8x at last review.,8,5,-3,Upgrade,deleveraging,7,refinancing risk / risk elevated / trade / capital
PD100461,2024-09-08,Construction,Fixed charge coverage covenant violation reported. FCCR of 0.8x versus required 1.10x. This is the second consecutive quarterly breach; amendment discussions ongoing.,5,7,2,Downgrade,covenant_breach,17,fccr / equity / breach / sponsor
PD100462,2024-12-11,Oil & Gas,Ownership dispute among family shareholders is distracting management. Succession plan remains undocumented despite repeated requests at annual review.,5,7,2,Downgrade,management_turnover,6,annual / raised / repeated / concerns
PD100463,2025-05-17,Construction,"Interest burden up sharply post rate resets; cash interest coverage at 1.6x. Hedges expired and were not replaced, leaving full floating-rate exposure.",6,7,1,Downgrade,refinancing_risk,13,hedges / rates / market / quarters
PD100464,2024-05-23,Business Services,Fixed charge coverage covenant violation reported. FCCR of 1.0x versus required 1.10x. This is the second consecutive quarterly breach; amendment discussions ongoing.,10,12,2,Downgrade,covenant_breach,17,fccr / equity / breach / sponsor
PD100465,2024-03-01,Hospitality,Prolonged softness in the freight market; spot rates below breakeven for 6 consecutive quarters. Fleet utilization at 65%.,5,7,2,Downgrade,industry_headwinds,13,hedges / rates / market / quarters
PD100466,2024-02-19,Manufacturing,Top customer representing 51% of revenue did not renew its contract at term. Replacement pipeline covers less than half of the lost volume.,7,8,1,Downgrade,customer_concentration,1,sales / lowered fullyear / fullyear / continues
PD100467,2024-08-24,Retail,Largest customer filed for bankruptcy protection; receivable exposure of $7M likely impaired. Trade credit insurance covers only a portion.,5,6,1,Downgrade,customer_concentration,4,exposure / filed / new / approximately
PD100468,2025-04-11,Technology,Topline deterioration continues for a third consecutive quarter. Sales down 8% and order backlog thinning. Management lowered full-year guidance materially.,3,5,2,Downgrade,revenue_decline,1,sales / lowered fullyear / fullyear / continues
PD100469,2025-02-25,Manufacturing,CFO resigned abruptly in Q4 2025 with no permanent successor named; interim finance lead has limited sector experience. Second C-suite departure in twelve months.,12,12,0,No Change,management_turnover,3,capital / operating / days / borrowing
PD100470,2024-10-20,Manufacturing,Sector outlook deteriorating; industry volumes down 16% and two regional competitors filed for Chapter 11 this year. Borrower exposed to the same demand drivers.,7,9,2,Downgrade,industry_headwinds,0,sector / margin / outlook / operating
PD100471,2024-07-02,Retail,Debt paydown ahead of schedule; net leverage now 2.8x. Rating outlook revised to stable given strengthened balance sheet.,6,5,-1,Upgrade,deleveraging,8,period / debt / elevated / leverage
PD100472,2025-06-23,Oil & Gas,Turnaround gaining traction: EBITDA up 48% year over year and margins recovered to 11%. Cost actions delivered ahead of plan.,7,5,-2,Upgrade,performance_improvement,9,ebitda / qualified / compliance / missed
PD100473,2024-03-21,Technology,EBITDA declined 23% versus plan on volume weakness and pricing pressure. Cost reduction program announced but savings not yet visible in results.,8,10,2,Downgrade,revenue_decline,21,pricing pressure / pressure / visible results / visible
PD100474,2024-08-19,Oil & Gas,Same-store sales fell 19% and foot traffic remains weak. Inventory build of $20M raises markdown risk into next season.,7,8,1,Downgrade,revenue_decline,1,sales / lowered fullyear / fullyear / continues
PD100475,2024-01-10,Business Services,Borrower breached the maximum leverage covenant in Q1 2024; reported 5.7x against a 3.9x threshold. Waiver request under negotiation with the bank group.,5,8,3,Downgrade,covenant_breach,19,covenants / covenant / test / additional
PD100476,2024-04-07,Hospitality,Asset sale proceeds of $46M applied to term debt. Leverage reduced to 2.7x from 4.7x at last review.,9,8,-1,Upgrade,deleveraging,7,refinancing risk / risk elevated / trade / capital
PD100477,2025-05-01,Oil & Gas,Borrower has fully drawn the revolver with utilization at 92%. Cash position declined to $5M and liquidity runway is under 9 months without additional support.,12,14,2,Downgrade,liquidity_stress,16,position / revolver utilization / revolver / additional
PD100478,2024-10-14,Hospitality,Top customer representing 54% of revenue did not renew its contract at term. Replacement pipeline covers less than half of the lost volume.,7,7,0,No Change,customer_concentration,1,sales / lowered fullyear / fullyear / continues
PD100479,2024-07-02,Technology,Ownership dispute among family shareholders is distracting management. Succession plan remains undocumented despite repeated requests at annual review.,6,6,0,No Change,management_turnover,6,annual / raised / repeated / concerns
PD100480,2025-02-11,Retail,Borrower has fully drawn the revolver with utilization at 91%. Cash position declined to $11M and liquidity runway is under 4 months without additional support.,7,10,3,Downgrade,liquidity_stress,16,position / revolver utilization / revolver / additional
PD100481,2025-02-02,Wholesale Trade,"Sponsor injected $35M of fresh equity, curing the covenant breach and funding the growth capex program. Liquidity restored to $102M.",3,1,-2,Upgrade,deleveraging,17,fccr / equity / breach / sponsor
PD100482,2024-05-23,Business Services,Prolonged softness in the freight market; spot rates below breakeven for 5 consecutive quarters. Fleet utilization at 72%.,5,6,1,Downgrade,industry_headwinds,13,hedges / rates / market / quarters
PD100483,2024-03-18,Technology,Term loan of $306M matures in 11 months with no committed refinancing. Current leverage of 5.1x makes a market refinance challenging.,8,9,1,Downgrade,refinancing_risk,15,refinancing / committed / market / term
PD100484,2025-02-10,Technology,"Leverage remains elevated at 7.4x with no clear deleveraging path. PIK toggle exercised on the mezzanine tranche this period, growing the debt stack.",7,10,3,Downgrade,refinancing_risk,8,period / debt / elevated / leverage
PD100485,2024-12-30,Hospitality,Borrower has fully drawn the revolver with utilization at 93%. Cash position declined to $14M and liquidity runway is under 6 months without additional support.,6,8,2,Downgrade,liquidity_stress,16,position / revolver utilization / revolver / additional
PD100486,2025-01-24,Retail,Liquidity concerns escalating. The borrower missed a scheduled sweep and drew the remaining $16M of revolver availability to fund payroll. Treasury reports minimal headroom.,6,8,2,Downgrade,liquidity_stress,2,headroom / concerns / missed / revolver
PD100487,2024-03-16,Retail,"Leverage remains elevated at 6.2x with no clear deleveraging path. PIK toggle exercised on the mezzanine tranche this period, growing the debt stack.",7,8,1,Downgrade,refinancing_risk,8,period / debt / elevated / leverage
PD100488,2024-06-06,Business Services,"Sponsor injected $34M of fresh equity, curing the covenant breach and funding the growth capex program. Liquidity restored to $78M.",8,7,-1,Upgrade,deleveraging,17,fccr / equity / breach / sponsor
PD100489,2024-01-06,Oil & Gas,Same-store sales fell 15% and foot traffic remains weak. Inventory build of $28M raises markdown risk into next season.,8,8,0,No Change,revenue_decline,1,sales / lowered fullyear / fullyear / continues
PD100490,2024-10-03,Retail,Governance concerns raised after the audit committee chair stepped down. Board composition now lacks independent financial expertise.,4,5,1,Downgrade,management_turnover,6,annual / raised / repeated / concerns
PD100491,2025-04-04,Hospitality,Topline deterioration continues for a third consecutive quarter. Sales down 10% and order backlog thinning. Management lowered full-year guidance materially.,10,11,1,Downgrade,revenue_decline,1,sales / lowered fullyear / fullyear / continues
PD100492,2024-04-01,Technology,"Leverage remains elevated at 6.8x with no clear deleveraging path. PIK toggle exercised on the mezzanine tranche this period, growing the debt stack.",6,6,0,No Change,refinancing_risk,8,period / debt / elevated / leverage
PD100493,2024-11-28,Transportation,Cash flow from operations insufficient to cover fixed charges this cycle. FCCR dropped to 0.6x. Sponsor has been approached for an equity injection to shore up liquidity.,9,10,1,Downgrade,liquidity_stress,17,fccr / equity / breach / sponsor
PD100494,2024-09-05,Agriculture,Borrower has fully drawn the revolver with utilization at 94%. Cash position declined to $8M and liquidity runway is under 6 months without additional support.,4,6,2,Downgrade,liquidity_stress,16,position / revolver utilization / revolver / additional
PD100495,2024-05-22,Oil & Gas,Cash flow from operations insufficient to cover fixed charges this cycle. FCCR dropped to 0.7x. Sponsor has been approached for an equity injection to shore up liquidity.,5,7,2,Downgrade,liquidity_stress,17,fccr / equity / breach / sponsor
PD100496,2024-03-05,Healthcare,Commodity price downturn pressuring the entire sub-sector. Rig counts and shipment volumes at multi-year lows; borrower hedges roll off in 3 quarters.,10,11,1,Downgrade,industry_headwinds,0,sector / margin / outlook / operating
PD100497,2025-05-10,Retail,Liquidity concerns escalating. The borrower missed a scheduled sweep and drew the remaining $11M of revolver availability to fund payroll. Treasury reports minimal headroom.,4,6,2,Downgrade,liquidity_stress,2,headroom / concerns / missed / revolver
PD100498,2025-05-22,Agriculture,EBITDA declined 23% versus plan on volume weakness and pricing pressure. Cost reduction program announced but savings not yet visible in results.,7,10,3,Downgrade,revenue_decline,21,pricing pressure / pressure / visible results / visible
PD100499,2024-11-07,Manufacturing,Margin erosion accelerating; operating margin at 2% versus 11% prior year. Competitive discounting in the sector shows no sign of abating.,5,5,0,No Change,revenue_decline,0,sector / margin / outlook / operating
PD100500,2025-01-24,Technology,Largest customer filed for bankruptcy protection; receivable exposure of $13M likely impaired. Trade credit insurance covers only a portion.,6,8,2,Downgrade,customer_concentration,4,exposure / filed / new / approximately
PD100501,2024-05-19,Oil & Gas,"Interest burden up sharply post rate resets; cash interest coverage at 1.2x. Hedges expired and were not replaced, leaving full floating-rate exposure.",3,4,1,Downgrade,refinancing_risk,13,hedges / rates / market / quarters
PD100502,2024-07-24,Construction,EPA notice of violation received relating to the primary facility. Remediation cost estimates range up to $46M; operations could face interruption.,12,13,1,Downgrade,legal_regulatory,4,exposure / filed / new / approximately
PD100503,2024-11-22,Oil & Gas,"Refinancing risk elevated. The borrower's bonds trade at 60 cents on the dollar, signaling constrained capital markets access.",8,11,3,Downgrade,refinancing_risk,7,refinancing risk / risk elevated / trade / capital
PD100504,2024-09-05,Technology,Repeated delays in delivering compliance certificates and monthly borrowing base certificates. Finance function appears under-resourced following staff departures.,7,8,1,Downgrade,reporting_delinquency,3,capital / operating / days / borrowing
PD100505,2025-02-06,Technology,Minimum EBITDA covenant missed by 16%. Compliance certificate delivered late with a qualified calculation. Documentation team reviewing reservation of rights letter.,7,11,4,Downgrade,covenant_breach,9,ebitda / qualified / compliance / missed
PD100506,2024-01-28,Business Services,Term loan of $338M matures in 9 months with no committed refinancing. Current leverage of 6.5x makes a market refinance challenging.,6,8,2,Downgrade,refinancing_risk,15,refinancing / committed / market / term
PD100507,2024-10-25,Business Services,Liquidity concerns escalating. The borrower missed a scheduled sweep and drew the remaining $9M of revolver availability to fund payroll. Treasury reports minimal headroom.,5,8,3,Downgrade,liquidity_stress,2,headroom / concerns / missed / revolver
PD100508,2025-05-26,Healthcare,Revenue contracted 35% year over year driven by softening demand. Gross margin compressed 557 bps on input cost inflation the borrower could not pass through.,10,11,1,Downgrade,revenue_decline,18,pass / demand / margin / cost
PD100509,2024-06-06,Business Services,"Refinancing risk elevated. The borrower's bonds trade at 62 cents on the dollar, signaling constrained capital markets access.",6,7,1,Downgrade,refinancing_risk,7,refinancing risk / risk elevated / trade / capital
PD100510,2025-05-05,Agriculture,Liquidity concerns escalating. The borrower missed a scheduled sweep and drew the remaining $15M of revolver availability to fund payroll. Treasury reports minimal headroom.,10,10,0,No Change,liquidity_stress,2,headroom / concerns / missed / revolver
PD100511,2025-03-04,Hospitality,Minimum EBITDA covenant missed by 25%. Compliance certificate delivered late with a qualified calculation. Documentation team reviewing reservation of rights letter.,8,11,3,Downgrade,covenant_breach,9,ebitda / qualified / compliance / missed
PD100512,2024-03-28,Retail,Revenue contracted 35% year over year driven by softening demand. Gross margin compressed 334 bps on input cost inflation the borrower could not pass through.,6,7,1,Downgrade,revenue_decline,18,pass / demand / margin / cost
PD100513,2024-06-19,Wholesale Trade,Borrower delinquent on quarterly reporting for the second time this year. Field exam identified borrowing base discrepancies of approximately $12M.,8,11,3,Downgrade,reporting_delinquency,5,covenant / test / revolver utilization / discrepancies approximately
PD100514,2025-02-13,Technology,Prolonged softness in the freight market; spot rates below breakeven for 3 consecutive quarters. Fleet utilization at 78%.,6,8,2,Downgrade,industry_headwinds,13,hedges / rates / market / quarters
PD100515,2025-06-06,Business Services,Voluntary prepayment of $23M made this quarter. FCCR improved to 1.5x and all covenants passed with comfortable headroom.,10,10,0,No Change,deleveraging,10,auditor / inventory / period / counsel
PD100516,2024-08-14,Construction,Contract repricing with the anchor customer cut unit margins 27%. Borrower has limited negotiating leverage given dependence on this relationship.,8,10,2,Downgrade,customer_concentration,18,pass / demand / margin / cost
PD100517,2025-05-27,Healthcare,Significant cash burn observed. Unrestricted cash fell 55% quarter over quarter and the company is deferring capex to preserve liquidity. Monitoring weekly 13-week cash flow forecasts.,8,10,2,Downgrade,liquidity_stress,12,cash / significant / capex / monitoring
PD100518,2025-03-01,Retail,Financial covenants tripped at the Q1 2025 test date. The borrower requested a covenant holiday through year end. Pricing step-up and additional reporting agreed as conditions.,5,5,0,No Change,covenant_breach,19,covenants / covenant / test / additional
PD100519,2025-04-11,Commercial Real Estate,CFO resigned abruptly in Q2 2025 with no permanent successor named; interim finance lead has limited sector experience. Second C-suite departure in twelve months.,8,9,1,Downgrade,management_turnover,3,capital / operating / days / borrowing
PD100520,2024-04-09,Construction,Springing covenant triggered as revolver utilization exceeded 37%. Borrower is now subject to full quarterly covenant testing and failed the first leverage test.,7,9,2,Downgrade,covenant_breach,5,covenant / test / revolver utilization / discrepancies approximately
PD100521,2024-02-15,Business Services,"New contract wins add $55M of committed multi-year revenue, diversifying the customer base and improving visibility.",4,4,0,No Change,performance_improvement,14,regulatory / rates / revenue / multiyear
PD100522,2024-04-21,Wholesale Trade,Top customer representing 25% of revenue did not renew its contract at term. Replacement pipeline covers less than half of the lost volume.,7,9,2,Downgrade,customer_concentration,1,sales / lowered fullyear / fullyear / continues
PD100523,2024-06-12,Technology,Loss of a major account announced; $41M of annual revenue affected beginning next quarter. Concentration risk previously flagged at underwriting.,10,11,1,Downgrade,customer_concentration,13,hedges / rates / market / quarters
PD100524,2025-02-18,Wholesale Trade,"Leverage remains elevated at 6.6x with no clear deleveraging path. PIK toggle exercised on the mezzanine tranche this period, growing the debt stack.",8,11,3,Downgrade,refinancing_risk,8,period / debt / elevated / leverage
PD100525,2025-02-09,Manufacturing,Fixed charge coverage covenant violation reported. FCCR of 0.8x versus required 1.10x. This is the second consecutive quarterly breach; amendment discussions ongoing.,8,10,2,Downgrade,covenant_breach,17,fccr / equity / breach / sponsor
PD100526,2025-02-02,Manufacturing,Operational restructuring complete; plant consolidation yields $11M of annualized savings. Order intake trending 24% above prior year.,8,6,-2,Upgrade,performance_improvement,11,customer / concentration / product / order
PD100527,2024-03-05,Agriculture,Loss of a major account announced; $36M of annual revenue affected beginning next quarter. Concentration risk previously flagged at underwriting.,7,7,0,No Change,customer_concentration,13,hedges / rates / market / quarters
PD100528,2024-11-29,Commercial Real Estate,Class action lawsuit filed alleging product defects; potential exposure estimated at $147M. Insurance coverage position remains unclear.,8,11,3,Downgrade,legal_regulatory,4,exposure / filed / new / approximately
PD100529,2025-05-16,Hospitality,Repeated delays in delivering compliance certificates and monthly borrowing base certificates. Finance function appears under-resourced following staff departures.,3,3,0,No Change,reporting_delinquency,3,capital / operating / days / borrowing
PD100530,2025-02-05,Agriculture,"Auditor issued a qualified opinion related to inventory valuation. Management restated prior period results, reducing retained earnings by $22M.",9,11,2,Downgrade,reporting_delinquency,10,auditor / inventory / period / counsel
PD100531,2024-10-31,Agriculture,Term loan of $228M matures in 11 months with no committed refinancing. Current leverage of 7.1x makes a market refinance challenging.,6,8,2,Downgrade,refinancing_risk,15,refinancing / committed / market / term
PD100532,2024-09-01,Oil & Gas,Prolonged softness in the freight market; spot rates below breakeven for 3 consecutive quarters. Fleet utilization at 64%.,7,8,1,Downgrade,industry_headwinds,13,hedges / rates / market / quarters
PD100533,2024-05-24,Hospitality,Top customer representing 30% of revenue did not renew its contract at term. Replacement pipeline covers less than half of the lost volume.,8,8,0,No Change,customer_concentration,1,sales / lowered fullyear / fullyear / continues
PD100534,2025-01-27,Transportation,"Interest burden up sharply post rate resets; cash interest coverage at 1.3x. Hedges expired and were not replaced, leaving full floating-rate exposure.",4,6,2,Downgrade,refinancing_risk,13,hedges / rates / market / quarters
PD100535,2024-06-26,Hospitality,Topline deterioration continues for a third consecutive quarter. Sales down 23% and order backlog thinning. Management lowered full-year guidance materially.,8,11,3,Downgrade,revenue_decline,1,sales / lowered fullyear / fullyear / continues
PD100536,2025-04-06,Agriculture,Operating cash flow turned negative in Q4 2025. Working capital squeeze evident; payables stretched beyond 68 days and the borrower requested a temporary overadvance.,5,8,3,Downgrade,liquidity_stress,3,capital / operating / days / borrowing
PD100537,2025-05-11,Healthcare,Successful refinancing completed; maturities extended to 2030 at improved pricing. Near-term refinancing risk eliminated.,4,1,-3,Upgrade,deleveraging,15,refinancing / committed / market / term
PD100538,2025-06-01,Wholesale Trade,Fixed charge coverage covenant violation reported. FCCR of 1.0x versus required 1.10x. This is the second consecutive quarterly breach; amendment discussions ongoing.,9,11,2,Downgrade,covenant_breach,17,fccr / equity / breach / sponsor
PD100539,2025-03-30,Construction,Voluntary prepayment of $62M made this quarter. FCCR improved to 2.2x and all covenants passed with comfortable headroom.,5,1,-4,Upgrade,deleveraging,10,auditor / inventory / period / counsel
PD100540,2024-08-13,Oil & Gas,Debt maturity wall approaching; 45% of funded debt comes due within 18 months. Sponsor exploring amend-and-extend but lender appetite is uncertain.,7,10,3,Downgrade,refinancing_risk,20,debt / sponsor / months / 
PD100541,2024-06-21,Construction,CFO resigned abruptly in Q3 2024 with no permanent successor named; interim finance lead has limited sector experience. Second C-suite departure in twelve months.,11,12,1,Downgrade,management_turnover,3,capital / operating / days / borrowing
PD100542,2025-06-07,Retail,Cash flow from operations insufficient to cover fixed charges this cycle. FCCR dropped to 0.9x. Sponsor has been approached for an equity injection to shore up liquidity.,4,7,3,Downgrade,liquidity_stress,17,fccr / equity / breach / sponsor
PD100543,2025-01-10,Hospitality,Contract repricing with the anchor customer cut unit margins 13%. Borrower has limited negotiating leverage given dependence on this relationship.,7,8,1,Downgrade,customer_concentration,18,pass / demand / margin / cost
PD100544,2024-08-11,Transportation,Sector outlook deteriorating; industry volumes down 20% and two regional competitors filed for Chapter 11 this year. Borrower exposed to the same demand drivers.,6,7,1,Downgrade,industry_headwinds,0,sector / margin / outlook / operating
PD100545,2024-09-10,Oil & Gas,Audited financial statements are 154 days past due. Auditor cited unresolved revenue recognition matters; a going concern qualification has not been ruled out.,11,14,3,Downgrade,reporting_delinquency,9,ebitda / qualified / compliance / missed
PD100546,2024-03-30,Construction,Audited financial statements are 117 days past due. Auditor cited unresolved revenue recognition matters; a going concern qualification has not been ruled out.,9,11,2,Downgrade,reporting_delinquency,9,ebitda / qualified / compliance / missed
PD100547,2025-03-14,Healthcare,Borrower breached the maximum leverage covenant in Q2 2024; reported 6.9x against a 4.1x threshold. Waiver request under negotiation with the bank group.,7,10,3,Downgrade,covenant_breach,19,covenants / covenant / test / additional
PD100548,2024-07-30,Manufacturing,Cash flow from operations insufficient to cover fixed charges this cycle. FCCR dropped to 0.6x. Sponsor has been approached for an equity injection to shore up liquidity.,7,9,2,Downgrade,liquidity_stress,17,fccr / equity / breach / sponsor
PD100549,2024-06-21,Technology,Contract repricing with the anchor customer cut unit margins 21%. Borrower has limited negotiating leverage given dependence on this relationship.,9,11,2,Downgrade,customer_concentration,19,covenants / covenant / test / additional
PD100550,2025-06-10,Wholesale Trade,Commodity price downturn pressuring the entire sub-sector. Rig counts and shipment volumes at multi-year lows; borrower hedges roll off in 3 quarters.,4,5,1,Downgrade,industry_headwinds,0,sector / margin / outlook / operating
PD100551,2024-03-01,Oil & Gas,Revenue contracted 14% year over year driven by softening demand. Gross margin compressed 534 bps on input cost inflation the borrower could not pass through.,5,6,1,Downgrade,revenue_decline,18,pass / demand / margin / cost
PD100552,2024-05-29,Business Services,Fixed charge coverage covenant violation reported. FCCR of 0.9x versus required 1.10x. This is the second consecutive quarterly breach; amendment discussions ongoing.,10,13,3,Downgrade,covenant_breach,17,fccr / equity / breach / sponsor
PD100553,2024-05-25,Agriculture,"Sponsor injected $46M of fresh equity, curing the covenant breach and funding the growth capex program. Liquidity restored to $116M.",7,6,-1,Upgrade,deleveraging,17,fccr / equity / breach / sponsor
PD100554,2025-01-19,Construction,"Significant management turnover noted: controller, treasurer, and head of operations all departed within two quarters. Institutional knowledge loss is a concern for reporting quality.",10,12,2,Downgrade,management_turnover,6,annual / raised / repeated / concerns
PD100555,2025-01-12,Construction,Borrower has fully drawn the revolver with utilization at 87%. Cash position declined to $8M and liquidity runway is under 7 months without additional support.,10,12,2,Downgrade,liquidity_stress,16,position / revolver utilization / revolver / additional
PD100556,2024-04-05,Business Services,Same-store sales fell 15% and foot traffic remains weak. Inventory build of $5M raises markdown risk into next season.,11,14,3,Downgrade,revenue_decline,1,sales / lowered fullyear / fullyear / continues
PD100557,2025-01-01,Retail,Minimum EBITDA covenant missed by 28%. Compliance certificate delivered late with a qualified calculation. Documentation team reviewing reservation of rights letter.,4,5,1,Downgrade,covenant_breach,9,ebitda / qualified / compliance / missed
PD100558,2024-08-04,Construction,Cash flow from operations insufficient to cover fixed charges this cycle. FCCR dropped to 0.7x. Sponsor has been approached for an equity injection to shore up liquidity.,7,8,1,Downgrade,liquidity_stress,17,fccr / equity / breach / sponsor
PD100559,2024-12-11,Hospitality,EBITDA declined 25% versus plan on volume weakness and pricing pressure. Cost reduction program announced but savings not yet visible in results.,9,10,1,Downgrade,revenue_decline,21,pricing pressure / pressure / visible results / visible
PD100560,2025-05-11,Technology,OFAC compliance review identified potential sanctions exposure in an overseas subsidiary. Enhanced monitoring in place pending outside counsel findings.,8,9,1,Downgrade,legal_regulatory,4,exposure / filed / new / approximately
PD100561,2025-04-15,Manufacturing,CFO resigned abruptly in Q1 2024 with no permanent successor named; interim finance lead has limited sector experience. Second C-suite departure in twelve months.,5,6,1,Downgrade,management_turnover,3,capital / operating / days / borrowing
PD100562,2025-03-14,Commercial Real Estate,Borrower has fully drawn the revolver with utilization at 90%. Cash position declined to $9M and liquidity runway is under 6 months without additional support.,7,7,0,No Change,liquidity_stress,16,position / revolver utilization / revolver / additional
PD100563,2024-11-05,Healthcare,CEO transition announced amid board disagreement over strategy. Key-person risk elevated given founder's central role in top customer relationships.,9,11,2,Downgrade,management_turnover,6,annual / raised / repeated / concerns
PD100564,2025-01-15,Wholesale Trade,Financial covenants tripped at the Q1 2025 test date. The borrower requested a covenant holiday through year end. Pricing step-up and additional reporting agreed as conditions.,5,7,2,Downgrade,covenant_breach,19,covenants / covenant / test / additional
PD100565,2024-11-08,Business Services,Loss of a major account announced; $16M of annual revenue affected beginning next quarter. Concentration risk previously flagged at underwriting.,8,10,2,Downgrade,customer_concentration,13,hedges / rates / market / quarters
PD100566,2024-08-06,Construction,Operating cash flow turned negative in Q4 2024. Working capital squeeze evident; payables stretched beyond 105 days and the borrower requested a temporary overadvance.,7,7,0,No Change,liquidity_stress,3,capital / operating / days / borrowing
PD100567,2024-12-17,Retail,Borrower breached the maximum leverage covenant in Q2 2024; reported 6.1x against a 3.9x threshold. Waiver request under negotiation with the bank group.,8,8,0,No Change,covenant_breach,19,covenants / covenant / test / additional
PD100568,2024-03-13,Commercial Real Estate,Minimum EBITDA covenant missed by 30%. Compliance certificate delivered late with a qualified calculation. Documentation team reviewing reservation of rights letter.,9,10,1,Downgrade,covenant_breach,9,ebitda / qualified / compliance / missed
PD100569,2024-04-14,Retail,Governance concerns raised after the audit committee chair stepped down. Board composition now lacks independent financial expertise.,6,6,0,No Change,management_turnover,6,annual / raised / repeated / concerns
PD100570,2024-05-20,Transportation,Significant cash burn observed. Unrestricted cash fell 53% quarter over quarter and the company is deferring capex to preserve liquidity. Monitoring weekly 13-week cash flow forecasts.,2,5,3,Downgrade,liquidity_stress,12,cash / significant / capex / monitoring
PD100571,2024-01-09,Agriculture,Topline deterioration continues for a third consecutive quarter. Sales down 12% and order backlog thinning. Management lowered full-year guidance materially.,8,8,0,No Change,revenue_decline,1,sales / lowered fullyear / fullyear / continues
PD100572,2024-08-06,Wholesale Trade,Borrower delinquent on quarterly reporting for the second time this year. Field exam identified borrowing base discrepancies of approximately $9M.,4,5,1,Downgrade,reporting_delinquency,5,covenant / test / revolver utilization / discrepancies approximately
PD100573,2025-03-29,Commercial Real Estate,Debt maturity wall approaching; 66% of funded debt comes due within 18 months. Sponsor exploring amend-and-extend but lender appetite is uncertain.,5,7,2,Downgrade,refinancing_risk,20,debt / sponsor / months / 
PD100574,2024-05-06,Agriculture,Audited financial statements are 174 days past due. Auditor cited unresolved revenue recognition matters; a going concern qualification has not been ruled out.,8,8,0,No Change,reporting_delinquency,9,ebitda / qualified / compliance / missed
PD100575,2025-03-15,Technology,Repeated delays in delivering compliance certificates and monthly borrowing base certificates. Finance function appears under-resourced following staff departures.,5,6,1,Downgrade,reporting_delinquency,3,capital / operating / days / borrowing
PD100576,2024-09-11,Hospitality,Fixed charge coverage covenant violation reported. FCCR of 0.8x versus required 1.10x. This is the second consecutive quarterly breach; amendment discussions ongoing.,5,6,1,Downgrade,covenant_breach,17,fccr / equity / breach / sponsor
PD100577,2024-10-18,Business Services,OFAC compliance review identified potential sanctions exposure in an overseas subsidiary. Enhanced monitoring in place pending outside counsel findings.,9,13,4,Downgrade,legal_regulatory,4,exposure / filed / new / approximately
PD100578,2024-07-12,Business Services,Borrower has fully drawn the revolver with utilization at 94%. Cash position declined to $5M and liquidity runway is under 7 months without additional support.,8,11,3,Downgrade,liquidity_stress,16,position / revolver utilization / revolver / additional
PD100579,2024-09-02,Construction,Liquidity concerns escalating. The borrower missed a scheduled sweep and drew the remaining $12M of revolver availability to fund payroll. Treasury reports minimal headroom.,8,12,4,Downgrade,liquidity_stress,2,headroom / concerns / missed / revolver
PD100580,2024-03-13,Hospitality,Liquidity concerns escalating. The borrower missed a scheduled sweep and drew the remaining $6M of revolver availability to fund payroll. Treasury reports minimal headroom.,5,5,0,No Change,liquidity_stress,2,headroom / concerns / missed / revolver
PD100581,2025-01-09,Hospitality,Borrower breached the maximum leverage covenant in Q3 2025; reported 4.9x against a 4.4x threshold. Waiver request under negotiation with the bank group.,6,10,4,Downgrade,covenant_breach,19,covenants / covenant / test / additional
PD100582,2024-03-15,Manufacturing,CEO transition announced amid board disagreement over strategy. Key-person risk elevated given founder's central role in top customer relationships.,8,11,3,Downgrade,management_turnover,6,annual / raised / repeated / concerns
PD100583,2024-02-10,Manufacturing,Cash flow from operations insufficient to cover fixed charges this cycle. FCCR dropped to 0.6x. Sponsor has been approached for an equity injection to shore up liquidity.,10,12,2,Downgrade,liquidity_stress,17,fccr / equity / breach / sponsor
PD100584,2025-05-28,Transportation,Governance concerns raised after the audit committee chair stepped down. Board composition now lacks independent financial expertise.,6,6,0,No Change,management_turnover,6,annual / raised / repeated / concerns
PD100585,2024-06-05,Oil & Gas,Minimum EBITDA covenant missed by 30%. Compliance certificate delivered late with a qualified calculation. Documentation team reviewing reservation of rights letter.,10,11,1,Downgrade,covenant_breach,9,ebitda / qualified / compliance / missed
PD100586,2024-07-27,Healthcare,Sector outlook deteriorating; industry volumes down 12% and two regional competitors filed for Chapter 11 this year. Borrower exposed to the same demand drivers.,8,8,0,No Change,industry_headwinds,0,sector / margin / outlook / operating
PD100587,2024-03-08,Oil & Gas,OFAC compliance review identified potential sanctions exposure in an overseas subsidiary. Enhanced monitoring in place pending outside counsel findings.,6,8,2,Downgrade,legal_regulatory,4,exposure / filed / new / approximately
PD100588,2024-09-01,Manufacturing,Governance concerns raised after the audit committee chair stepped down. Board composition now lacks independent financial expertise.,9,10,1,Downgrade,management_turnover,6,annual / raised / repeated / concerns
PD100589,2024-04-28,Construction,New tariffs raise landed costs approximately 12% on the borrower's primary import lines. Ability to pass through to customers is unproven.,5,6,1,Downgrade,industry_headwinds,4,exposure / filed / new / approximately
PD100590,2024-06-28,Retail,"Leverage remains elevated at 7.0x with no clear deleveraging path. PIK toggle exercised on the mezzanine tranche this period, growing the debt stack.",6,9,3,Downgrade,refinancing_risk,8,period / debt / elevated / leverage
PD100591,2024-01-12,Healthcare,Top customer representing 47% of revenue did not renew its contract at term. Replacement pipeline covers less than half of the lost volume.,3,5,2,Downgrade,customer_concentration,1,sales / lowered fullyear / fullyear / continues
PD100592,2024-09-22,Healthcare,Largest customer filed for bankruptcy protection; receivable exposure of $14M likely impaired. Trade credit insurance covers only a portion.,11,13,2,Downgrade,customer_concentration,4,exposure / filed / new / approximately
PD100593,2024-10-02,Business Services,Key customer initiated in-sourcing of the borrower's product line. Customer concentration remains high with top three accounts at 54% of sales.,9,10,1,Downgrade,customer_concentration,11,customer / concentration / product / order
PD100594,2024-12-09,Transportation,Sector outlook deteriorating; industry volumes down 20% and two regional competitors filed for Chapter 11 this year. Borrower exposed to the same demand drivers.,8,9,1,Downgrade,industry_headwinds,0,sector / margin / outlook / operating
PD100595,2024-03-19,Construction,Key customer initiated in-sourcing of the borrower's product line. Customer concentration remains high with top three accounts at 66% of sales.,9,9,0,No Change,customer_concentration,11,customer / concentration / product / order
PD100596,2025-05-26,Agriculture,"New contract wins add $80M of committed multi-year revenue, diversifying the customer base and improving visibility.",6,4,-2,Upgrade,performance_improvement,14,regulatory / rates / revenue / multiyear
PD100597,2024-04-15,Agriculture,Fixed charge coverage covenant violation reported. FCCR of 0.8x versus required 1.10x. This is the second consecutive quarterly breach; amendment discussions ongoing.,8,11,3,Downgrade,covenant_breach,17,fccr / equity / breach / sponsor
PD100598,2025-04-28,Technology,Borrower breached the maximum leverage covenant in Q2 2024; reported 4.6x against a 4.4x threshold. Waiver request under negotiation with the bank group.,12,13,1,Downgrade,covenant_breach,19,covenants / covenant / test / additional
PD100599,2024-02-06,Hospitality,Liquidity concerns escalating. The borrower missed a scheduled sweep and drew the remaining $7M of revolver availability to fund payroll. Treasury reports minimal headroom.,7,9,2,Downgrade,liquidity_stress,2,headroom / concerns / missed / revolver
PD100600,2025-03-02,Business Services,"Regulatory change effective next year is expected to reduce reimbursement rates by 8%, directly compressing borrower revenue in its core segment.",7,9,2,Downgrade,industry_headwinds,14,regulatory / rates / revenue / multiyear
PD100601,2024-05-02,Hospitality,"Sponsor injected $49M of fresh equity, curing the covenant breach and funding the growth capex program. Liquidity restored to $39M.",10,9,-1,Upgrade,deleveraging,17,fccr / equity / breach / sponsor
PD100602,2024-03-11,Construction,Borrower breached the maximum leverage covenant in Q2 2024; reported 6.9x against a 4.5x threshold. Waiver request under negotiation with the bank group.,7,10,3,Downgrade,covenant_breach,19,covenants / covenant / test / additional
PD100603,2025-04-12,Manufacturing,Financial covenants tripped at the Q3 2025 test date. The borrower requested a covenant holiday through year end. Pricing step-up and additional reporting agreed as conditions.,7,7,0,No Change,covenant_breach,19,covenants / covenant / test / additional
PD100604,2024-11-07,Business Services,Commodity price downturn pressuring the entire sub-sector. Rig counts and shipment volumes at multi-year lows; borrower hedges roll off in 2 quarters.,8,10,2,Downgrade,industry_headwinds,0,sector / margin / outlook / operating
PD100605,2025-05-20,Commercial Real Estate,Cash flow from operations insufficient to cover fixed charges this cycle. FCCR dropped to 0.7x. Sponsor has been approached for an equity injection to shore up liquidity.,5,8,3,Downgrade,liquidity_stress,17,fccr / equity / breach / sponsor
PD100606,2024-09-08,Healthcare,OFAC compliance review identified potential sanctions exposure in an overseas subsidiary. Enhanced monitoring in place pending outside counsel findings.,7,10,3,Downgrade,legal_regulatory,4,exposure / filed / new / approximately
PD100607,2024-01-10,Technology,Term loan of $259M matures in 6 months with no committed refinancing. Current leverage of 5.6x makes a market refinance challenging.,6,6,0,No Change,refinancing_risk,15,refinancing / committed / market / term
PD100608,2024-11-10,Retail,Class action lawsuit filed alleging product defects; potential exposure estimated at $106M. Insurance coverage position remains unclear.,2,3,1,Downgrade,legal_regulatory,4,exposure / filed / new / approximately
PD100609,2024-03-02,Healthcare,New tariffs raise landed costs approximately 17% on the borrower's primary import lines. Ability to pass through to customers is unproven.,6,8,2,Downgrade,industry_headwinds,4,exposure / filed / new / approximately
PD100610,2025-06-16,Transportation,Financial covenants tripped at the Q1 2024 test date. The borrower requested a covenant holiday through year end. Pricing step-up and additional reporting agreed as conditions.,9,11,2,Downgrade,covenant_breach,19,covenants / covenant / test / additional
PD100611,2024-03-27,Agriculture,Significant cash burn observed. Unrestricted cash fell 59% quarter over quarter and the company is deferring capex to preserve liquidity. Monitoring weekly 13-week cash flow forecasts.,6,8,2,Downgrade,liquidity_stress,12,cash / significant / capex / monitoring
PD100612,2025-02-07,Retail,Revenue contracted 26% year over year driven by softening demand. Gross margin compressed 218 bps on input cost inflation the borrower could not pass through.,11,12,1,Downgrade,revenue_decline,18,pass / demand / margin / cost
PD100613,2024-05-13,Commercial Real Estate,"Leverage remains elevated at 6.9x with no clear deleveraging path. PIK toggle exercised on the mezzanine tranche this period, growing the debt stack.",4,7,3,Downgrade,refinancing_risk,8,period / debt / elevated / leverage
PD100614,2025-02-06,Business Services,EPA notice of violation received relating to the primary facility. Remediation cost estimates range up to $24M; operations could face interruption.,8,9,1,Downgrade,legal_regulatory,4,exposure / filed / new / approximately
PD100615,2024-08-27,Retail,"Refinancing risk elevated. The borrower's bonds trade at 65 cents on the dollar, signaling constrained capital markets access.",8,9,1,Downgrade,refinancing_risk,7,refinancing risk / risk elevated / trade / capital
PD100616,2024-04-21,Healthcare,Topline deterioration continues for a third consecutive quarter. Sales down 12% and order backlog thinning. Management lowered full-year guidance materially.,6,8,2,Downgrade,revenue_decline,1,sales / lowered fullyear / fullyear / continues
PD100617,2024-07-31,Construction,Borrower breached the maximum leverage covenant in Q2 2025; reported 5.9x against a 3.9x threshold. Waiver request under negotiation with the bank group.,6,8,2,Downgrade,covenant_breach,19,covenants / covenant / test / additional
PD100618,2024-05-02,Retail,EPA notice of violation received relating to the primary facility. Remediation cost estimates range up to $37M; operations could face interruption.,9,9,0,No Change,legal_regulatory,4,exposure / filed / new / approximately
PD100619,2024-02-11,Commercial Real Estate,Debt maturity wall approaching; 59% of funded debt comes due within 18 months. Sponsor exploring amend-and-extend but lender appetite is uncertain.,3,5,2,Downgrade,refinancing_risk,20,debt / sponsor / months / 
PD100620,2024-12-30,Transportation,Financial covenants tripped at the Q2 2024 test date. The borrower requested a covenant holiday through year end. Pricing step-up and additional reporting agreed as conditions.,8,10,2,Downgrade,covenant_breach,19,covenants / covenant / test / additional
PD100621,2024-11-02,Oil & Gas,OFAC compliance review identified potential sanctions exposure in an overseas subsidiary. Enhanced monitoring in place pending outside counsel findings.,9,9,0,No Change,legal_regulatory,4,exposure / filed / new / approximately
PD100622,2025-04-08,Hospitality,Debt maturity wall approaching; 41% of funded debt comes due within 18 months. Sponsor exploring amend-and-extend but lender appetite is uncertain.,8,10,2,Downgrade,refinancing_risk,20,debt / sponsor / months / 
PD100623,2024-05-23,Retail,"Leverage remains elevated at 6.1x with no clear deleveraging path. PIK toggle exercised on the mezzanine tranche this period, growing the debt stack.",5,7,2,Downgrade,refinancing_risk,8,period / debt / elevated / leverage
PD100624,2025-02-14,Technology,CFO resigned abruptly in Q1 2024 with no permanent successor named; interim finance lead has limited sector experience. Second C-suite departure in twelve months.,9,10,1,Downgrade,management_turnover,3,capital / operating / days / borrowing
PD100625,2024-03-17,Manufacturing,Sector outlook deteriorating; industry volumes down 17% and two regional competitors filed for Chapter 11 this year. Borrower exposed to the same demand drivers.,8,9,1,Downgrade,industry_headwinds,0,sector / margin / outlook / operating
PD100626,2024-04-04,Technology,Borrower has fully drawn the revolver with utilization at 91%. Cash position declined to $12M and liquidity runway is under 6 months without additional support.,6,8,2,Downgrade,liquidity_stress,16,position / revolver utilization / revolver / additional
PD100627,2025-03-19,Business Services,Term loan of $71M matures in 13 months with no committed refinancing. Current leverage of 5.1x makes a market refinance challenging.,7,9,2,Downgrade,refinancing_risk,15,refinancing / committed / market / term
PD100628,2025-03-12,Healthcare,"Adverse arbitration ruling requires payment of $36M within 90 days, straining liquidity. Appeal under consideration but counsel views prospects as limited.",8,8,0,No Change,legal_regulatory,10,auditor / inventory / period / counsel
PD100629,2024-10-08,Oil & Gas,Key customer initiated in-sourcing of the borrower's product line. Customer concentration remains high with top three accounts at 56% of sales.,9,10,1,Downgrade,customer_concentration,11,customer / concentration / product / order
PD100630,2024-09-08,Wholesale Trade,Same-store sales fell 9% and foot traffic remains weak. Inventory build of $7M raises markdown risk into next season.,8,11,3,Downgrade,revenue_decline,1,sales / lowered fullyear / fullyear / continues
PD100631,2025-05-05,Manufacturing,Significant cash burn observed. Unrestricted cash fell 61% quarter over quarter and the company is deferring capex to preserve liquidity. Monitoring weekly 13-week cash flow forecasts.,3,5,2,Downgrade,liquidity_stress,12,cash / significant / capex / monitoring
PD100632,2025-03-05,Commercial Real Estate,Audited financial statements are 95 days past due. Auditor cited unresolved revenue recognition matters; a going concern qualification has not been ruled out.,5,5,0,No Change,reporting_delinquency,9,ebitda / qualified / compliance / missed
PD100633,2024-01-20,Transportation,Contract repricing with the anchor customer cut unit margins 17%. Borrower has limited negotiating leverage given dependence on this relationship.,8,10,2,Downgrade,customer_concentration,18,pass / demand / margin / cost
PD100634,2025-05-11,Technology,"Auditor issued a qualified opinion related to inventory valuation. Management restated prior period results, reducing retained earnings by $18M.",7,8,1,Downgrade,reporting_delinquency,10,auditor / inventory / period / counsel
PD100635,2024-10-03,Healthcare,Contract repricing with the anchor customer cut unit margins 26%. Borrower has limited negotiating leverage given dependence on this relationship.,7,8,1,Downgrade,customer_concentration,19,covenants / covenant / test / additional
PD100636,2024-01-31,Oil & Gas,Successful refinancing completed; maturities extended to 2030 at improved pricing. Near-term refinancing risk eliminated.,7,6,-1,Upgrade,deleveraging,15,refinancing / committed / market / term
PD100637,2024-08-26,Healthcare,Borrower has fully drawn the revolver with utilization at 100%. Cash position declined to $10M and liquidity runway is under 5 months without additional support.,8,11,3,Downgrade,liquidity_stress,16,position / revolver utilization / revolver / additional
PD100638,2024-02-27,Commercial Real Estate,Borrower has fully drawn the revolver with utilization at 92%. Cash position declined to $12M and liquidity runway is under 4 months without additional support.,9,12,3,Downgrade,liquidity_stress,16,position / revolver utilization / revolver / additional
PD100639,2025-02-01,Technology,OFAC compliance review identified potential sanctions exposure in an overseas subsidiary. Enhanced monitoring in place pending outside counsel findings.,8,12,4,Downgrade,legal_regulatory,4,exposure / filed / new / approximately
PD100640,2024-11-21,Business Services,CEO transition announced amid board disagreement over strategy. Key-person risk elevated given founder's central role in top customer relationships.,6,6,0,No Change,management_turnover,6,annual / raised / repeated / concerns
PD100641,2024-12-26,Agriculture,Key customer initiated in-sourcing of the borrower's product line. Customer concentration remains high with top three accounts at 68% of sales.,9,9,0,No Change,customer_concentration,11,customer / concentration / product / order
PD100642,2024-07-11,Construction,Ownership dispute among family shareholders is distracting management. Succession plan remains undocumented despite repeated requests at annual review.,11,13,2,Downgrade,management_turnover,6,annual / raised / repeated / concerns
PD100643,2024-04-02,Manufacturing,Material weakness in internal controls disclosed. Segregation of duties issues in the treasury function; remediation plan requested by Q3 2024.,5,7,2,Downgrade,reporting_delinquency,2,headroom / concerns / missed / revolver
PD100644,2025-05-04,Manufacturing,New tariffs raise landed costs approximately 17% on the borrower's primary import lines. Ability to pass through to customers is unproven.,6,6,0,No Change,industry_headwinds,4,exposure / filed / new / approximately
PD100645,2024-05-13,Technology,Commodity price downturn pressuring the entire sub-sector. Rig counts and shipment volumes at multi-year lows; borrower hedges roll off in 4 quarters.,8,9,1,Downgrade,industry_headwinds,0,sector / margin / outlook / operating
PD100646,2024-05-31,Agriculture,Borrower delinquent on quarterly reporting for the second time this year. Field exam identified borrowing base discrepancies of approximately $7M.,7,7,0,No Change,reporting_delinquency,5,covenant / test / revolver utilization / discrepancies approximately
PD100647,2025-01-08,Retail,Debt maturity wall approaching; 47% of funded debt comes due within 18 months. Sponsor exploring amend-and-extend but lender appetite is uncertain.,7,9,2,Downgrade,refinancing_risk,20,debt / sponsor / months / 
PD100648,2025-02-09,Agriculture,EBITDA declined 37% versus plan on volume weakness and pricing pressure. Cost reduction program announced but savings not yet visible in results.,6,8,2,Downgrade,revenue_decline,21,pricing pressure / pressure / visible results / visible
PD100649,2025-03-23,Wholesale Trade,Borrower breached the maximum leverage covenant in Q3 2025; reported 5.5x against a 4.5x threshold. Waiver request under negotiation with the bank group.,7,7,0,No Change,covenant_breach,19,covenants / covenant / test / additional
PD100650,2024-12-31,Commercial Real Estate,Minimum EBITDA covenant missed by 28%. Compliance certificate delivered late with a qualified calculation. Documentation team reviewing reservation of rights letter.,4,7,3,Downgrade,covenant_breach,9,ebitda / qualified / compliance / missed
PD100651,2024-10-28,Healthcare,Springing covenant triggered as revolver utilization exceeded 32%. Borrower is now subject to full quarterly covenant testing and failed the first leverage test.,7,9,2,Downgrade,covenant_breach,5,covenant / test / revolver utilization / discrepancies approximately
PD100652,2024-02-03,Healthcare,Operating cash flow turned negative in Q1 2025. Working capital squeeze evident; payables stretched beyond 114 days and the borrower requested a temporary overadvance.,6,8,2,Downgrade,liquidity_stress,3,capital / operating / days / borrowing
PD100653,2024-08-14,Wholesale Trade,Contract repricing with the anchor customer cut unit margins 20%. Borrower has limited negotiating leverage given dependence on this relationship.,8,12,4,Downgrade,customer_concentration,19,covenants / covenant / test / additional
PD100654,2024-03-20,Commercial Real Estate,Margin erosion accelerating; operating margin at 1% versus 11% prior year. Competitive discounting in the sector shows no sign of abating.,7,9,2,Downgrade,revenue_decline,0,sector / margin / outlook / operating
PD100655,2024-03-31,Business Services,Significant cash burn observed. Unrestricted cash fell 50% quarter over quarter and the company is deferring capex to preserve liquidity. Monitoring weekly 13-week cash flow forecasts.,5,7,2,Downgrade,liquidity_stress,12,cash / significant / capex / monitoring
PD100656,2024-08-02,Commercial Real Estate,EBITDA declined 29% versus plan on volume weakness and pricing pressure. Cost reduction program announced but savings not yet visible in results.,9,9,0,No Change,revenue_decline,1,sales / lowered fullyear / fullyear / continues
PD100657,2024-04-20,Business Services,Sector outlook deteriorating; industry volumes down 13% and two regional competitors filed for Chapter 11 this year. Borrower exposed to the same demand drivers.,6,7,1,Downgrade,industry_headwinds,0,sector / margin / outlook / operating
PD100658,2025-03-05,Healthcare,CFO resigned abruptly in Q1 2025 with no permanent successor named; interim finance lead has limited sector experience. Second C-suite departure in twelve months.,3,3,0,No Change,management_turnover,3,capital / operating / days / borrowing
PD100659,2024-12-25,Hospitality,"New contract wins add $78M of committed multi-year revenue, diversifying the customer base and improving visibility.",9,9,0,No Change,performance_improvement,14,regulatory / rates / revenue / multiyear
PD100660,2024-08-18,Healthcare,Same-store sales fell 8% and foot traffic remains weak. Inventory build of $35M raises markdown risk into next season.,6,8,2,Downgrade,revenue_decline,1,sales / lowered fullyear / fullyear / continues
PD100661,2024-02-04,Oil & Gas,Minimum EBITDA covenant missed by 10%. Compliance certificate delivered late with a qualified calculation. Documentation team reviewing reservation of rights letter.,7,8,1,Downgrade,covenant_breach,9,ebitda / qualified / compliance / missed
PD100662,2024-06-23,Transportation,Term loan of $213M matures in 10 months with no committed refinancing. Current leverage of 7.4x makes a market refinance challenging.,6,6,0,No Change,refinancing_risk,15,refinancing / committed / market / term
PD100663,2024-04-05,Technology,CEO transition announced amid board disagreement over strategy. Key-person risk elevated given founder's central role in top customer relationships.,5,6,1,Downgrade,management_turnover,6,annual / raised / repeated / concerns
PD100664,2025-05-09,Business Services,Ownership dispute among family shareholders is distracting management. Succession plan remains undocumented despite repeated requests at annual review.,7,8,1,Downgrade,management_turnover,6,annual / raised / repeated / concerns
PD100665,2025-03-20,Healthcare,Borrower has fully drawn the revolver with utilization at 98%. Cash position declined to $12M and liquidity runway is under 4 months without additional support.,8,10,2,Downgrade,liquidity_stress,16,position / revolver utilization / revolver / additional
PD100666,2024-09-28,Wholesale Trade,Term loan of $101M matures in 11 months with no committed refinancing. Current leverage of 5.5x makes a market refinance challenging.,5,8,3,Downgrade,refinancing_risk,15,refinancing / committed / market / term
PD100667,2024-02-20,Transportation,"Auditor issued a qualified opinion related to inventory valuation. Management restated prior period results, reducing retained earnings by $12M.",7,9,2,Downgrade,reporting_delinquency,10,auditor / inventory / period / counsel
PD100668,2025-05-17,Healthcare,OFAC compliance review identified potential sanctions exposure in an overseas subsidiary. Enhanced monitoring in place pending outside counsel findings.,6,8,2,Downgrade,legal_regulatory,4,exposure / filed / new / approximately
PD100669,2024-10-28,Wholesale Trade,Turnaround gaining traction: EBITDA up 38% year over year and margins recovered to 9%. Cost actions delivered ahead of plan.,7,5,-2,Upgrade,performance_improvement,9,ebitda / qualified / compliance / missed
PD100670,2024-01-27,Commercial Real Estate,Springing covenant triggered as revolver utilization exceeded 37%. Borrower is now subject to full quarterly covenant testing and failed the first leverage test.,7,9,2,Downgrade,covenant_breach,5,covenant / test / revolver utilization / discrepancies approximately
PD100671,2025-04-29,Retail,Topline deterioration continues for a third consecutive quarter. Sales down 17% and order backlog thinning. Management lowered full-year guidance materially.,13,14,1,Downgrade,revenue_decline,1,sales / lowered fullyear / fullyear / continues
PD100672,2024-09-28,Retail,Significant cash burn observed. Unrestricted cash fell 55% quarter over quarter and the company is deferring capex to preserve liquidity. Monitoring weekly 13-week cash flow forecasts.,7,8,1,Downgrade,liquidity_stress,12,cash / significant / capex / monitoring
PD100673,2025-01-25,Technology,Margin erosion accelerating; operating margin at 4% versus 9% prior year. Competitive discounting in the sector shows no sign of abating.,9,12,3,Downgrade,revenue_decline,0,sector / margin / outlook / operating
PD100674,2025-03-26,Construction,Regulatory investigation opened into billing practices. Legal reserves increased by $33M this quarter; reputational impact on new bookings possible.,6,6,0,No Change,legal_regulatory,10,auditor / inventory / period / counsel
PD100675,2024-03-04,Healthcare,"Refinancing risk elevated. The borrower's bonds trade at 62 cents on the dollar, signaling constrained capital markets access.",5,6,1,Downgrade,refinancing_risk,7,refinancing risk / risk elevated / trade / capital
PD100676,2025-02-27,Agriculture,Top customer representing 27% of revenue did not renew its contract at term. Replacement pipeline covers less than half of the lost volume.,10,11,1,Downgrade,customer_concentration,1,sales / lowered fullyear / fullyear / continues
PD100677,2025-01-31,Hospitality,Regulatory investigation opened into billing practices. Legal reserves increased by $40M this quarter; reputational impact on new bookings possible.,3,3,0,No Change,legal_regulatory,10,auditor / inventory / period / counsel
PD100678,2025-05-01,Agriculture,Repeated delays in delivering compliance certificates and monthly borrowing base certificates. Finance function appears under-resourced following staff departures.,10,10,0,No Change,reporting_delinquency,3,capital / operating / days / borrowing
PD100679,2025-02-08,Business Services,Debt maturity wall approaching; 70% of funded debt comes due within 18 months. Sponsor exploring amend-and-extend but lender appetite is uncertain.,5,8,3,Downgrade,refinancing_risk,20,debt / sponsor / months / 
PD100680,2024-06-20,Commercial Real Estate,Borrower breached the maximum leverage covenant in Q2 2024; reported 7.3x against a 3.9x threshold. Waiver request under negotiation with the bank group.,5,7,2,Downgrade,covenant_breach,19,covenants / covenant / test / additional
PD100681,2025-03-21,Commercial Real Estate,Strong Q2 2024 results with revenue growth of 21% and record backlog of $80M. Guidance raised for the full year.,5,3,-2,Upgrade,performance_improvement,0,sector / margin / outlook / operating
PD100682,2024-03-09,Retail,Operating cash flow turned negative in Q3 2025. Working capital squeeze evident; payables stretched beyond 118 days and the borrower requested a temporary overadvance.,10,13,3,Downgrade,liquidity_stress,3,capital / operating / days / borrowing
PD100683,2024-10-09,Hospitality,Same-store sales fell 17% and foot traffic remains weak. Inventory build of $40M raises markdown risk into next season.,7,8,1,Downgrade,revenue_decline,1,sales / lowered fullyear / fullyear / continues
PD100684,2024-04-25,Transportation,Same-store sales fell 5% and foot traffic remains weak. Inventory build of $38M raises markdown risk into next season.,9,12,3,Downgrade,revenue_decline,1,sales / lowered fullyear / fullyear / continues
PD100685,2024-04-12,Retail,Topline deterioration continues for a third consecutive quarter. Sales down 12% and order backlog thinning. Management lowered full-year guidance materially.,11,12,1,Downgrade,revenue_decline,1,sales / lowered fullyear / fullyear / continues
PD100686,2024-12-18,Transportation,Springing covenant triggered as revolver utilization exceeded 31%. Borrower is now subject to full quarterly covenant testing and failed the first leverage test.,6,8,2,Downgrade,covenant_breach,5,covenant / test / revolver utilization / discrepancies approximately
PD100687,2025-04-29,Manufacturing,Commodity price downturn pressuring the entire sub-sector. Rig counts and shipment volumes at multi-year lows; borrower hedges roll off in 3 quarters.,7,9,2,Downgrade,industry_headwinds,0,sector / margin / outlook / operating
PD100688,2025-02-15,Manufacturing,Operating cash flow turned negative in Q3 2025. Working capital squeeze evident; payables stretched beyond 69 days and the borrower requested a temporary overadvance.,7,9,2,Downgrade,liquidity_stress,3,capital / operating / days / borrowing
PD100689,2024-02-20,Business Services,Minimum EBITDA covenant missed by 18%. Compliance certificate delivered late with a qualified calculation. Documentation team reviewing reservation of rights letter.,3,5,2,Downgrade,covenant_breach,9,ebitda / qualified / compliance / missed
PD100690,2024-01-21,Technology,"New contract wins add $49M of committed multi-year revenue, diversifying the customer base and improving visibility.",9,7,-2,Upgrade,performance_improvement,14,regulatory / rates / revenue / multiyear
PD100691,2025-05-18,Business Services,"Auditor issued a qualified opinion related to inventory valuation. Management restated prior period results, reducing retained earnings by $12M.",4,4,0,No Change,reporting_delinquency,10,auditor / inventory / period / counsel
PD100692,2025-03-29,Technology,Revenue contracted 17% year over year driven by softening demand. Gross margin compressed 218 bps on input cost inflation the borrower could not pass through.,4,6,2,Downgrade,revenue_decline,18,pass / demand / margin / cost
PD100693,2024-04-01,Commercial Real Estate,"Auditor issued a qualified opinion related to inventory valuation. Management restated prior period results, reducing retained earnings by $16M.",10,12,2,Downgrade,reporting_delinquency,10,auditor / inventory / period / counsel
PD100694,2025-02-20,Business Services,"Adverse arbitration ruling requires payment of $18M within 90 days, straining liquidity. Appeal under consideration but counsel views prospects as limited.",3,4,1,Downgrade,legal_regulatory,10,auditor / inventory / period / counsel
PD100695,2024-02-27,Hospitality,Minimum EBITDA covenant missed by 24%. Compliance certificate delivered late with a qualified calculation. Documentation team reviewing reservation of rights letter.,4,5,1,Downgrade,covenant_breach,9,ebitda / qualified / compliance / missed
PD100696,2025-06-20,Agriculture,Asset sale proceeds of $41M applied to term debt. Leverage reduced to 2.5x from 4.8x at last review.,3,2,-1,Upgrade,deleveraging,7,refinancing risk / risk elevated / trade / capital
PD100697,2024-07-24,Manufacturing,Audited financial statements are 82 days past due. Auditor cited unresolved revenue recognition matters; a going concern qualification has not been ruled out.,7,7,0,No Change,reporting_delinquency,9,ebitda / qualified / compliance / missed
PD100698,2025-01-04,Business Services,Borrower delinquent on quarterly reporting for the second time this year. Field exam identified borrowing base discrepancies of approximately $2M.,1,2,1,Downgrade,reporting_delinquency,3,capital / operating / days / borrowing
PD100699,2024-05-06,Wholesale Trade,Asset sale proceeds of $95M applied to term debt. Leverage reduced to 2.6x from 4.7x at last review.,8,7,-1,Upgrade,deleveraging,7,refinancing risk / risk elevated / trade / capital
PD100700,2025-04-01,Healthcare,Audited financial statements are 90 days past due. Auditor cited unresolved revenue recognition matters; a going concern qualification has not been ruled out.,4,6,2,Downgrade,reporting_delinquency,6,annual / raised / repeated / concerns
PD100701,2024-12-24,Technology,Governance concerns raised after the audit committee chair stepped down. Board composition now lacks independent financial expertise.,7,8,1,Downgrade,management_turnover,6,annual / raised / repeated / concerns
PD100702,2024-04-02,Oil & Gas,New tariffs raise landed costs approximately 18% on the borrower's primary import lines. Ability to pass through to customers is unproven.,8,10,2,Downgrade,industry_headwinds,4,exposure / filed / new / approximately
PD100703,2024-08-07,Commercial Real Estate,Sector outlook deteriorating; industry volumes down 14% and two regional competitors filed for Chapter 11 this year. Borrower exposed to the same demand drivers.,6,6,0,No Change,industry_headwinds,0,sector / margin / outlook / operating
PD100704,2025-02-23,Hospitality,Loss of a major account announced; $36M of annual revenue affected beginning next quarter. Concentration risk previously flagged at underwriting.,8,9,1,Downgrade,customer_concentration,13,hedges / rates / market / quarters
PD100705,2024-06-26,Agriculture,Turnaround gaining traction: EBITDA up 15% year over year and margins recovered to 16%. Cost actions delivered ahead of plan.,7,4,-3,Upgrade,performance_improvement,9,ebitda / qualified / compliance / missed
PD100706,2024-11-08,Business Services,Successful refinancing completed; maturities extended to 2029 at improved pricing. Near-term refinancing risk eliminated.,9,7,-2,Upgrade,deleveraging,15,refinancing / committed / market / term
PD100707,2024-12-23,Construction,"Auditor issued a qualified opinion related to inventory valuation. Management restated prior period results, reducing retained earnings by $16M.",4,5,1,Downgrade,reporting_delinquency,10,auditor / inventory / period / counsel
PD100708,2025-06-17,Agriculture,Financial covenants tripped at the Q2 2025 test date. The borrower requested a covenant holiday through year end. Pricing step-up and additional reporting agreed as conditions.,6,9,3,Downgrade,covenant_breach,19,covenants / covenant / test / additional
PD100709,2025-06-07,Wholesale Trade,"Regulatory change effective next year is expected to reduce reimbursement rates by 14%, directly compressing borrower revenue in its core segment.",13,13,0,No Change,industry_headwinds,14,regulatory / rates / revenue / multiyear
PD100710,2024-10-16,Oil & Gas,EPA notice of violation received relating to the primary facility. Remediation cost estimates range up to $43M; operations could face interruption.,7,9,2,Downgrade,legal_regulatory,4,exposure / filed / new / approximately
PD100711,2024-10-10,Wholesale Trade,Class action lawsuit filed alleging product defects; potential exposure estimated at $133M. Insurance coverage position remains unclear.,8,8,0,No Change,legal_regulatory,4,exposure / filed / new / approximately
PD100712,2024-11-01,Commercial Real Estate,"Sponsor injected $50M of fresh equity, curing the covenant breach and funding the growth capex program. Liquidity restored to $63M.",7,5,-2,Upgrade,deleveraging,17,fccr / equity / breach / sponsor
PD100713,2024-02-28,Agriculture,Regulatory investigation opened into billing practices. Legal reserves increased by $38M this quarter; reputational impact on new bookings possible.,10,11,1,Downgrade,legal_regulatory,10,auditor / inventory / period / counsel
PD100714,2024-05-23,Business Services,"New contract wins add $99M of committed multi-year revenue, diversifying the customer base and improving visibility.",8,4,-4,Upgrade,performance_improvement,14,regulatory / rates / revenue / multiyear
PD100715,2024-10-29,Oil & Gas,Audited financial statements are 143 days past due. Auditor cited unresolved revenue recognition matters; a going concern qualification has not been ruled out.,11,12,1,Downgrade,reporting_delinquency,9,ebitda / qualified / compliance / missed
PD100716,2024-07-13,Technology,"Interest burden up sharply post rate resets; cash interest coverage at 1.2x. Hedges expired and were not replaced, leaving full floating-rate exposure.",5,7,2,Downgrade,refinancing_risk,13,hedges / rates / market / quarters
PD100717,2025-05-02,Wholesale Trade,Topline deterioration continues for a third consecutive quarter. Sales down 25% and order backlog thinning. Management lowered full-year guidance materially.,10,11,1,Downgrade,revenue_decline,13,hedges / rates / market / quarters
PD100718,2024-06-23,Wholesale Trade,EBITDA declined 31% versus plan on volume weakness and pricing pressure. Cost reduction program announced but savings not yet visible in results.,9,11,2,Downgrade,revenue_decline,21,pricing pressure / pressure / visible results / visible
PD100719,2024-05-11,Business Services,Margin erosion accelerating; operating margin at 2% versus 10% prior year. Competitive discounting in the sector shows no sign of abating.,8,8,0,No Change,revenue_decline,0,sector / margin / outlook / operating
PD100720,2024-08-15,Technology,Financial covenants tripped at the Q2 2025 test date. The borrower requested a covenant holiday through year end. Pricing step-up and additional reporting agreed as conditions.,9,12,3,Downgrade,covenant_breach,19,covenants / covenant / test / additional
PD100721,2024-12-05,Technology,Debt maturity wall approaching; 59% of funded debt comes due within 18 months. Sponsor exploring amend-and-extend but lender appetite is uncertain.,8,10,2,Downgrade,refinancing_risk,20,debt / sponsor / months / 
PD100722,2024-04-30,Construction,"Auditor issued a qualified opinion related to inventory valuation. Management restated prior period results, reducing retained earnings by $21M.",7,8,1,Downgrade,reporting_delinquency,10,auditor / inventory / period / counsel
PD100723,2025-01-25,Hospitality,Borrower has fully drawn the revolver with utilization at 87%. Cash position declined to $9M and liquidity runway is under 4 months without additional support.,3,4,1,Downgrade,liquidity_stress,16,position / revolver utilization / revolver / additional
PD100724,2024-06-03,Healthcare,Significant cash burn observed. Unrestricted cash fell 56% quarter over quarter and the company is deferring capex to preserve liquidity. Monitoring weekly 13-week cash flow forecasts.,5,5,0,No Change,liquidity_stress,12,cash / significant / capex / monitoring
PD100725,2025-04-13,Healthcare,Loss of a major account announced; $53M of annual revenue affected beginning next quarter. Concentration risk previously flagged at underwriting.,7,9,2,Downgrade,customer_concentration,13,hedges / rates / market / quarters
PD100726,2024-03-23,Construction,EBITDA declined 42% versus plan on volume weakness and pricing pressure. Cost reduction program announced but savings not yet visible in results.,7,8,1,Downgrade,revenue_decline,21,pricing pressure / pressure / visible results / visible
PD100727,2024-11-16,Wholesale Trade,Key customer initiated in-sourcing of the borrower's product line. Customer concentration remains high with top three accounts at 70% of sales.,7,9,2,Downgrade,customer_concentration,11,customer / concentration / product / order
PD100728,2024-06-21,Agriculture,Borrower has fully drawn the revolver with utilization at 85%. Cash position declined to $9M and liquidity runway is under 5 months without additional support.,3,5,2,Downgrade,liquidity_stress,16,position / revolver utilization / revolver / additional
PD100729,2024-03-31,Healthcare,Fixed charge coverage covenant violation reported. FCCR of 0.9x versus required 1.10x. This is the second consecutive quarterly breach; amendment discussions ongoing.,9,10,1,Downgrade,covenant_breach,17,fccr / equity / breach / sponsor
PD100730,2025-03-15,Construction,Operational restructuring complete; plant consolidation yields $18M of annualized savings. Order intake trending 30% above prior year.,9,7,-2,Upgrade,performance_improvement,11,customer / concentration / product / order
PD100731,2025-01-17,Manufacturing,Same-store sales fell 5% and foot traffic remains weak. Inventory build of $7M raises markdown risk into next season.,4,5,1,Downgrade,revenue_decline,1,sales / lowered fullyear / fullyear / continues
PD100732,2024-07-14,Manufacturing,"Refinancing risk elevated. The borrower's bonds trade at 79 cents on the dollar, signaling constrained capital markets access.",7,9,2,Downgrade,refinancing_risk,7,refinancing risk / risk elevated / trade / capital
PD100733,2024-12-18,Oil & Gas,Revenue contracted 30% year over year driven by softening demand. Gross margin compressed 525 bps on input cost inflation the borrower could not pass through.,5,7,2,Downgrade,revenue_decline,18,pass / demand / margin / cost
PD100734,2024-02-16,Oil & Gas,Strong Q1 2025 results with revenue growth of 24% and record backlog of $196M. Guidance raised for the full year.,1,1,0,No Change,performance_improvement,0,sector / margin / outlook / operating
PD100735,2025-06-20,Technology,"Auditor issued a qualified opinion related to inventory valuation. Management restated prior period results, reducing retained earnings by $17M.",6,8,2,Downgrade,reporting_delinquency,10,auditor / inventory / period / counsel
PD100736,2024-12-16,Construction,"Interest burden up sharply post rate resets; cash interest coverage at 1.5x. Hedges expired and were not replaced, leaving full floating-rate exposure.",9,10,1,Downgrade,refinancing_risk,13,hedges / rates / market / quarters
PD100737,2025-02-17,Manufacturing,EPA notice of violation received relating to the primary facility. Remediation cost estimates range up to $56M; operations could face interruption.,8,11,3,Downgrade,legal_regulatory,4,exposure / filed / new / approximately
PD100738,2024-05-14,Commercial Real Estate,New tariffs raise landed costs approximately 17% on the borrower's primary import lines. Ability to pass through to customers is unproven.,8,9,1,Downgrade,industry_headwinds,4,exposure / filed / new / approximately
PD100739,2025-01-10,Business Services,Revenue contracted 28% year over year driven by softening demand. Gross margin compressed 408 bps on input cost inflation the borrower could not pass through.,3,5,2,Downgrade,revenue_decline,18,pass / demand / margin / cost
PD100740,2024-02-19,Agriculture,Borrower has fully drawn the revolver with utilization at 97%. Cash position declined to $12M and liquidity runway is under 5 months without additional support.,6,8,2,Downgrade,liquidity_stress,16,position / revolver utilization / revolver / additional
PD100741,2024-01-21,Manufacturing,Top customer representing 46% of revenue did not renew its contract at term. Replacement pipeline covers less than half of the lost volume.,6,6,0,No Change,customer_concentration,1,sales / lowered fullyear / fullyear / continues
PD100742,2024-09-15,Construction,Revenue contracted 23% year over year driven by softening demand. Gross margin compressed 377 bps on input cost inflation the borrower could not pass through.,6,8,2,Downgrade,revenue_decline,18,pass / demand / margin / cost
PD100743,2024-01-10,Oil & Gas,Regulatory investigation opened into billing practices. Legal reserves increased by $18M this quarter; reputational impact on new bookings possible.,5,7,2,Downgrade,legal_regulatory,10,auditor / inventory / period / counsel
PD100744,2024-10-03,Agriculture,Liquidity concerns escalating. The borrower missed a scheduled sweep and drew the remaining $6M of revolver availability to fund payroll. Treasury reports minimal headroom.,4,5,1,Downgrade,liquidity_stress,2,headroom / concerns / missed / revolver
PD100745,2025-03-04,Retail,OFAC compliance review identified potential sanctions exposure in an overseas subsidiary. Enhanced monitoring in place pending outside counsel findings.,9,10,1,Downgrade,legal_regulatory,4,exposure / filed / new / approximately
PD100746,2024-04-26,Retail,Operational restructuring complete; plant consolidation yields $28M of annualized savings. Order intake trending 29% above prior year.,9,9,0,No Change,performance_improvement,11,customer / concentration / product / order
PD100747,2025-06-19,Commercial Real Estate,Same-store sales fell 11% and foot traffic remains weak. Inventory build of $17M raises markdown risk into next season.,7,10,3,Downgrade,revenue_decline,1,sales / lowered fullyear / fullyear / continues
PD100748,2024-06-13,Manufacturing,EBITDA declined 37% versus plan on volume weakness and pricing pressure. Cost reduction program announced but savings not yet visible in results.,10,12,2,Downgrade,revenue_decline,21,pricing pressure / pressure / visible results / visible
PD100749,2025-05-07,Technology,Cash flow from operations insufficient to cover fixed charges this cycle. FCCR dropped to 0.8x. Sponsor has been approached for an equity injection to shore up liquidity.,8,9,1,Downgrade,liquidity_stress,17,fccr / equity / breach / sponsor
PD100750,2024-04-01,Retail,Debt maturity wall approaching; 40% of funded debt comes due within 18 months. Sponsor exploring amend-and-extend but lender appetite is uncertain.,7,7,0,No Change,refinancing_risk,20,debt / sponsor / months / 
PD100751,2024-04-02,Hospitality,Margin erosion accelerating; operating margin at 6% versus 11% prior year. Competitive discounting in the sector shows no sign of abating.,7,8,1,Downgrade,revenue_decline,0,sector / margin / outlook / operating
PD100752,2024-10-30,Oil & Gas,Term loan of $101M matures in 10 months with no committed refinancing. Current leverage of 6.6x makes a market refinance challenging.,7,8,1,Downgrade,refinancing_risk,15,refinancing / committed / market / term
PD100753,2024-02-10,Oil & Gas,Voluntary prepayment of $16M made this quarter. FCCR improved to 1.6x and all covenants passed with comfortable headroom.,1,1,0,No Change,deleveraging,10,auditor / inventory / period / counsel
PD100754,2024-11-16,Transportation,"Significant management turnover noted: controller, treasurer, and head of operations all departed within two quarters. Institutional knowledge loss is a concern for reporting quality.",6,6,0,No Change,management_turnover,6,annual / raised / repeated / concerns
PD100755,2024-02-16,Manufacturing,Revenue contracted 13% year over year driven by softening demand. Gross margin compressed 585 bps on input cost inflation the borrower could not pass through.,10,11,1,Downgrade,revenue_decline,18,pass / demand / margin / cost
PD100756,2025-03-24,Agriculture,Regulatory investigation opened into billing practices. Legal reserves increased by $15M this quarter; reputational impact on new bookings possible.,8,8,0,No Change,legal_regulatory,10,auditor / inventory / period / counsel
PD100757,2024-12-16,Healthcare,Commodity price downturn pressuring the entire sub-sector. Rig counts and shipment volumes at multi-year lows; borrower hedges roll off in 4 quarters.,6,6,0,No Change,industry_headwinds,0,sector / margin / outlook / operating
PD100758,2025-01-29,Business Services,Term loan of $255M matures in 12 months with no committed refinancing. Current leverage of 7.4x makes a market refinance challenging.,4,7,3,Downgrade,refinancing_risk,15,refinancing / committed / market / term
PD100759,2024-06-19,Retail,Liquidity concerns escalating. The borrower missed a scheduled sweep and drew the remaining $16M of revolver availability to fund payroll. Treasury reports minimal headroom.,10,13,3,Downgrade,liquidity_stress,2,headroom / concerns / missed / revolver
PD100760,2024-06-12,Retail,Topline deterioration continues for a third consecutive quarter. Sales down 9% and order backlog thinning. Management lowered full-year guidance materially.,4,7,3,Downgrade,revenue_decline,1,sales / lowered fullyear / fullyear / continues
PD100761,2025-03-24,Healthcare,"Interest burden up sharply post rate resets; cash interest coverage at 1.5x. Hedges expired and were not replaced, leaving full floating-rate exposure.",7,9,2,Downgrade,refinancing_risk,13,hedges / rates / market / quarters
PD100762,2024-01-30,Wholesale Trade,Margin erosion accelerating; operating margin at 4% versus 14% prior year. Competitive discounting in the sector shows no sign of abating.,6,7,1,Downgrade,revenue_decline,0,sector / margin / outlook / operating
PD100763,2025-03-27,Manufacturing,Operating cash flow turned negative in Q4 2025. Working capital squeeze evident; payables stretched beyond 67 days and the borrower requested a temporary overadvance.,3,5,2,Downgrade,liquidity_stress,3,capital / operating / days / borrowing
PD100764,2024-01-13,Business Services,Class action lawsuit filed alleging product defects; potential exposure estimated at $76M. Insurance coverage position remains unclear.,6,7,1,Downgrade,legal_regulatory,4,exposure / filed / new / approximately
PD100765,2024-04-07,Transportation,Prolonged softness in the freight market; spot rates below breakeven for 4 consecutive quarters. Fleet utilization at 70%.,9,8,-1,Upgrade,industry_headwinds,13,hedges / rates / market / quarters
PD100766,2025-01-29,Healthcare,Borrower delinquent on quarterly reporting for the second time this year. Field exam identified borrowing base discrepancies of approximately $9M.,7,8,1,Downgrade,reporting_delinquency,5,covenant / test / revolver utilization / discrepancies approximately
PD100767,2024-01-12,Wholesale Trade,Debt paydown ahead of schedule; net leverage now 2.9x. Rating outlook revised to stable given strengthened balance sheet.,11,9,-2,Upgrade,deleveraging,8,period / debt / elevated / leverage
PD100768,2025-05-22,Healthcare,Topline deterioration continues for a third consecutive quarter. Sales down 24% and order backlog thinning. Management lowered full-year guidance materially.,9,11,2,Downgrade,revenue_decline,13,hedges / rates / market / quarters
PD100769,2024-09-03,Technology,Sector outlook deteriorating; industry volumes down 20% and two regional competitors filed for Chapter 11 this year. Borrower exposed to the same demand drivers.,6,7,1,Downgrade,industry_headwinds,0,sector / margin / outlook / operating
PD100770,2025-01-22,Transportation,Financial covenants tripped at the Q1 2024 test date. The borrower requested a covenant holiday through year end. Pricing step-up and additional reporting agreed as conditions.,7,10,3,Downgrade,covenant_breach,19,covenants / covenant / test / additional
PD100771,2025-04-03,Retail,Topline deterioration continues for a third consecutive quarter. Sales down 10% and order backlog thinning. Management lowered full-year guidance materially.,9,9,0,No Change,revenue_decline,1,sales / lowered fullyear / fullyear / continues
PD100772,2024-01-19,Retail,Voluntary prepayment of $67M made this quarter. FCCR improved to 1.8x and all covenants passed with comfortable headroom.,7,5,-2,Upgrade,deleveraging,10,auditor / inventory / period / counsel
PD100773,2024-01-01,Retail,Largest customer filed for bankruptcy protection; receivable exposure of $16M likely impaired. Trade credit insurance covers only a portion.,2,2,0,No Change,customer_concentration,4,exposure / filed / new / approximately
PD100774,2025-06-04,Hospitality,Margin erosion accelerating; operating margin at 5% versus 13% prior year. Competitive discounting in the sector shows no sign of abating.,7,7,0,No Change,revenue_decline,0,sector / margin / outlook / operating
PD100775,2025-01-07,Manufacturing,Loss of a major account announced; $68M of annual revenue affected beginning next quarter. Concentration risk previously flagged at underwriting.,5,6,1,Downgrade,customer_concentration,13,hedges / rates / market / quarters
PD100776,2025-01-07,Business Services,Asset sale proceeds of $141M applied to term debt. Leverage reduced to 2.5x from 5.2x at last review.,7,5,-2,Upgrade,deleveraging,7,refinancing risk / risk elevated / trade / capital
PD100777,2024-01-03,Technology,Voluntary prepayment of $24M made this quarter. FCCR improved to 1.6x and all covenants passed with comfortable headroom.,7,5,-2,Upgrade,deleveraging,10,auditor / inventory / period / counsel
PD100778,2024-02-16,Healthcare,Financial covenants tripped at the Q3 2025 test date. The borrower requested a covenant holiday through year end. Pricing step-up and additional reporting agreed as conditions.,6,8,2,Downgrade,covenant_breach,19,covenants / covenant / test / additional
PD100779,2025-02-23,Retail,Repeated delays in delivering compliance certificates and monthly borrowing base certificates. Finance function appears under-resourced following staff departures.,8,11,3,Downgrade,reporting_delinquency,3,capital / operating / days / borrowing
PD100780,2025-02-06,Commercial Real Estate,Financial covenants tripped at the Q2 2024 test date. The borrower requested a covenant holiday through year end. Pricing step-up and additional reporting agreed as conditions.,8,11,3,Downgrade,covenant_breach,19,covenants / covenant / test / additional
PD100781,2025-02-28,Manufacturing,Same-store sales fell 11% and foot traffic remains weak. Inventory build of $26M raises markdown risk into next season.,4,4,0,No Change,revenue_decline,1,sales / lowered fullyear / fullyear / continues
PD100782,2025-04-13,Wholesale Trade,Margin erosion accelerating; operating margin at 1% versus 14% prior year. Competitive discounting in the sector shows no sign of abating.,6,8,2,Downgrade,revenue_decline,0,sector / margin / outlook / operating
PD100783,2024-02-19,Hospitality,Prolonged softness in the freight market; spot rates below breakeven for 4 consecutive quarters. Fleet utilization at 75%.,8,8,0,No Change,industry_headwinds,13,hedges / rates / market / quarters
PD100784,2024-06-30,Business Services,Liquidity concerns escalating. The borrower missed a scheduled sweep and drew the remaining $18M of revolver availability to fund payroll. Treasury reports minimal headroom.,5,9,4,Downgrade,liquidity_stress,2,headroom / concerns / missed / revolver
PD100785,2024-04-16,Transportation,Cash flow from operations insufficient to cover fixed charges this cycle. FCCR dropped to 0.7x. Sponsor has been approached for an equity injection to shore up liquidity.,7,10,3,Downgrade,liquidity_stress,17,fccr / equity / breach / sponsor
PD100786,2025-05-31,Transportation,Springing covenant triggered as revolver utilization exceeded 39%. Borrower is now subject to full quarterly covenant testing and failed the first leverage test.,11,13,2,Downgrade,covenant_breach,5,covenant / test / revolver utilization / discrepancies approximately
PD100787,2024-12-17,Oil & Gas,Liquidity concerns escalating. The borrower missed a scheduled sweep and drew the remaining $10M of revolver availability to fund payroll. Treasury reports minimal headroom.,9,11,2,Downgrade,liquidity_stress,2,headroom / concerns / missed / revolver
PD100788,2024-05-21,Transportation,Governance concerns raised after the audit committee chair stepped down. Board composition now lacks independent financial expertise.,2,5,3,Downgrade,management_turnover,6,annual / raised / repeated / concerns
PD100789,2024-11-02,Business Services,Cash flow from operations insufficient to cover fixed charges this cycle. FCCR dropped to 0.8x. Sponsor has been approached for an equity injection to shore up liquidity.,7,8,1,Downgrade,liquidity_stress,17,fccr / equity / breach / sponsor
PD100790,2024-08-10,Commercial Real Estate,Springing covenant triggered as revolver utilization exceeded 35%. Borrower is now subject to full quarterly covenant testing and failed the first leverage test.,6,9,3,Downgrade,covenant_breach,5,covenant / test / revolver utilization / discrepancies approximately
PD100791,2024-05-15,Business Services,Asset sale proceeds of $184M applied to term debt. Leverage reduced to 3.1x from 5.0x at last review.,7,5,-2,Upgrade,deleveraging,7,refinancing risk / risk elevated / trade / capital
PD100792,2024-11-26,Business Services,Fixed charge coverage covenant violation reported. FCCR of 0.9x versus required 1.10x. This is the second consecutive quarterly breach; amendment discussions ongoing.,11,12,1,Downgrade,covenant_breach,17,fccr / equity / breach / sponsor
PD100793,2025-03-03,Wholesale Trade,Borrower has fully drawn the revolver with utilization at 96%. Cash position declined to $10M and liquidity runway is under 6 months without additional support.,7,9,2,Downgrade,liquidity_stress,16,position / revolver utilization / revolver / additional
PD100794,2025-03-08,Manufacturing,Springing covenant triggered as revolver utilization exceeded 34%. Borrower is now subject to full quarterly covenant testing and failed the first leverage test.,8,10,2,Downgrade,covenant_breach,5,covenant / test / revolver utilization / discrepancies approximately
PD100795,2024-05-28,Manufacturing,Contract repricing with the anchor customer cut unit margins 13%. Borrower has limited negotiating leverage given dependence on this relationship.,7,7,0,No Change,customer_concentration,18,pass / demand / margin / cost
PD100796,2024-10-20,Wholesale Trade,Term loan of $152M matures in 10 months with no committed refinancing. Current leverage of 6.9x makes a market refinance challenging.,9,10,1,Downgrade,refinancing_risk,15,refinancing / committed / market / term
PD100797,2024-10-29,Commercial Real Estate,"Refinancing risk elevated. The borrower's bonds trade at 59 cents on the dollar, signaling constrained capital markets access.",8,9,1,Downgrade,refinancing_risk,7,refinancing risk / risk elevated / trade / capital
PD100798,2025-04-08,Retail,Contract repricing with the anchor customer cut unit margins 11%. Borrower has limited negotiating leverage given dependence on this relationship.,6,7,1,Downgrade,customer_concentration,18,pass / demand / margin / cost
PD100799,2024-08-17,Business Services,Cash flow from operations insufficient to cover fixed charges this cycle. FCCR dropped to 0.9x. Sponsor has been approached for an equity injection to shore up liquidity.,8,10,2,Downgrade,liquidity_stress,17,fccr / equity / breach / sponsor
PD100800,2024-10-21,Business Services,Springing covenant triggered as revolver utilization exceeded 36%. Borrower is now subject to full quarterly covenant testing and failed the first leverage test.,4,7,3,Downgrade,covenant_breach,5,covenant / test / revolver utilization / discrepancies approximately
PD100801,2024-11-16,Hospitality,Revenue contracted 22% year over year driven by softening demand. Gross margin compressed 348 bps on input cost inflation the borrower could not pass through.,8,10,2,Downgrade,revenue_decline,18,pass / demand / margin / cost
PD100802,2025-03-29,Commercial Real Estate,Borrower has fully drawn the revolver with utilization at 85%. Cash position declined to $13M and liquidity runway is under 5 months without additional support.,6,8,2,Downgrade,liquidity_stress,16,position / revolver utilization / revolver / additional
PD100803,2024-07-20,Business Services,Commodity price downturn pressuring the entire sub-sector. Rig counts and shipment volumes at multi-year lows; borrower hedges roll off in 4 quarters.,5,7,2,Downgrade,industry_headwinds,0,sector / margin / outlook / operating
PD100804,2024-03-17,Healthcare,Topline deterioration continues for a third consecutive quarter. Sales down 17% and order backlog thinning. Management lowered full-year guidance materially.,9,10,1,Downgrade,revenue_decline,1,sales / lowered fullyear / fullyear / continues
PD100805,2024-09-27,Healthcare,Asset sale proceeds of $156M applied to term debt. Leverage reduced to 2.2x from 4.1x at last review.,4,1,-3,Upgrade,deleveraging,7,refinancing risk / risk elevated / trade / capital
PD100806,2025-04-22,Business Services,Loss of a major account announced; $42M of annual revenue affected beginning next quarter. Concentration risk previously flagged at underwriting.,3,3,0,No Change,customer_concentration,13,hedges / rates / market / quarters
PD100807,2024-11-26,Agriculture,Loss of a major account announced; $15M of annual revenue affected beginning next quarter. Concentration risk previously flagged at underwriting.,8,8,0,No Change,customer_concentration,13,hedges / rates / market / quarters
PD100808,2024-11-04,Construction,Revenue contracted 34% year over year driven by softening demand. Gross margin compressed 470 bps on input cost inflation the borrower could not pass through.,4,6,2,Downgrade,revenue_decline,18,pass / demand / margin / cost
PD100809,2024-11-21,Hospitality,Springing covenant triggered as revolver utilization exceeded 38%. Borrower is now subject to full quarterly covenant testing and failed the first leverage test.,4,6,2,Downgrade,covenant_breach,5,covenant / test / revolver utilization / discrepancies approximately
PD100810,2025-03-01,Hospitality,Operating cash flow turned negative in Q2 2024. Working capital squeeze evident; payables stretched beyond 110 days and the borrower requested a temporary overadvance.,6,9,3,Downgrade,liquidity_stress,3,capital / operating / days / borrowing
PD100811,2024-08-06,Wholesale Trade,Debt paydown ahead of schedule; net leverage now 2.3x. Rating outlook revised to stable given strengthened balance sheet.,4,4,0,No Change,deleveraging,8,period / debt / elevated / leverage
PD100812,2024-08-11,Agriculture,"Auditor issued a qualified opinion related to inventory valuation. Management restated prior period results, reducing retained earnings by $13M.",11,12,1,Downgrade,reporting_delinquency,10,auditor / inventory / period / counsel
PD100813,2024-01-10,Retail,Margin erosion accelerating; operating margin at 4% versus 12% prior year. Competitive discounting in the sector shows no sign of abating.,9,10,1,Downgrade,revenue_decline,0,sector / margin / outlook / operating
PD100814,2024-09-06,Manufacturing,Borrower returned to profitability after two loss-making years. Cash conversion improved and the revolver is now undrawn.,7,6,-1,Upgrade,performance_improvement,16,position / revolver utilization / revolver / additional
PD100815,2024-04-26,Transportation,Key customer initiated in-sourcing of the borrower's product line. Customer concentration remains high with top three accounts at 62% of sales.,6,4,-2,Upgrade,customer_concentration,11,customer / concentration / product / order
PD100816,2025-01-18,Hospitality,Financial covenants tripped at the Q3 2024 test date. The borrower requested a covenant holiday through year end. Pricing step-up and additional reporting agreed as conditions.,4,6,2,Downgrade,covenant_breach,19,covenants / covenant / test / additional
PD100817,2024-07-16,Technology,Margin erosion accelerating; operating margin at 4% versus 11% prior year. Competitive discounting in the sector shows no sign of abating.,6,6,0,No Change,revenue_decline,0,sector / margin / outlook / operating
PD100818,2024-01-08,Wholesale Trade,Cash flow from operations insufficient to cover fixed charges this cycle. FCCR dropped to 0.6x. Sponsor has been approached for an equity injection to shore up liquidity.,1,1,0,No Change,liquidity_stress,17,fccr / equity / breach / sponsor
PD100819,2024-08-06,Wholesale Trade,Top customer representing 31% of revenue did not renew its contract at term. Replacement pipeline covers less than half of the lost volume.,6,8,2,Downgrade,customer_concentration,1,sales / lowered fullyear / fullyear / continues
PD100820,2025-03-21,Wholesale Trade,"Interest burden up sharply post rate resets; cash interest coverage at 1.5x. Hedges expired and were not replaced, leaving full floating-rate exposure.",8,11,3,Downgrade,refinancing_risk,13,hedges / rates / market / quarters
PD100821,2024-02-25,Healthcare,Borrower breached the maximum leverage covenant in Q2 2024; reported 5.9x against a 3.8x threshold. Waiver request under negotiation with the bank group.,7,7,0,No Change,covenant_breach,19,covenants / covenant / test / additional
PD100822,2024-08-21,Oil & Gas,EBITDA declined 32% versus plan on volume weakness and pricing pressure. Cost reduction program announced but savings not yet visible in results.,6,6,0,No Change,revenue_decline,21,pricing pressure / pressure / visible results / visible
PD100823,2025-02-18,Transportation,Liquidity concerns escalating. The borrower missed a scheduled sweep and drew the remaining $15M of revolver availability to fund payroll. Treasury reports minimal headroom.,9,9,0,No Change,liquidity_stress,2,headroom / concerns / missed / revolver
PD100824,2024-05-01,Hospitality,Significant cash burn observed. Unrestricted cash fell 31% quarter over quarter and the company is deferring capex to preserve liquidity. Monitoring weekly 13-week cash flow forecasts.,5,6,1,Downgrade,liquidity_stress,12,cash / significant / capex / monitoring
PD100825,2024-04-18,Oil & Gas,Borrower breached the maximum leverage covenant in Q1 2024; reported 6.6x against a 3.6x threshold. Waiver request under negotiation with the bank group.,10,13,3,Downgrade,covenant_breach,19,covenants / covenant / test / additional
PD100826,2025-03-24,Transportation,EPA notice of violation received relating to the primary facility. Remediation cost estimates range up to $46M; operations could face interruption.,3,3,0,No Change,legal_regulatory,4,exposure / filed / new / approximately
PD100827,2024-08-13,Healthcare,Same-store sales fell 5% and foot traffic remains weak. Inventory build of $35M raises markdown risk into next season.,9,11,2,Downgrade,revenue_decline,1,sales / lowered fullyear / fullyear / continues
PD100828,2024-05-27,Oil & Gas,Minimum EBITDA covenant missed by 25%. Compliance certificate delivered late with a qualified calculation. Documentation team reviewing reservation of rights letter.,9,11,2,Downgrade,covenant_breach,9,ebitda / qualified / compliance / missed
PD100829,2024-05-24,Retail,Key customer initiated in-sourcing of the borrower's product line. Customer concentration remains high with top three accounts at 50% of sales.,10,10,0,No Change,customer_concentration,11,customer / concentration / product / order
PD100830,2024-03-28,Oil & Gas,Term loan of $52M matures in 15 months with no committed refinancing. Current leverage of 6.5x makes a market refinance challenging.,7,8,1,Downgrade,refinancing_risk,15,refinancing / committed / market / term
PD100831,2025-06-08,Healthcare,Debt maturity wall approaching; 62% of funded debt comes due within 18 months. Sponsor exploring amend-and-extend but lender appetite is uncertain.,8,9,1,Downgrade,refinancing_risk,20,debt / sponsor / months / 
PD100832,2024-09-15,Commercial Real Estate,Borrower delinquent on quarterly reporting for the second time this year. Field exam identified borrowing base discrepancies of approximately $4M.,8,8,0,No Change,reporting_delinquency,3,capital / operating / days / borrowing
PD100833,2024-02-25,Hospitality,Revenue contracted 15% year over year driven by softening demand. Gross margin compressed 493 bps on input cost inflation the borrower could not pass through.,9,11,2,Downgrade,revenue_decline,18,pass / demand / margin / cost
PD100834,2024-03-09,Oil & Gas,Liquidity concerns escalating. The borrower missed a scheduled sweep and drew the remaining $20M of revolver availability to fund payroll. Treasury reports minimal headroom.,11,11,0,No Change,liquidity_stress,2,headroom / concerns / missed / revolver
PD100835,2024-12-04,Technology,Revenue contracted 16% year over year driven by softening demand. Gross margin compressed 521 bps on input cost inflation the borrower could not pass through.,9,11,2,Downgrade,revenue_decline,18,pass / demand / margin / cost
PD100836,2024-03-12,Commercial Real Estate,New tariffs raise landed costs approximately 17% on the borrower's primary import lines. Ability to pass through to customers is unproven.,8,8,0,No Change,industry_headwinds,4,exposure / filed / new / approximately
PD100837,2024-11-09,Business Services,"Refinancing risk elevated. The borrower's bonds trade at 70 cents on the dollar, signaling constrained capital markets access.",6,8,2,Downgrade,refinancing_risk,7,refinancing risk / risk elevated / trade / capital
PD100838,2025-01-08,Technology,Contract repricing with the anchor customer cut unit margins 14%. Borrower has limited negotiating leverage given dependence on this relationship.,6,7,1,Downgrade,customer_concentration,18,pass / demand / margin / cost
PD100839,2024-08-14,Business Services,Same-store sales fell 10% and foot traffic remains weak. Inventory build of $5M raises markdown risk into next season.,9,11,2,Downgrade,revenue_decline,1,sales / lowered fullyear / fullyear / continues
PD100840,2025-01-03,Healthcare,Repeated delays in delivering compliance certificates and monthly borrowing base certificates. Finance function appears under-resourced following staff departures.,7,9,2,Downgrade,reporting_delinquency,3,capital / operating / days / borrowing
PD100841,2025-04-01,Technology,EBITDA declined 43% versus plan on volume weakness and pricing pressure. Cost reduction program announced but savings not yet visible in results.,8,9,1,Downgrade,revenue_decline,21,pricing pressure / pressure / visible results / visible
PD100842,2024-06-28,Wholesale Trade,"Refinancing risk elevated. The borrower's bonds trade at 70 cents on the dollar, signaling constrained capital markets access.",6,8,2,Downgrade,refinancing_risk,7,refinancing risk / risk elevated / trade / capital
PD100843,2024-10-14,Healthcare,OFAC compliance review identified potential sanctions exposure in an overseas subsidiary. Enhanced monitoring in place pending outside counsel findings.,7,7,0,No Change,legal_regulatory,4,exposure / filed / new / approximately
PD100844,2024-03-19,Business Services,Springing covenant triggered as revolver utilization exceeded 33%. Borrower is now subject to full quarterly covenant testing and failed the first leverage test.,9,12,3,Downgrade,covenant_breach,5,covenant / test / revolver utilization / discrepancies approximately
PD100845,2024-02-01,Agriculture,Sector outlook deteriorating; industry volumes down 8% and two regional competitors filed for Chapter 11 this year. Borrower exposed to the same demand drivers.,11,12,1,Downgrade,industry_headwinds,0,sector / margin / outlook / operating
PD100846,2024-08-05,Manufacturing,OFAC compliance review identified potential sanctions exposure in an overseas subsidiary. Enhanced monitoring in place pending outside counsel findings.,8,9,1,Downgrade,legal_regulatory,4,exposure / filed / new / approximately
PD100847,2024-06-01,Technology,Material weakness in internal controls disclosed. Segregation of duties issues in the treasury function; remediation plan requested by Q3 2025.,5,6,1,Downgrade,reporting_delinquency,2,headroom / concerns / missed / revolver
PD100848,2024-10-24,Healthcare,"Adverse arbitration ruling requires payment of $19M within 90 days, straining liquidity. Appeal under consideration but counsel views prospects as limited.",6,7,1,Downgrade,legal_regulatory,10,auditor / inventory / period / counsel
PD100849,2024-01-11,Wholesale Trade,Same-store sales fell 7% and foot traffic remains weak. Inventory build of $30M raises markdown risk into next season.,8,10,2,Downgrade,revenue_decline,1,sales / lowered fullyear / fullyear / continues
PD100850,2024-05-23,Construction,Loss of a major account announced; $31M of annual revenue affected beginning next quarter. Concentration risk previously flagged at underwriting.,9,9,0,No Change,customer_concentration,13,hedges / rates / market / quarters
PD100851,2024-05-29,Business Services,Borrower delinquent on quarterly reporting for the second time this year. Field exam identified borrowing base discrepancies of approximately $4M.,7,8,1,Downgrade,reporting_delinquency,3,capital / operating / days / borrowing
PD100852,2025-05-14,Commercial Real Estate,Same-store sales fell 16% and foot traffic remains weak. Inventory build of $7M raises markdown risk into next season.,5,5,0,No Change,revenue_decline,1,sales / lowered fullyear / fullyear / continues
PD100853,2024-02-13,Wholesale Trade,Audited financial statements are 93 days past due. Auditor cited unresolved revenue recognition matters; a going concern qualification has not been ruled out.,10,11,1,Downgrade,reporting_delinquency,9,ebitda / qualified / compliance / missed
PD100854,2025-01-04,Transportation,CEO transition announced amid board disagreement over strategy. Key-person risk elevated given founder's central role in top customer relationships.,6,6,0,No Change,management_turnover,6,annual / raised / repeated / concerns
PD100855,2024-02-10,Wholesale Trade,"Interest burden up sharply post rate resets; cash interest coverage at 1.6x. Hedges expired and were not replaced, leaving full floating-rate exposure.",6,8,2,Downgrade,refinancing_risk,13,hedges / rates / market / quarters
PD100856,2025-06-17,Wholesale Trade,EBITDA declined 18% versus plan on volume weakness and pricing pressure. Cost reduction program announced but savings not yet visible in results.,7,9,2,Downgrade,revenue_decline,21,pricing pressure / pressure / visible results / visible
PD100857,2024-06-27,Transportation,"Refinancing risk elevated. The borrower's bonds trade at 78 cents on the dollar, signaling constrained capital markets access.",4,6,2,Downgrade,refinancing_risk,7,refinancing risk / risk elevated / trade / capital
PD100858,2024-03-20,Hospitality,Governance concerns raised after the audit committee chair stepped down. Board composition now lacks independent financial expertise.,6,7,1,Downgrade,management_turnover,6,annual / raised / repeated / concerns
PD100859,2024-08-16,Hospitality,EBITDA declined 27% versus plan on volume weakness and pricing pressure. Cost reduction program announced but savings not yet visible in results.,6,6,0,No Change,revenue_decline,1,sales / lowered fullyear / fullyear / continues
PD100860,2025-05-08,Agriculture,Voluntary prepayment of $55M made this quarter. FCCR improved to 2.3x and all covenants passed with comfortable headroom.,7,5,-2,Upgrade,deleveraging,10,auditor / inventory / period / counsel
PD100861,2024-08-04,Healthcare,Borrower breached the maximum leverage covenant in Q2 2025; reported 5.0x against a 3.6x threshold. Waiver request under negotiation with the bank group.,10,11,1,Downgrade,covenant_breach,19,covenants / covenant / test / additional
PD100862,2024-05-01,Wholesale Trade,Debt maturity wall approaching; 50% of funded debt comes due within 18 months. Sponsor exploring amend-and-extend but lender appetite is uncertain.,3,4,1,Downgrade,refinancing_risk,20,debt / sponsor / months / 
PD100863,2024-12-04,Business Services,CEO transition announced amid board disagreement over strategy. Key-person risk elevated given founder's central role in top customer relationships.,5,6,1,Downgrade,management_turnover,6,annual / raised / repeated / concerns
PD100864,2025-05-05,Commercial Real Estate,Sector outlook deteriorating; industry volumes down 15% and two regional competitors filed for Chapter 11 this year. Borrower exposed to the same demand drivers.,5,5,0,No Change,industry_headwinds,0,sector / margin / outlook / operating
PD100865,2024-01-23,Commercial Real Estate,"Leverage remains elevated at 5.9x with no clear deleveraging path. PIK toggle exercised on the mezzanine tranche this period, growing the debt stack.",7,9,2,Downgrade,refinancing_risk,8,period / debt / elevated / leverage
PD100866,2025-06-08,Manufacturing,Borrower has fully drawn the revolver with utilization at 89%. Cash position declined to $11M and liquidity runway is under 7 months without additional support.,6,8,2,Downgrade,liquidity_stress,16,position / revolver utilization / revolver / additional
PD100867,2024-07-03,Hospitality,Material weakness in internal controls disclosed. Segregation of duties issues in the treasury function; remediation plan requested by Q2 2024.,10,13,3,Downgrade,reporting_delinquency,2,headroom / concerns / missed / revolver
PD100868,2024-01-20,Business Services,Minimum EBITDA covenant missed by 27%. Compliance certificate delivered late with a qualified calculation. Documentation team reviewing reservation of rights letter.,9,10,1,Downgrade,covenant_breach,9,ebitda / qualified / compliance / missed
PD100869,2025-04-27,Construction,"Refinancing risk elevated. The borrower's bonds trade at 57 cents on the dollar, signaling constrained capital markets access.",4,7,3,Downgrade,refinancing_risk,7,refinancing risk / risk elevated / trade / capital
PD100870,2024-05-26,Agriculture,Topline deterioration continues for a third consecutive quarter. Sales down 15% and order backlog thinning. Management lowered full-year guidance materially.,9,11,2,Downgrade,revenue_decline,1,sales / lowered fullyear / fullyear / continues
PD100871,2024-03-11,Commercial Real Estate,Strong Q3 2024 results with revenue growth of 18% and record backlog of $272M. Guidance raised for the full year.,7,6,-1,Upgrade,performance_improvement,0,sector / margin / outlook / operating
PD100872,2024-04-21,Manufacturing,Repeated delays in delivering compliance certificates and monthly borrowing base certificates. Finance function appears under-resourced following staff departures.,9,11,2,Downgrade,reporting_delinquency,3,capital / operating / days / borrowing
PD100873,2025-05-31,Wholesale Trade,CEO transition announced amid board disagreement over strategy. Key-person risk elevated given founder's central role in top customer relationships.,7,8,1,Downgrade,management_turnover,6,annual / raised / repeated / concerns
PD100874,2024-06-30,Construction,Minimum EBITDA covenant missed by 12%. Compliance certificate delivered late with a qualified calculation. Documentation team reviewing reservation of rights letter.,8,10,2,Downgrade,covenant_breach,9,ebitda / qualified / compliance / missed
PD100875,2025-05-30,Retail,Ownership dispute among family shareholders is distracting management. Succession plan remains undocumented despite repeated requests at annual review.,6,8,2,Downgrade,management_turnover,6,annual / raised / repeated / concerns
PD100876,2024-01-02,Wholesale Trade,Term loan of $296M matures in 8 months with no committed refinancing. Current leverage of 7.3x makes a market refinance challenging.,7,9,2,Downgrade,refinancing_risk,15,refinancing / committed / market / term
PD100877,2024-02-14,Business Services,Liquidity concerns escalating. The borrower missed a scheduled sweep and drew the remaining $19M of revolver availability to fund payroll. Treasury reports minimal headroom.,8,10,2,Downgrade,liquidity_stress,2,headroom / concerns / missed / revolver
PD100878,2025-05-08,Transportation,Ownership dispute among family shareholders is distracting management. Succession plan remains undocumented despite repeated requests at annual review.,6,6,0,No Change,management_turnover,6,annual / raised / repeated / concerns
PD100879,2024-04-10,Transportation,"Refinancing risk elevated. The borrower's bonds trade at 73 cents on the dollar, signaling constrained capital markets access.",7,9,2,Downgrade,refinancing_risk,7,refinancing risk / risk elevated / trade / capital
PD100880,2024-08-26,Retail,Borrower delinquent on quarterly reporting for the second time this year. Field exam identified borrowing base discrepancies of approximately $6M.,4,6,2,Downgrade,reporting_delinquency,5,covenant / test / revolver utilization / discrepancies approximately
PD100881,2025-02-22,Oil & Gas,"Refinancing risk elevated. The borrower's bonds trade at 74 cents on the dollar, signaling constrained capital markets access.",8,10,2,Downgrade,refinancing_risk,7,refinancing risk / risk elevated / trade / capital
PD100882,2025-06-16,Manufacturing,Operating cash flow turned negative in Q1 2024. Working capital squeeze evident; payables stretched beyond 96 days and the borrower requested a temporary overadvance.,5,7,2,Downgrade,liquidity_stress,3,capital / operating / days / borrowing
PD100883,2024-04-19,Healthcare,Same-store sales fell 11% and foot traffic remains weak. Inventory build of $25M raises markdown risk into next season.,11,12,1,Downgrade,revenue_decline,1,sales / lowered fullyear / fullyear / continues
PD100884,2024-09-16,Oil & Gas,Repeated delays in delivering compliance certificates and monthly borrowing base certificates. Finance function appears under-resourced following staff departures.,6,8,2,Downgrade,reporting_delinquency,3,capital / operating / days / borrowing
PD100885,2024-10-09,Wholesale Trade,Debt paydown ahead of schedule; net leverage now 2.3x. Rating outlook revised to stable given strengthened balance sheet.,8,7,-1,Upgrade,deleveraging,8,period / debt / elevated / leverage
PD100886,2025-05-09,Healthcare,"Adverse arbitration ruling requires payment of $18M within 90 days, straining liquidity. Appeal under consideration but counsel views prospects as limited.",7,9,2,Downgrade,legal_regulatory,10,auditor / inventory / period / counsel
PD100887,2024-12-18,Business Services,Financial covenants tripped at the Q4 2025 test date. The borrower requested a covenant holiday through year end. Pricing step-up and additional reporting agreed as conditions.,10,13,3,Downgrade,covenant_breach,19,covenants / covenant / test / additional
PD100888,2024-05-01,Business Services,"Interest burden up sharply post rate resets; cash interest coverage at 1.4x. Hedges expired and were not replaced, leaving full floating-rate exposure.",5,7,2,Downgrade,refinancing_risk,13,hedges / rates / market / quarters
PD100889,2024-06-14,Retail,Topline deterioration continues for a third consecutive quarter. Sales down 22% and order backlog thinning. Management lowered full-year guidance materially.,7,9,2,Downgrade,revenue_decline,1,sales / lowered fullyear / fullyear / continues
PD100890,2024-02-23,Healthcare,New tariffs raise landed costs approximately 22% on the borrower's primary import lines. Ability to pass through to customers is unproven.,5,5,0,No Change,industry_headwinds,4,exposure / filed / new / approximately
PD100891,2024-04-03,Healthcare,"New contract wins add $96M of committed multi-year revenue, diversifying the customer base and improving visibility.",9,9,0,No Change,performance_improvement,14,regulatory / rates / revenue / multiyear
PD100892,2025-03-21,Retail,Governance concerns raised after the audit committee chair stepped down. Board composition now lacks independent financial expertise.,4,6,2,Downgrade,management_turnover,6,annual / raised / repeated / concerns
PD100893,2025-01-28,Transportation,Term loan of $184M matures in 9 months with no committed refinancing. Current leverage of 5.9x makes a market refinance challenging.,3,3,0,No Change,refinancing_risk,15,refinancing / committed / market / term
PD100894,2024-02-28,Healthcare,"Leverage remains elevated at 7.1x with no clear deleveraging path. PIK toggle exercised on the mezzanine tranche this period, growing the debt stack.",6,9,3,Downgrade,refinancing_risk,8,period / debt / elevated / leverage
PD100895,2024-07-25,Wholesale Trade,Governance concerns raised after the audit committee chair stepped down. Board composition now lacks independent financial expertise.,5,6,1,Downgrade,management_turnover,6,annual / raised / repeated / concerns
PD100896,2025-06-06,Hospitality,Prolonged softness in the freight market; spot rates below breakeven for 5 consecutive quarters. Fleet utilization at 66%.,6,6,0,No Change,industry_headwinds,13,hedges / rates / market / quarters
PD100897,2024-02-06,Technology,Debt maturity wall approaching; 79% of funded debt comes due within 18 months. Sponsor exploring amend-and-extend but lender appetite is uncertain.,5,6,1,Downgrade,refinancing_risk,20,debt / sponsor / months / 
PD100898,2024-03-29,Oil & Gas,Fixed charge coverage covenant violation reported. FCCR of 0.9x versus required 1.10x. This is the second consecutive quarterly breach; amendment discussions ongoing.,9,11,2,Downgrade,covenant_breach,17,fccr / equity / breach / sponsor
PD100899,2025-02-19,Agriculture,Largest customer filed for bankruptcy protection; receivable exposure of $14M likely impaired. Trade credit insurance covers only a portion.,5,7,2,Downgrade,customer_concentration,4,exposure / filed / new / approximately
PD100900,2024-03-11,Retail,Topline deterioration continues for a third consecutive quarter. Sales down 24% and order backlog thinning. Management lowered full-year guidance materially.,5,5,0,No Change,revenue_decline,13,hedges / rates / market / quarters
PD100901,2024-12-22,Technology,Prolonged softness in the freight market; spot rates below breakeven for 5 consecutive quarters. Fleet utilization at 77%.,2,4,2,Downgrade,industry_headwinds,13,hedges / rates / market / quarters
PD100902,2024-07-18,Construction,EBITDA declined 22% versus plan on volume weakness and pricing pressure. Cost reduction program announced but savings not yet visible in results.,8,10,2,Downgrade,revenue_decline,21,pricing pressure / pressure / visible results / visible
PD100903,2025-06-02,Retail,Same-store sales fell 5% and foot traffic remains weak. Inventory build of $21M raises markdown risk into next season.,4,4,0,No Change,revenue_decline,1,sales / lowered fullyear / fullyear / continues
PD100904,2024-04-29,Hospitality,Prolonged softness in the freight market; spot rates below breakeven for 3 consecutive quarters. Fleet utilization at 76%.,6,7,1,Downgrade,industry_headwinds,13,hedges / rates / market / quarters
PD100905,2024-09-13,Business Services,"Auditor issued a qualified opinion related to inventory valuation. Management restated prior period results, reducing retained earnings by $20M.",4,5,1,Downgrade,reporting_delinquency,10,auditor / inventory / period / counsel
PD100906,2024-09-06,Technology,"Adverse arbitration ruling requires payment of $29M within 90 days, straining liquidity. Appeal under consideration but counsel views prospects as limited.",9,11,2,Downgrade,legal_regulatory,10,auditor / inventory / period / counsel
PD100907,2024-01-29,Construction,"Adverse arbitration ruling requires payment of $34M within 90 days, straining liquidity. Appeal under consideration but counsel views prospects as limited.",6,9,3,Downgrade,legal_regulatory,10,auditor / inventory / period / counsel
PD100908,2024-08-13,Wholesale Trade,Audited financial statements are 93 days past due. Auditor cited unresolved revenue recognition matters; a going concern qualification has not been ruled out.,8,8,0,No Change,reporting_delinquency,9,ebitda / qualified / compliance / missed
PD100909,2024-12-27,Hospitality,Fixed charge coverage covenant violation reported. FCCR of 1.0x versus required 1.10x. This is the second consecutive quarterly breach; amendment discussions ongoing.,5,8,3,Downgrade,covenant_breach,17,fccr / equity / breach / sponsor
PD100910,2024-09-11,Oil & Gas,Cash flow from operations insufficient to cover fixed charges this cycle. FCCR dropped to 0.6x. Sponsor has been approached for an equity injection to shore up liquidity.,9,12,3,Downgrade,liquidity_stress,17,fccr / equity / breach / sponsor
PD100911,2024-12-16,Retail,Sector outlook deteriorating; industry volumes down 14% and two regional competitors filed for Chapter 11 this year. Borrower exposed to the same demand drivers.,6,8,2,Downgrade,industry_headwinds,0,sector / margin / outlook / operating
PD100912,2024-08-11,Agriculture,Margin erosion accelerating; operating margin at 2% versus 11% prior year. Competitive discounting in the sector shows no sign of abating.,7,8,1,Downgrade,revenue_decline,0,sector / margin / outlook / operating
PD100913,2024-07-13,Construction,Commodity price downturn pressuring the entire sub-sector. Rig counts and shipment volumes at multi-year lows; borrower hedges roll off in 2 quarters.,4,6,2,Downgrade,industry_headwinds,0,sector / margin / outlook / operating
PD100914,2024-08-22,Commercial Real Estate,Operating cash flow turned negative in Q2 2024. Working capital squeeze evident; payables stretched beyond 115 days and the borrower requested a temporary overadvance.,4,6,2,Downgrade,liquidity_stress,3,capital / operating / days / borrowing
PD100915,2024-04-19,Retail,Fixed charge coverage covenant violation reported. FCCR of 1.0x versus required 1.10x. This is the second consecutive quarterly breach; amendment discussions ongoing.,7,9,2,Downgrade,covenant_breach,17,fccr / equity / breach / sponsor
PD100916,2025-05-19,Agriculture,Audited financial statements are 146 days past due. Auditor cited unresolved revenue recognition matters; a going concern qualification has not been ruled out.,4,4,0,No Change,reporting_delinquency,9,ebitda / qualified / compliance / missed
PD100917,2024-02-13,Construction,Sector outlook deteriorating; industry volumes down 20% and two regional competitors filed for Chapter 11 this year. Borrower exposed to the same demand drivers.,9,11,2,Downgrade,industry_headwinds,0,sector / margin / outlook / operating
PD100918,2024-10-08,Construction,Financial covenants tripped at the Q3 2025 test date. The borrower requested a covenant holiday through year end. Pricing step-up and additional reporting agreed as conditions.,1,3,2,Downgrade,covenant_breach,19,covenants / covenant / test / additional
PD100919,2024-08-15,Agriculture,Regulatory investigation opened into billing practices. Legal reserves increased by $37M this quarter; reputational impact on new bookings possible.,8,11,3,Downgrade,legal_regulatory,10,auditor / inventory / period / counsel
PD100920,2024-02-03,Hospitality,Operating cash flow turned negative in Q1 2025. Working capital squeeze evident; payables stretched beyond 90 days and the borrower requested a temporary overadvance.,5,7,2,Downgrade,liquidity_stress,3,capital / operating / days / borrowing
PD100921,2024-06-27,Construction,EBITDA declined 27% versus plan on volume weakness and pricing pressure. Cost reduction program announced but savings not yet visible in results.,8,9,1,Downgrade,revenue_decline,1,sales / lowered fullyear / fullyear / continues
PD100922,2024-04-13,Technology,Borrower breached the maximum leverage covenant in Q4 2025; reported 6.6x against a 3.5x threshold. Waiver request under negotiation with the bank group.,9,11,2,Downgrade,covenant_breach,19,covenants / covenant / test / additional
PD100923,2024-08-30,Oil & Gas,Financial covenants tripped at the Q3 2024 test date. The borrower requested a covenant holiday through year end. Pricing step-up and additional reporting agreed as conditions.,1,3,2,Downgrade,covenant_breach,19,covenants / covenant / test / additional
PD100924,2025-05-25,Transportation,Liquidity concerns escalating. The borrower missed a scheduled sweep and drew the remaining $13M of revolver availability to fund payroll. Treasury reports minimal headroom.,13,14,1,Downgrade,liquidity_stress,2,headroom / concerns / missed / revolver
PD100925,2025-01-16,Technology,Borrower delinquent on quarterly reporting for the second time this year. Field exam identified borrowing base discrepancies of approximately $8M.,5,7,2,Downgrade,reporting_delinquency,5,covenant / test / revolver utilization / discrepancies approximately
PD100926,2024-05-14,Agriculture,Liquidity concerns escalating. The borrower missed a scheduled sweep and drew the remaining $11M of revolver availability to fund payroll. Treasury reports minimal headroom.,8,12,4,Downgrade,liquidity_stress,2,headroom / concerns / missed / revolver
PD100927,2024-08-29,Hospitality,Regulatory investigation opened into billing practices. Legal reserves increased by $11M this quarter; reputational impact on new bookings possible.,8,10,2,Downgrade,legal_regulatory,10,auditor / inventory / period / counsel
PD100928,2024-06-02,Construction,"Regulatory change effective next year is expected to reduce reimbursement rates by 11%, directly compressing borrower revenue in its core segment.",9,10,1,Downgrade,industry_headwinds,14,regulatory / rates / revenue / multiyear
PD100929,2025-06-13,Hospitality,CFO resigned abruptly in Q2 2025 with no permanent successor named; interim finance lead has limited sector experience. Second C-suite departure in twelve months.,8,9,1,Downgrade,management_turnover,3,capital / operating / days / borrowing
PD100930,2024-11-03,Oil & Gas,Borrower returned to profitability after two loss-making years. Cash conversion improved and the revolver is now undrawn.,5,3,-2,Upgrade,performance_improvement,16,position / revolver utilization / revolver / additional
PD100931,2024-06-16,Manufacturing,Margin erosion accelerating; operating margin at 5% versus 8% prior year. Competitive discounting in the sector shows no sign of abating.,6,8,2,Downgrade,revenue_decline,0,sector / margin / outlook / operating
PD100932,2024-04-08,Construction,New tariffs raise landed costs approximately 18% on the borrower's primary import lines. Ability to pass through to customers is unproven.,6,7,1,Downgrade,industry_headwinds,4,exposure / filed / new / approximately
PD100933,2024-09-20,Technology,EBITDA declined 23% versus plan on volume weakness and pricing pressure. Cost reduction program announced but savings not yet visible in results.,6,9,3,Downgrade,revenue_decline,21,pricing pressure / pressure / visible results / visible
PD100934,2024-07-22,Agriculture,Successful refinancing completed; maturities extended to 2030 at improved pricing. Near-term refinancing risk eliminated.,3,2,-1,Upgrade,deleveraging,15,refinancing / committed / market / term
PD100935,2024-06-27,Oil & Gas,Springing covenant triggered as revolver utilization exceeded 40%. Borrower is now subject to full quarterly covenant testing and failed the first leverage test.,4,5,1,Downgrade,covenant_breach,5,covenant / test / revolver utilization / discrepancies approximately
PD100936,2025-05-14,Business Services,Significant cash burn observed. Unrestricted cash fell 50% quarter over quarter and the company is deferring capex to preserve liquidity. Monitoring weekly 13-week cash flow forecasts.,6,6,0,No Change,liquidity_stress,12,cash / significant / capex / monitoring
PD100937,2024-10-20,Construction,"Interest burden up sharply post rate resets; cash interest coverage at 1.5x. Hedges expired and were not replaced, leaving full floating-rate exposure.",10,13,3,Downgrade,refinancing_risk,13,hedges / rates / market / quarters
PD100938,2025-02-18,Retail,Operating cash flow turned negative in Q2 2025. Working capital squeeze evident; payables stretched beyond 86 days and the borrower requested a temporary overadvance.,8,9,1,Downgrade,liquidity_stress,3,capital / operating / days / borrowing
PD100939,2024-11-17,Technology,Sector outlook deteriorating; industry volumes down 10% and two regional competitors filed for Chapter 11 this year. Borrower exposed to the same demand drivers.,8,11,3,Downgrade,industry_headwinds,0,sector / margin / outlook / operating
PD100940,2025-02-08,Oil & Gas,Significant cash burn observed. Unrestricted cash fell 47% quarter over quarter and the company is deferring capex to preserve liquidity. Monitoring weekly 13-week cash flow forecasts.,8,12,4,Downgrade,liquidity_stress,12,cash / significant / capex / monitoring
PD100941,2025-06-17,Construction,Largest customer filed for bankruptcy protection; receivable exposure of $14M likely impaired. Trade credit insurance covers only a portion.,9,11,2,Downgrade,customer_concentration,4,exposure / filed / new / approximately
PD100942,2024-01-24,Healthcare,"Regulatory change effective next year is expected to reduce reimbursement rates by 7%, directly compressing borrower revenue in its core segment.",8,9,1,Downgrade,industry_headwinds,14,regulatory / rates / revenue / multiyear
PD100943,2024-03-22,Commercial Real Estate,Borrower delinquent on quarterly reporting for the second time this year. Field exam identified borrowing base discrepancies of approximately $12M.,5,7,2,Downgrade,reporting_delinquency,5,covenant / test / revolver utilization / discrepancies approximately
PD100944,2025-04-29,Hospitality,Fixed charge coverage covenant violation reported. FCCR of 0.8x versus required 1.10x. This is the second consecutive quarterly breach; amendment discussions ongoing.,8,8,0,No Change,covenant_breach,17,fccr / equity / breach / sponsor
PD100945,2024-03-26,Retail,Turnaround gaining traction: EBITDA up 16% year over year and margins recovered to 15%. Cost actions delivered ahead of plan.,8,8,0,No Change,performance_improvement,9,ebitda / qualified / compliance / missed
PD100946,2025-02-03,Oil & Gas,"Refinancing risk elevated. The borrower's bonds trade at 74 cents on the dollar, signaling constrained capital markets access.",7,10,3,Downgrade,refinancing_risk,7,refinancing risk / risk elevated / trade / capital
PD100947,2025-03-29,Wholesale Trade,Debt maturity wall approaching; 55% of funded debt comes due within 18 months. Sponsor exploring amend-and-extend but lender appetite is uncertain.,7,8,1,Downgrade,refinancing_risk,20,debt / sponsor / months / 
PD100948,2024-06-23,Manufacturing,Debt maturity wall approaching; 48% of funded debt comes due within 18 months. Sponsor exploring amend-and-extend but lender appetite is uncertain.,5,6,1,Downgrade,refinancing_risk,20,debt / sponsor / months / 
PD100949,2024-11-29,Construction,Revenue contracted 31% year over year driven by softening demand. Gross margin compressed 332 bps on input cost inflation the borrower could not pass through.,5,6,1,Downgrade,revenue_decline,18,pass / demand / margin / cost
PD100950,2024-10-05,Hospitality,Governance concerns raised after the audit committee chair stepped down. Board composition now lacks independent financial expertise.,7,9,2,Downgrade,management_turnover,6,annual / raised / repeated / concerns
PD100951,2024-06-30,Agriculture,Minimum EBITDA covenant missed by 12%. Compliance certificate delivered late with a qualified calculation. Documentation team reviewing reservation of rights letter.,7,9,2,Downgrade,covenant_breach,9,ebitda / qualified / compliance / missed
PD100952,2025-03-21,Hospitality,Margin erosion accelerating; operating margin at 4% versus 13% prior year. Competitive discounting in the sector shows no sign of abating.,8,11,3,Downgrade,revenue_decline,0,sector / margin / outlook / operating
PD100953,2025-05-08,Hospitality,Contract repricing with the anchor customer cut unit margins 19%. Borrower has limited negotiating leverage given dependence on this relationship.,9,10,1,Downgrade,customer_concentration,19,covenants / covenant / test / additional
PD100954,2025-01-09,Transportation,Fixed charge coverage covenant violation reported. FCCR of 1.0x versus required 1.10x. This is the second consecutive quarterly breach; amendment discussions ongoing.,7,9,2,Downgrade,covenant_breach,17,fccr / equity / breach / sponsor
PD100955,2024-01-01,Hospitality,EBITDA declined 19% versus plan on volume weakness and pricing pressure. Cost reduction program announced but savings not yet visible in results.,5,6,1,Downgrade,revenue_decline,21,pricing pressure / pressure / visible results / visible
PD100956,2024-01-09,Business Services,Debt maturity wall approaching; 62% of funded debt comes due within 18 months. Sponsor exploring amend-and-extend but lender appetite is uncertain.,8,9,1,Downgrade,refinancing_risk,20,debt / sponsor / months / 
PD100957,2025-03-16,Oil & Gas,Minimum EBITDA covenant missed by 23%. Compliance certificate delivered late with a qualified calculation. Documentation team reviewing reservation of rights letter.,9,11,2,Downgrade,covenant_breach,9,ebitda / qualified / compliance / missed
PD100958,2025-01-17,Commercial Real Estate,Contract repricing with the anchor customer cut unit margins 17%. Borrower has limited negotiating leverage given dependence on this relationship.,5,7,2,Downgrade,customer_concentration,18,pass / demand / margin / cost
PD100959,2024-09-12,Healthcare,Liquidity concerns escalating. The borrower missed a scheduled sweep and drew the remaining $20M of revolver availability to fund payroll. Treasury reports minimal headroom.,5,8,3,Downgrade,liquidity_stress,2,headroom / concerns / missed / revolver
PD100960,2024-08-13,Oil & Gas,Governance concerns raised after the audit committee chair stepped down. Board composition now lacks independent financial expertise.,8,8,0,No Change,management_turnover,6,annual / raised / repeated / concerns
PD100961,2024-10-05,Oil & Gas,Borrower has fully drawn the revolver with utilization at 98%. Cash position declined to $12M and liquidity runway is under 4 months without additional support.,4,7,3,Downgrade,liquidity_stress,16,position / revolver utilization / revolver / additional
PD100962,2024-03-11,Healthcare,Operational restructuring complete; plant consolidation yields $30M of annualized savings. Order intake trending 18% above prior year.,6,5,-1,Upgrade,performance_improvement,11,customer / concentration / product / order
PD100963,2025-05-18,Commercial Real Estate,Strong Q3 2024 results with revenue growth of 22% and record backlog of $271M. Guidance raised for the full year.,6,5,-1,Upgrade,performance_improvement,0,sector / margin / outlook / operating
PD100964,2024-01-23,Healthcare,"Auditor issued a qualified opinion related to inventory valuation. Management restated prior period results, reducing retained earnings by $3M.",9,11,2,Downgrade,reporting_delinquency,10,auditor / inventory / period / counsel
PD100965,2025-03-24,Business Services,Class action lawsuit filed alleging product defects; potential exposure estimated at $82M. Insurance coverage position remains unclear.,7,8,1,Downgrade,legal_regulatory,4,exposure / filed / new / approximately
PD100966,2024-08-10,Technology,Borrower has fully drawn the revolver with utilization at 92%. Cash position declined to $3M and liquidity runway is under 4 months without additional support.,7,7,0,No Change,liquidity_stress,16,position / revolver utilization / revolver / additional
PD100967,2025-05-25,Technology,Largest customer filed for bankruptcy protection; receivable exposure of $12M likely impaired. Trade credit insurance covers only a portion.,3,5,2,Downgrade,customer_concentration,4,exposure / filed / new / approximately
PD100968,2024-03-23,Healthcare,"Interest burden up sharply post rate resets; cash interest coverage at 1.4x. Hedges expired and were not replaced, leaving full floating-rate exposure.",8,8,0,No Change,refinancing_risk,13,hedges / rates / market / quarters
PD100969,2024-03-14,Hospitality,Top customer representing 33% of revenue did not renew its contract at term. Replacement pipeline covers less than half of the lost volume.,9,12,3,Downgrade,customer_concentration,1,sales / lowered fullyear / fullyear / continues
PD100970,2024-09-13,Transportation,Repeated delays in delivering compliance certificates and monthly borrowing base certificates. Finance function appears under-resourced following staff departures.,8,10,2,Downgrade,reporting_delinquency,3,capital / operating / days / borrowing
PD100971,2024-09-11,Transportation,Audited financial statements are 75 days past due. Auditor cited unresolved revenue recognition matters; a going concern qualification has not been ruled out.,11,12,1,Downgrade,reporting_delinquency,9,ebitda / qualified / compliance / missed
PD100972,2024-04-06,Hospitality,Same-store sales fell 12% and foot traffic remains weak. Inventory build of $7M raises markdown risk into next season.,8,8,0,No Change,revenue_decline,1,sales / lowered fullyear / fullyear / continues
PD100973,2024-02-13,Business Services,Strong Q4 2025 results with revenue growth of 17% and record backlog of $205M. Guidance raised for the full year.,7,6,-1,Upgrade,performance_improvement,0,sector / margin / outlook / operating
PD100974,2024-11-01,Commercial Real Estate,Prolonged softness in the freight market; spot rates below breakeven for 3 consecutive quarters. Fleet utilization at 68%.,8,10,2,Downgrade,industry_headwinds,13,hedges / rates / market / quarters
PD100975,2024-08-11,Retail,"Auditor issued a qualified opinion related to inventory valuation. Management restated prior period results, reducing retained earnings by $4M.",7,8,1,Downgrade,reporting_delinquency,10,auditor / inventory / period / counsel
PD100976,2024-01-16,Healthcare,Debt maturity wall approaching; 80% of funded debt comes due within 18 months. Sponsor exploring amend-and-extend but lender appetite is uncertain.,5,8,3,Downgrade,refinancing_risk,20,debt / sponsor / months / 
PD100977,2025-02-09,Commercial Real Estate,Borrower returned to profitability after two loss-making years. Cash conversion improved and the revolver is now undrawn.,7,4,-3,Upgrade,performance_improvement,16,position / revolver utilization / revolver / additional
PD100978,2024-06-07,Technology,Term loan of $71M matures in 15 months with no committed refinancing. Current leverage of 7.0x makes a market refinance challenging.,9,12,3,Downgrade,refinancing_risk,15,refinancing / committed / market / term
PD100979,2024-12-12,Wholesale Trade,Revenue contracted 17% year over year driven by softening demand. Gross margin compressed 230 bps on input cost inflation the borrower could not pass through.,8,9,1,Downgrade,revenue_decline,18,pass / demand / margin / cost
PD100980,2024-06-06,Business Services,Audited financial statements are 67 days past due. Auditor cited unresolved revenue recognition matters; a going concern qualification has not been ruled out.,8,9,1,Downgrade,reporting_delinquency,9,ebitda / qualified / compliance / missed
PD100981,2024-05-08,Construction,Ownership dispute among family shareholders is distracting management. Succession plan remains undocumented despite repeated requests at annual review.,9,11,2,Downgrade,management_turnover,6,annual / raised / repeated / concerns
PD100982,2024-12-21,Construction,Fixed charge coverage covenant violation reported. FCCR of 0.8x versus required 1.10x. This is the second consecutive quarterly breach; amendment discussions ongoing.,10,13,3,Downgrade,covenant_breach,17,fccr / equity / breach / sponsor
PD100983,2025-01-01,Business Services,Regulatory investigation opened into billing practices. Legal reserves increased by $6M this quarter; reputational impact on new bookings possible.,5,9,4,Downgrade,legal_regulatory,10,auditor / inventory / period / counsel
PD100984,2024-02-10,Construction,CEO transition announced amid board disagreement over strategy. Key-person risk elevated given founder's central role in top customer relationships.,8,8,0,No Change,management_turnover,6,annual / raised / repeated / concerns
PD100985,2024-07-13,Agriculture,Same-store sales fell 14% and foot traffic remains weak. Inventory build of $39M raises markdown risk into next season.,7,9,2,Downgrade,revenue_decline,1,sales / lowered fullyear / fullyear / continues
PD100986,2025-04-24,Oil & Gas,Borrower delinquent on quarterly reporting for the second time this year. Field exam identified borrowing base discrepancies of approximately $10M.,6,7,1,Downgrade,reporting_delinquency,5,covenant / test / revolver utilization / discrepancies approximately
PD100987,2024-03-11,Hospitality,Cash flow from operations insufficient to cover fixed charges this cycle. FCCR dropped to 0.9x. Sponsor has been approached for an equity injection to shore up liquidity.,5,7,2,Downgrade,liquidity_stress,17,fccr / equity / breach / sponsor
PD100988,2024-09-26,Hospitality,Borrower delinquent on quarterly reporting for the second time this year. Field exam identified borrowing base discrepancies of approximately $9M.,5,7,2,Downgrade,reporting_delinquency,5,covenant / test / revolver utilization / discrepancies approximately
PD100989,2025-06-02,Transportation,EPA notice of violation received relating to the primary facility. Remediation cost estimates range up to $37M; operations could face interruption.,7,7,0,No Change,legal_regulatory,4,exposure / filed / new / approximately
PD100990,2025-01-07,Agriculture,Debt maturity wall approaching; 41% of funded debt comes due within 18 months. Sponsor exploring amend-and-extend but lender appetite is uncertain.,9,10,1,Downgrade,refinancing_risk,20,debt / sponsor / months / 
PD100991,2025-01-31,Commercial Real Estate,Asset sale proceeds of $107M applied to term debt. Leverage reduced to 3.1x from 5.0x at last review.,8,6,-2,Upgrade,deleveraging,7,refinancing risk / risk elevated / trade / capital
PD100992,2024-10-16,Technology,Prolonged softness in the freight market; spot rates below breakeven for 6 consecutive quarters. Fleet utilization at 77%.,6,7,1,Downgrade,industry_headwinds,13,hedges / rates / market / quarters
PD100993,2024-03-09,Manufacturing,Voluntary prepayment of $51M made this quarter. FCCR improved to 1.6x and all covenants passed with comfortable headroom.,8,6,-2,Upgrade,deleveraging,10,auditor / inventory / period / counsel
PD100994,2024-04-11,Manufacturing,Strong Q2 2024 results with revenue growth of 14% and record backlog of $94M. Guidance raised for the full year.,7,5,-2,Upgrade,performance_improvement,0,sector / margin / outlook / operating
PD100995,2025-05-16,Hospitality,Cash flow from operations insufficient to cover fixed charges this cycle. FCCR dropped to 0.8x. Sponsor has been approached for an equity injection to shore up liquidity.,6,8,2,Downgrade,liquidity_stress,17,fccr / equity / breach / sponsor
PD100996,2024-03-13,Manufacturing,Prolonged softness in the freight market; spot rates below breakeven for 5 consecutive quarters. Fleet utilization at 61%.,6,7,1,Downgrade,industry_headwinds,13,hedges / rates / market / quarters
PD100997,2024-03-22,Construction,Fixed charge coverage covenant violation reported. FCCR of 0.9x versus required 1.10x. This is the second consecutive quarterly breach; amendment discussions ongoing.,3,5,2,Downgrade,covenant_breach,17,fccr / equity / breach / sponsor
PD100998,2025-03-01,Technology,Top customer representing 36% of revenue did not renew its contract at term. Replacement pipeline covers less than half of the lost volume.,4,5,1,Downgrade,customer_concentration,1,sales / lowered fullyear / fullyear / continues
PD100999,2024-08-09,Hospitality,Borrower breached the maximum leverage covenant in Q3 2024; reported 6.7x against a 4.3x threshold. Waiver request under negotiation with the bank group.,6,6,0,No Change,covenant_breach,19,covenants / covenant / test / additional
PD101000,2025-01-29,Commercial Real Estate,Revenue contracted 13% year over year driven by softening demand. Gross margin compressed 521 bps on input cost inflation the borrower could not pass through.,6,8,2,Downgrade,revenue_decline,18,pass / demand / margin / cost
PD101001,2024-07-02,Hospitality,Fixed charge coverage covenant violation reported. FCCR of 0.9x versus required 1.10x. This is the second consecutive quarterly breach; amendment discussions ongoing.,6,8,2,Downgrade,covenant_breach,17,fccr / equity / breach / sponsor
PD101002,2025-01-01,Wholesale Trade,Margin erosion accelerating; operating margin at 4% versus 13% prior year. Competitive discounting in the sector shows no sign of abating.,7,7,0,No Change,revenue_decline,0,sector / margin / outlook / operating
PD101003,2024-07-03,Hospitality,Same-store sales fell 18% and foot traffic remains weak. Inventory build of $11M raises markdown risk into next season.,10,12,2,Downgrade,revenue_decline,1,sales / lowered fullyear / fullyear / continues
PD101004,2024-06-10,Hospitality,Liquidity concerns escalating. The borrower missed a scheduled sweep and drew the remaining $19M of revolver availability to fund payroll. Treasury reports minimal headroom.,7,12,5,Downgrade,liquidity_stress,2,headroom / concerns / missed / revolver
PD101005,2024-11-18,Hospitality,Springing covenant triggered as revolver utilization exceeded 37%. Borrower is now subject to full quarterly covenant testing and failed the first leverage test.,4,7,3,Downgrade,covenant_breach,5,covenant / test / revolver utilization / discrepancies approximately
PD101006,2025-03-16,Business Services,Commodity price downturn pressuring the entire sub-sector. Rig counts and shipment volumes at multi-year lows; borrower hedges roll off in 3 quarters.,7,8,1,Downgrade,industry_headwinds,0,sector / margin / outlook / operating
PD101007,2024-08-07,Transportation,EBITDA declined 34% versus plan on volume weakness and pricing pressure. Cost reduction program announced but savings not yet visible in results.,4,4,0,No Change,revenue_decline,21,pricing pressure / pressure / visible results / visible
PD101008,2025-04-08,Construction,"Leverage remains elevated at 7.8x with no clear deleveraging path. PIK toggle exercised on the mezzanine tranche this period, growing the debt stack.",11,14,3,Downgrade,refinancing_risk,8,period / debt / elevated / leverage
PD101009,2024-10-18,Agriculture,Largest customer filed for bankruptcy protection; receivable exposure of $3M likely impaired. Trade credit insurance covers only a portion.,6,8,2,Downgrade,customer_concentration,4,exposure / filed / new / approximately
PD101010,2024-11-05,Manufacturing,Sector outlook deteriorating; industry volumes down 16% and two regional competitors filed for Chapter 11 this year. Borrower exposed to the same demand drivers.,6,8,2,Downgrade,industry_headwinds,0,sector / margin / outlook / operating
PD101011,2024-01-23,Business Services,Financial covenants tripped at the Q2 2024 test date. The borrower requested a covenant holiday through year end. Pricing step-up and additional reporting agreed as conditions.,11,13,2,Downgrade,covenant_breach,19,covenants / covenant / test / additional
PD101012,2024-06-07,Retail,Commodity price downturn pressuring the entire sub-sector. Rig counts and shipment volumes at multi-year lows; borrower hedges roll off in 4 quarters.,10,11,1,Downgrade,industry_headwinds,0,sector / margin / outlook / operating
PD101013,2024-09-28,Technology,Revenue contracted 24% year over year driven by softening demand. Gross margin compressed 332 bps on input cost inflation the borrower could not pass through.,6,9,3,Downgrade,revenue_decline,18,pass / demand / margin / cost
PD101014,2024-11-03,Retail,Margin erosion accelerating; operating margin at 2% versus 9% prior year. Competitive discounting in the sector shows no sign of abating.,10,11,1,Downgrade,revenue_decline,0,sector / margin / outlook / operating
PD101015,2024-03-20,Business Services,Cash flow from operations insufficient to cover fixed charges this cycle. FCCR dropped to 0.7x. Sponsor has been approached for an equity injection to shore up liquidity.,8,9,1,Downgrade,liquidity_stress,17,fccr / equity / breach / sponsor
PD101016,2024-04-07,Agriculture,"Auditor issued a qualified opinion related to inventory valuation. Management restated prior period results, reducing retained earnings by $18M.",12,13,1,Downgrade,reporting_delinquency,10,auditor / inventory / period / counsel
PD101017,2024-02-27,Technology,Financial covenants tripped at the Q1 2025 test date. The borrower requested a covenant holiday through year end. Pricing step-up and additional reporting agreed as conditions.,2,2,0,No Change,covenant_breach,19,covenants / covenant / test / additional
PD101018,2024-05-03,Commercial Real Estate,"Refinancing risk elevated. The borrower's bonds trade at 68 cents on the dollar, signaling constrained capital markets access.",7,8,1,Downgrade,refinancing_risk,7,refinancing risk / risk elevated / trade / capital
PD101019,2025-01-26,Manufacturing,Springing covenant triggered as revolver utilization exceeded 30%. Borrower is now subject to full quarterly covenant testing and failed the first leverage test.,5,6,1,Downgrade,covenant_breach,5,covenant / test / revolver utilization / discrepancies approximately
PD101020,2024-06-02,Technology,Financial covenants tripped at the Q1 2025 test date. The borrower requested a covenant holiday through year end. Pricing step-up and additional reporting agreed as conditions.,6,9,3,Downgrade,covenant_breach,19,covenants / covenant / test / additional
PD101021,2025-02-06,Construction,Operational restructuring complete; plant consolidation yields $27M of annualized savings. Order intake trending 17% above prior year.,7,6,-1,Upgrade,performance_improvement,11,customer / concentration / product / order
PD101022,2024-08-15,Transportation,Springing covenant triggered as revolver utilization exceeded 39%. Borrower is now subject to full quarterly covenant testing and failed the first leverage test.,10,12,2,Downgrade,covenant_breach,5,covenant / test / revolver utilization / discrepancies approximately
PD101023,2024-05-15,Technology,EBITDA declined 40% versus plan on volume weakness and pricing pressure. Cost reduction program announced but savings not yet visible in results.,7,8,1,Downgrade,revenue_decline,21,pricing pressure / pressure / visible results / visible
PD101024,2024-02-20,Hospitality,Class action lawsuit filed alleging product defects; potential exposure estimated at $131M. Insurance coverage position remains unclear.,6,8,2,Downgrade,legal_regulatory,4,exposure / filed / new / approximately
PD101025,2025-03-20,Business Services,"Interest burden up sharply post rate resets; cash interest coverage at 1.2x. Hedges expired and were not replaced, leaving full floating-rate exposure.",5,6,1,Downgrade,refinancing_risk,13,hedges / rates / market / quarters
PD101026,2024-07-21,Construction,Regulatory investigation opened into billing practices. Legal reserves increased by $13M this quarter; reputational impact on new bookings possible.,5,6,1,Downgrade,legal_regulatory,10,auditor / inventory / period / counsel
PD101027,2025-06-20,Commercial Real Estate,Liquidity concerns escalating. The borrower missed a scheduled sweep and drew the remaining $9M of revolver availability to fund payroll. Treasury reports minimal headroom.,8,11,3,Downgrade,liquidity_stress,2,headroom / concerns / missed / revolver
PD101028,2025-03-16,Technology,Borrower delinquent on quarterly reporting for the second time this year. Field exam identified borrowing base discrepancies of approximately $3M.,6,8,2,Downgrade,reporting_delinquency,3,capital / operating / days / borrowing
PD101029,2025-02-27,Transportation,Ownership dispute among family shareholders is distracting management. Succession plan remains undocumented despite repeated requests at annual review.,5,5,0,No Change,management_turnover,6,annual / raised / repeated / concerns
PD101030,2024-12-18,Agriculture,Commodity price downturn pressuring the entire sub-sector. Rig counts and shipment volumes at multi-year lows; borrower hedges roll off in 3 quarters.,5,6,1,Downgrade,industry_headwinds,0,sector / margin / outlook / operating
PD101031,2025-03-28,Agriculture,Borrower breached the maximum leverage covenant in Q3 2024; reported 7.5x against a 4.1x threshold. Waiver request under negotiation with the bank group.,7,10,3,Downgrade,covenant_breach,19,covenants / covenant / test / additional
PD101032,2024-08-27,Commercial Real Estate,New tariffs raise landed costs approximately 24% on the borrower's primary import lines. Ability to pass through to customers is unproven.,6,6,0,No Change,industry_headwinds,4,exposure / filed / new / approximately
PD101033,2024-03-28,Retail,Commodity price downturn pressuring the entire sub-sector. Rig counts and shipment volumes at multi-year lows; borrower hedges roll off in 2 quarters.,11,11,0,No Change,industry_headwinds,0,sector / margin / outlook / operating
PD101034,2024-05-31,Oil & Gas,Successful refinancing completed; maturities extended to 2029 at improved pricing. Near-term refinancing risk eliminated.,6,5,-1,Upgrade,deleveraging,15,refinancing / committed / market / term
PD101035,2024-04-23,Oil & Gas,Class action lawsuit filed alleging product defects; potential exposure estimated at $97M. Insurance coverage position remains unclear.,6,6,0,No Change,legal_regulatory,4,exposure / filed / new / approximately
PD101036,2024-08-02,Business Services,"Regulatory change effective next year is expected to reduce reimbursement rates by 12%, directly compressing borrower revenue in its core segment.",9,9,0,No Change,industry_headwinds,14,regulatory / rates / revenue / multiyear
PD101037,2024-09-21,Hospitality,Prolonged softness in the freight market; spot rates below breakeven for 4 consecutive quarters. Fleet utilization at 66%.,6,7,1,Downgrade,industry_headwinds,13,hedges / rates / market / quarters
PD101038,2024-01-19,Transportation,Liquidity concerns escalating. The borrower missed a scheduled sweep and drew the remaining $7M of revolver availability to fund payroll. Treasury reports minimal headroom.,2,6,4,Downgrade,liquidity_stress,2,headroom / concerns / missed / revolver
PD101039,2025-06-23,Manufacturing,OFAC compliance review identified potential sanctions exposure in an overseas subsidiary. Enhanced monitoring in place pending outside counsel findings.,4,5,1,Downgrade,legal_regulatory,4,exposure / filed / new / approximately
PD101040,2024-07-24,Business Services,Significant cash burn observed. Unrestricted cash fell 40% quarter over quarter and the company is deferring capex to preserve liquidity. Monitoring weekly 13-week cash flow forecasts.,6,6,0,No Change,liquidity_stress,12,cash / significant / capex / monitoring
PD101041,2024-01-09,Retail,Material weakness in internal controls disclosed. Segregation of duties issues in the treasury function; remediation plan requested by Q3 2024.,5,6,1,Downgrade,reporting_delinquency,2,headroom / concerns / missed / revolver
PD101042,2024-01-20,Oil & Gas,Same-store sales fell 13% and foot traffic remains weak. Inventory build of $28M raises markdown risk into next season.,6,9,3,Downgrade,revenue_decline,1,sales / lowered fullyear / fullyear / continues
PD101043,2025-06-04,Business Services,Largest customer filed for bankruptcy protection; receivable exposure of $10M likely impaired. Trade credit insurance covers only a portion.,8,9,1,Downgrade,customer_concentration,4,exposure / filed / new / approximately
PD101044,2025-05-27,Construction,Borrower breached the maximum leverage covenant in Q3 2025; reported 7.1x against a 4.0x threshold. Waiver request under negotiation with the bank group.,9,13,4,Downgrade,covenant_breach,19,covenants / covenant / test / additional
PD101045,2024-11-08,Technology,Operational restructuring complete; plant consolidation yields $27M of annualized savings. Order intake trending 10% above prior year.,6,6,0,No Change,performance_improvement,11,customer / concentration / product / order
PD101046,2024-01-19,Technology,Liquidity concerns escalating. The borrower missed a scheduled sweep and drew the remaining $15M of revolver availability to fund payroll. Treasury reports minimal headroom.,7,10,3,Downgrade,liquidity_stress,2,headroom / concerns / missed / revolver
PD101047,2024-08-29,Hospitality,Key customer initiated in-sourcing of the borrower's product line. Customer concentration remains high with top three accounts at 61% of sales.,5,5,0,No Change,customer_concentration,11,customer / concentration / product / order
PD101048,2025-01-31,Manufacturing,Significant cash burn observed. Unrestricted cash fell 33% quarter over quarter and the company is deferring capex to preserve liquidity. Monitoring weekly 13-week cash flow forecasts.,7,9,2,Downgrade,liquidity_stress,12,cash / significant / capex / monitoring
PD101049,2025-02-06,Wholesale Trade,Operational restructuring complete; plant consolidation yields $13M of annualized savings. Order intake trending 17% above prior year.,9,6,-3,Upgrade,performance_improvement,11,customer / concentration / product / order
PD101050,2025-06-17,Wholesale Trade,Debt maturity wall approaching; 45% of funded debt comes due within 18 months. Sponsor exploring amend-and-extend but lender appetite is uncertain.,9,10,1,Downgrade,refinancing_risk,20,debt / sponsor / months / 
PD101051,2024-06-05,Transportation,Operational restructuring complete; plant consolidation yields $25M of annualized savings. Order intake trending 17% above prior year.,8,7,-1,Upgrade,performance_improvement,11,customer / concentration / product / order
PD101052,2025-04-04,Hospitality,EBITDA declined 44% versus plan on volume weakness and pricing pressure. Cost reduction program announced but savings not yet visible in results.,9,12,3,Downgrade,revenue_decline,21,pricing pressure / pressure / visible results / visible
PD101053,2024-07-26,Healthcare,Asset sale proceeds of $77M applied to term debt. Leverage reduced to 3.0x from 4.9x at last review.,5,2,-3,Upgrade,deleveraging,7,refinancing risk / risk elevated / trade / capital
PD101054,2025-03-16,Healthcare,Significant cash burn observed. Unrestricted cash fell 63% quarter over quarter and the company is deferring capex to preserve liquidity. Monitoring weekly 13-week cash flow forecasts.,3,5,2,Downgrade,liquidity_stress,12,cash / significant / capex / monitoring
PD101055,2024-05-01,Healthcare,Margin erosion accelerating; operating margin at 2% versus 10% prior year. Competitive discounting in the sector shows no sign of abating.,6,6,0,No Change,revenue_decline,0,sector / margin / outlook / operating
PD101056,2024-05-29,Business Services,Borrower returned to profitability after two loss-making years. Cash conversion improved and the revolver is now undrawn.,8,5,-3,Upgrade,performance_improvement,16,position / revolver utilization / revolver / additional
PD101057,2024-10-07,Healthcare,Borrower breached the maximum leverage covenant in Q3 2025; reported 7.4x against a 3.8x threshold. Waiver request under negotiation with the bank group.,7,9,2,Downgrade,covenant_breach,19,covenants / covenant / test / additional
PD101058,2024-01-27,Agriculture,New tariffs raise landed costs approximately 13% on the borrower's primary import lines. Ability to pass through to customers is unproven.,7,7,0,No Change,industry_headwinds,4,exposure / filed / new / approximately
PD101059,2024-08-24,Agriculture,"Leverage remains elevated at 6.2x with no clear deleveraging path. PIK toggle exercised on the mezzanine tranche this period, growing the debt stack.",9,12,3,Downgrade,refinancing_risk,8,period / debt / elevated / leverage
PD101060,2025-01-02,Retail,Borrower delinquent on quarterly reporting for the second time this year. Field exam identified borrowing base discrepancies of approximately $5M.,5,8,3,Downgrade,reporting_delinquency,5,covenant / test / revolver utilization / discrepancies approximately
PD101061,2025-04-25,Business Services,Governance concerns raised after the audit committee chair stepped down. Board composition now lacks independent financial expertise.,6,8,2,Downgrade,management_turnover,6,annual / raised / repeated / concerns
PD101062,2025-05-18,Construction,"Refinancing risk elevated. The borrower's bonds trade at 60 cents on the dollar, signaling constrained capital markets access.",5,6,1,Downgrade,refinancing_risk,7,refinancing risk / risk elevated / trade / capital
PD101063,2025-02-22,Manufacturing,Fixed charge coverage covenant violation reported. FCCR of 0.8x versus required 1.10x. This is the second consecutive quarterly breach; amendment discussions ongoing.,5,5,0,No Change,covenant_breach,17,fccr / equity / breach / sponsor
PD101064,2024-07-26,Commercial Real Estate,EPA notice of violation received relating to the primary facility. Remediation cost estimates range up to $34M; operations could face interruption.,8,9,1,Downgrade,legal_regulatory,4,exposure / filed / new / approximately
PD101065,2025-03-25,Agriculture,Sector outlook deteriorating; industry volumes down 10% and two regional competitors filed for Chapter 11 this year. Borrower exposed to the same demand drivers.,7,7,0,No Change,industry_headwinds,0,sector / margin / outlook / operating
PD101066,2025-03-13,Transportation,Same-store sales fell 15% and foot traffic remains weak. Inventory build of $34M raises markdown risk into next season.,4,7,3,Downgrade,revenue_decline,1,sales / lowered fullyear / fullyear / continues
PD101067,2025-06-21,Wholesale Trade,Borrower breached the maximum leverage covenant in Q4 2025; reported 5.7x against a 4.4x threshold. Waiver request under negotiation with the bank group.,7,8,1,Downgrade,covenant_breach,19,covenants / covenant / test / additional
PD101068,2024-02-13,Commercial Real Estate,Turnaround gaining traction: EBITDA up 48% year over year and margins recovered to 10%. Cost actions delivered ahead of plan.,10,8,-2,Upgrade,performance_improvement,9,ebitda / qualified / compliance / missed
PD101069,2024-02-10,Hospitality,"Leverage remains elevated at 6.8x with no clear deleveraging path. PIK toggle exercised on the mezzanine tranche this period, growing the debt stack.",11,14,3,Downgrade,refinancing_risk,8,period / debt / elevated / leverage
PD101070,2024-02-20,Commercial Real Estate,"New contract wins add $81M of committed multi-year revenue, diversifying the customer base and improving visibility.",3,1,-2,Upgrade,performance_improvement,14,regulatory / rates / revenue / multiyear
PD101071,2024-11-07,Oil & Gas,Significant cash burn observed. Unrestricted cash fell 58% quarter over quarter and the company is deferring capex to preserve liquidity. Monitoring weekly 13-week cash flow forecasts.,8,11,3,Downgrade,liquidity_stress,12,cash / significant / capex / monitoring
PD101072,2024-02-25,Business Services,Liquidity concerns escalating. The borrower missed a scheduled sweep and drew the remaining $8M of revolver availability to fund payroll. Treasury reports minimal headroom.,5,9,4,Downgrade,liquidity_stress,2,headroom / concerns / missed / revolver
PD101073,2025-04-07,Retail,Cash flow from operations insufficient to cover fixed charges this cycle. FCCR dropped to 0.9x. Sponsor has been approached for an equity injection to shore up liquidity.,7,9,2,Downgrade,liquidity_stress,17,fccr / equity / breach / sponsor
PD101074,2024-05-18,Transportation,"Leverage remains elevated at 5.8x with no clear deleveraging path. PIK toggle exercised on the mezzanine tranche this period, growing the debt stack.",7,9,2,Downgrade,refinancing_risk,8,period / debt / elevated / leverage
PD101075,2024-07-02,Construction,"Regulatory change effective next year is expected to reduce reimbursement rates by 10%, directly compressing borrower revenue in its core segment.",3,5,2,Downgrade,industry_headwinds,14,regulatory / rates / revenue / multiyear
PD101076,2024-04-02,Oil & Gas,Operational restructuring complete; plant consolidation yields $27M of annualized savings. Order intake trending 16% above prior year.,3,1,-2,Upgrade,performance_improvement,11,customer / concentration / product / order
PD101077,2024-05-06,Retail,Significant cash burn observed. Unrestricted cash fell 40% quarter over quarter and the company is deferring capex to preserve liquidity. Monitoring weekly 13-week cash flow forecasts.,7,9,2,Downgrade,liquidity_stress,12,cash / significant / capex / monitoring
PD101078,2025-01-28,Business Services,CFO resigned abruptly in Q4 2025 with no permanent successor named; interim finance lead has limited sector experience. Second C-suite departure in twelve months.,8,8,0,No Change,management_turnover,3,capital / operating / days / borrowing
PD101079,2025-01-22,Hospitality,Springing covenant triggered as revolver utilization exceeded 39%. Borrower is now subject to full quarterly covenant testing and failed the first leverage test.,3,6,3,Downgrade,covenant_breach,5,covenant / test / revolver utilization / discrepancies approximately
PD101080,2024-12-09,Agriculture,"Adverse arbitration ruling requires payment of $7M within 90 days, straining liquidity. Appeal under consideration but counsel views prospects as limited.",7,10,3,Downgrade,legal_regulatory,10,auditor / inventory / period / counsel
PD101081,2024-07-02,Business Services,Topline deterioration continues for a third consecutive quarter. Sales down 13% and order backlog thinning. Management lowered full-year guidance materially.,10,11,1,Downgrade,revenue_decline,1,sales / lowered fullyear / fullyear / continues
PD101082,2025-04-01,Oil & Gas,Revenue contracted 23% year over year driven by softening demand. Gross margin compressed 307 bps on input cost inflation the borrower could not pass through.,4,3,-1,Upgrade,revenue_decline,18,pass / demand / margin / cost
PD101083,2024-07-26,Manufacturing,Regulatory investigation opened into billing practices. Legal reserves increased by $12M this quarter; reputational impact on new bookings possible.,6,6,0,No Change,legal_regulatory,10,auditor / inventory / period / counsel
PD101084,2025-05-24,Construction,Contract repricing with the anchor customer cut unit margins 18%. Borrower has limited negotiating leverage given dependence on this relationship.,6,6,0,No Change,customer_concentration,19,covenants / covenant / test / additional
PD101085,2025-05-20,Commercial Real Estate,Ownership dispute among family shareholders is distracting management. Succession plan remains undocumented despite repeated requests at annual review.,8,9,1,Downgrade,management_turnover,6,annual / raised / repeated / concerns
PD101086,2024-01-07,Commercial Real Estate,Operating cash flow turned negative in Q4 2025. Working capital squeeze evident; payables stretched beyond 86 days and the borrower requested a temporary overadvance.,7,10,3,Downgrade,liquidity_stress,3,capital / operating / days / borrowing
PD101087,2024-07-31,Manufacturing,Prolonged softness in the freight market; spot rates below breakeven for 5 consecutive quarters. Fleet utilization at 79%.,7,8,1,Downgrade,industry_headwinds,13,hedges / rates / market / quarters
PD101088,2024-12-23,Manufacturing,CEO transition announced amid board disagreement over strategy. Key-person risk elevated given founder's central role in top customer relationships.,8,8,0,No Change,management_turnover,6,annual / raised / repeated / concerns
PD101089,2024-03-30,Manufacturing,Asset sale proceeds of $33M applied to term debt. Leverage reduced to 3.0x from 5.3x at last review.,11,10,-1,Upgrade,deleveraging,7,refinancing risk / risk elevated / trade / capital
PD101090,2024-06-30,Construction,Borrower has fully drawn the revolver with utilization at 98%. Cash position declined to $4M and liquidity runway is under 4 months without additional support.,5,7,2,Downgrade,liquidity_stress,16,position / revolver utilization / revolver / additional
PD101091,2024-11-02,Technology,Material weakness in internal controls disclosed. Segregation of duties issues in the treasury function; remediation plan requested by Q3 2024.,7,7,0,No Change,reporting_delinquency,2,headroom / concerns / missed / revolver
PD101092,2025-03-13,Hospitality,Significant cash burn observed. Unrestricted cash fell 54% quarter over quarter and the company is deferring capex to preserve liquidity. Monitoring weekly 13-week cash flow forecasts.,9,9,0,No Change,liquidity_stress,12,cash / significant / capex / monitoring
PD101093,2024-10-08,Technology,CFO resigned abruptly in Q3 2025 with no permanent successor named; interim finance lead has limited sector experience. Second C-suite departure in twelve months.,8,10,2,Downgrade,management_turnover,3,capital / operating / days / borrowing
PD101094,2024-02-29,Retail,Material weakness in internal controls disclosed. Segregation of duties issues in the treasury function; remediation plan requested by Q4 2024.,4,5,1,Downgrade,reporting_delinquency,2,headroom / concerns / missed / revolver
PD101095,2024-03-30,Construction,Cash flow from operations insufficient to cover fixed charges this cycle. FCCR dropped to 0.9x. Sponsor has been approached for an equity injection to shore up liquidity.,5,6,1,Downgrade,liquidity_stress,17,fccr / equity / breach / sponsor
PD101096,2024-10-21,Transportation,"Leverage remains elevated at 7.8x with no clear deleveraging path. PIK toggle exercised on the mezzanine tranche this period, growing the debt stack.",6,8,2,Downgrade,refinancing_risk,8,period / debt / elevated / leverage
PD101097,2024-09-22,Hospitality,Ownership dispute among family shareholders is distracting management. Succession plan remains undocumented despite repeated requests at annual review.,6,7,1,Downgrade,management_turnover,6,annual / raised / repeated / concerns
PD101098,2024-12-28,Healthcare,OFAC compliance review identified potential sanctions exposure in an overseas subsidiary. Enhanced monitoring in place pending outside counsel findings.,7,8,1,Downgrade,legal_regulatory,4,exposure / filed / new / approximately
PD101099,2025-05-24,Construction,Springing covenant triggered as revolver utilization exceeded 39%. Borrower is now subject to full quarterly covenant testing and failed the first leverage test.,7,10,3,Downgrade,covenant_breach,5,covenant / test / revolver utilization / discrepancies approximately
PD101100,2024-10-24,Commercial Real Estate,Fixed charge coverage covenant violation reported. FCCR of 1.0x versus required 1.10x. This is the second consecutive quarterly breach; amendment discussions ongoing.,11,13,2,Downgrade,covenant_breach,17,fccr / equity / breach / sponsor
PD101101,2024-04-30,Business Services,Successful refinancing completed; maturities extended to 2029 at improved pricing. Near-term refinancing risk eliminated.,8,8,0,No Change,deleveraging,15,refinancing / committed / market / term
PD101102,2024-08-05,Manufacturing,Strong Q4 2025 results with revenue growth of 9% and record backlog of $210M. Guidance raised for the full year.,7,6,-1,Upgrade,performance_improvement,0,sector / margin / outlook / operating
PD101103,2024-03-10,Oil & Gas,Borrower delinquent on quarterly reporting for the second time this year. Field exam identified borrowing base discrepancies of approximately $6M.,10,11,1,Downgrade,reporting_delinquency,5,covenant / test / revolver utilization / discrepancies approximately
PD101104,2024-01-07,Retail,Commodity price downturn pressuring the entire sub-sector. Rig counts and shipment volumes at multi-year lows; borrower hedges roll off in 4 quarters.,5,8,3,Downgrade,industry_headwinds,0,sector / margin / outlook / operating
PD101105,2024-01-30,Healthcare,"Refinancing risk elevated. The borrower's bonds trade at 65 cents on the dollar, signaling constrained capital markets access.",6,8,2,Downgrade,refinancing_risk,7,refinancing risk / risk elevated / trade / capital
PD101106,2025-05-05,Construction,Regulatory investigation opened into billing practices. Legal reserves increased by $26M this quarter; reputational impact on new bookings possible.,10,12,2,Downgrade,legal_regulatory,10,auditor / inventory / period / counsel
PD101107,2025-04-16,Hospitality,CFO resigned abruptly in Q2 2025 with no permanent successor named; interim finance lead has limited sector experience. Second C-suite departure in twelve months.,9,10,1,Downgrade,management_turnover,3,capital / operating / days / borrowing
PD101108,2024-02-27,Hospitality,Financial covenants tripped at the Q4 2025 test date. The borrower requested a covenant holiday through year end. Pricing step-up and additional reporting agreed as conditions.,7,10,3,Downgrade,covenant_breach,19,covenants / covenant / test / additional
PD101109,2024-11-19,Hospitality,Commodity price downturn pressuring the entire sub-sector. Rig counts and shipment volumes at multi-year lows; borrower hedges roll off in 4 quarters.,8,8,0,No Change,industry_headwinds,0,sector / margin / outlook / operating
PD101110,2024-12-05,Technology,Margin erosion accelerating; operating margin at 1% versus 9% prior year. Competitive discounting in the sector shows no sign of abating.,7,9,2,Downgrade,revenue_decline,0,sector / margin / outlook / operating
PD101111,2025-01-19,Wholesale Trade,Term loan of $126M matures in 10 months with no committed refinancing. Current leverage of 7.1x makes a market refinance challenging.,10,11,1,Downgrade,refinancing_risk,15,refinancing / committed / market / term
PD101112,2025-02-02,Healthcare,Contract repricing with the anchor customer cut unit margins 15%. Borrower has limited negotiating leverage given dependence on this relationship.,7,9,2,Downgrade,customer_concentration,18,pass / demand / margin / cost
PD101113,2024-11-11,Business Services,Contract repricing with the anchor customer cut unit margins 13%. Borrower has limited negotiating leverage given dependence on this relationship.,7,8,1,Downgrade,customer_concentration,18,pass / demand / margin / cost
PD101114,2025-02-27,Retail,"Refinancing risk elevated. The borrower's bonds trade at 77 cents on the dollar, signaling constrained capital markets access.",5,5,0,No Change,refinancing_risk,7,refinancing risk / risk elevated / trade / capital
PD101115,2024-11-05,Commercial Real Estate,"New contract wins add $45M of committed multi-year revenue, diversifying the customer base and improving visibility.",8,5,-3,Upgrade,performance_improvement,14,regulatory / rates / revenue / multiyear
PD101116,2025-01-18,Manufacturing,Springing covenant triggered as revolver utilization exceeded 34%. Borrower is now subject to full quarterly covenant testing and failed the first leverage test.,8,8,0,No Change,covenant_breach,5,covenant / test / revolver utilization / discrepancies approximately
PD101117,2025-03-30,Hospitality,CEO transition announced amid board disagreement over strategy. Key-person risk elevated given founder's central role in top customer relationships.,6,7,1,Downgrade,management_turnover,6,annual / raised / repeated / concerns
PD101118,2025-05-10,Business Services,CFO resigned abruptly in Q4 2024 with no permanent successor named; interim finance lead has limited sector experience. Second C-suite departure in twelve months.,8,9,1,Downgrade,management_turnover,3,capital / operating / days / borrowing
PD101119,2024-04-10,Hospitality,Cash flow from operations insufficient to cover fixed charges this cycle. FCCR dropped to 0.7x. Sponsor has been approached for an equity injection to shore up liquidity.,5,7,2,Downgrade,liquidity_stress,17,fccr / equity / breach / sponsor
PD101120,2025-06-18,Retail,Operating cash flow turned negative in Q2 2024. Working capital squeeze evident; payables stretched beyond 89 days and the borrower requested a temporary overadvance.,9,13,4,Downgrade,liquidity_stress,3,capital / operating / days / borrowing
PD101121,2025-04-23,Manufacturing,Borrower breached the maximum leverage covenant in Q3 2024; reported 6.6x against a 4.1x threshold. Waiver request under negotiation with the bank group.,6,6,0,No Change,covenant_breach,19,covenants / covenant / test / additional
PD101122,2024-11-15,Manufacturing,Class action lawsuit filed alleging product defects; potential exposure estimated at $143M. Insurance coverage position remains unclear.,7,9,2,Downgrade,legal_regulatory,4,exposure / filed / new / approximately
PD101123,2024-08-02,Technology,Cash flow from operations insufficient to cover fixed charges this cycle. FCCR dropped to 0.9x. Sponsor has been approached for an equity injection to shore up liquidity.,7,9,2,Downgrade,liquidity_stress,17,fccr / equity / breach / sponsor
PD101124,2024-10-10,Hospitality,CEO transition announced amid board disagreement over strategy. Key-person risk elevated given founder's central role in top customer relationships.,7,8,1,Downgrade,management_turnover,6,annual / raised / repeated / concerns
PD101125,2024-10-06,Healthcare,Significant cash burn observed. Unrestricted cash fell 58% quarter over quarter and the company is deferring capex to preserve liquidity. Monitoring weekly 13-week cash flow forecasts.,6,9,3,Downgrade,liquidity_stress,12,cash / significant / capex / monitoring
PD101126,2025-06-10,Retail,Operating cash flow turned negative in Q3 2024. Working capital squeeze evident; payables stretched beyond 60 days and the borrower requested a temporary overadvance.,3,7,4,Downgrade,liquidity_stress,3,capital / operating / days / borrowing
PD101127,2024-10-17,Agriculture,Asset sale proceeds of $163M applied to term debt. Leverage reduced to 2.5x from 4.5x at last review.,3,2,-1,Upgrade,deleveraging,7,refinancing risk / risk elevated / trade / capital
PD101128,2024-12-12,Hospitality,Debt maturity wall approaching; 50% of funded debt comes due within 18 months. Sponsor exploring amend-and-extend but lender appetite is uncertain.,8,8,0,No Change,refinancing_risk,20,debt / sponsor / months / 
PD101129,2024-02-21,Retail,Same-store sales fell 6% and foot traffic remains weak. Inventory build of $13M raises markdown risk into next season.,6,6,0,No Change,revenue_decline,1,sales / lowered fullyear / fullyear / continues
PD101130,2025-03-12,Transportation,Governance concerns raised after the audit committee chair stepped down. Board composition now lacks independent financial expertise.,8,8,0,No Change,management_turnover,6,annual / raised / repeated / concerns
PD101131,2025-04-01,Agriculture,Fixed charge coverage covenant violation reported. FCCR of 0.9x versus required 1.10x. This is the second consecutive quarterly breach; amendment discussions ongoing.,8,10,2,Downgrade,covenant_breach,17,fccr / equity / breach / sponsor
PD101132,2024-07-21,Business Services,Borrower returned to profitability after two loss-making years. Cash conversion improved and the revolver is now undrawn.,7,5,-2,Upgrade,performance_improvement,16,position / revolver utilization / revolver / additional
PD101133,2024-05-14,Retail,Margin erosion accelerating; operating margin at 1% versus 14% prior year. Competitive discounting in the sector shows no sign of abating.,8,9,1,Downgrade,revenue_decline,0,sector / margin / outlook / operating
PD101134,2025-04-21,Construction,Liquidity concerns escalating. The borrower missed a scheduled sweep and drew the remaining $6M of revolver availability to fund payroll. Treasury reports minimal headroom.,1,3,2,Downgrade,liquidity_stress,2,headroom / concerns / missed / revolver
PD101135,2024-09-21,Technology,Topline deterioration continues for a third consecutive quarter. Sales down 15% and order backlog thinning. Management lowered full-year guidance materially.,8,7,-1,Upgrade,revenue_decline,1,sales / lowered fullyear / fullyear / continues
PD101136,2024-12-04,Technology,Minimum EBITDA covenant missed by 13%. Compliance certificate delivered late with a qualified calculation. Documentation team reviewing reservation of rights letter.,10,12,2,Downgrade,covenant_breach,9,ebitda / qualified / compliance / missed
PD101137,2025-05-01,Retail,Largest customer filed for bankruptcy protection; receivable exposure of $18M likely impaired. Trade credit insurance covers only a portion.,7,7,0,No Change,customer_concentration,4,exposure / filed / new / approximately
PD101138,2024-10-16,Technology,Financial covenants tripped at the Q4 2025 test date. The borrower requested a covenant holiday through year end. Pricing step-up and additional reporting agreed as conditions.,4,4,0,No Change,covenant_breach,19,covenants / covenant / test / additional
PD101139,2025-02-19,Business Services,"Leverage remains elevated at 6.9x with no clear deleveraging path. PIK toggle exercised on the mezzanine tranche this period, growing the debt stack.",10,11,1,Downgrade,refinancing_risk,8,period / debt / elevated / leverage
PD101140,2025-02-27,Commercial Real Estate,Borrower breached the maximum leverage covenant in Q3 2024; reported 6.9x against a 4.0x threshold. Waiver request under negotiation with the bank group.,4,7,3,Downgrade,covenant_breach,19,covenants / covenant / test / additional
PD101141,2025-05-08,Transportation,Operational restructuring complete; plant consolidation yields $12M of annualized savings. Order intake trending 27% above prior year.,6,5,-1,Upgrade,performance_improvement,11,customer / concentration / product / order
PD101142,2025-03-21,Agriculture,Borrower breached the maximum leverage covenant in Q3 2024; reported 6.9x against a 4.1x threshold. Waiver request under negotiation with the bank group.,4,6,2,Downgrade,covenant_breach,19,covenants / covenant / test / additional
PD101143,2024-06-26,Wholesale Trade,"Refinancing risk elevated. The borrower's bonds trade at 72 cents on the dollar, signaling constrained capital markets access.",8,11,3,Downgrade,refinancing_risk,7,refinancing risk / risk elevated / trade / capital
PD101144,2025-04-19,Technology,Class action lawsuit filed alleging product defects; potential exposure estimated at $134M. Insurance coverage position remains unclear.,5,5,0,No Change,legal_regulatory,4,exposure / filed / new / approximately
PD101145,2024-11-11,Transportation,"Leverage remains elevated at 5.7x with no clear deleveraging path. PIK toggle exercised on the mezzanine tranche this period, growing the debt stack.",10,11,1,Downgrade,refinancing_risk,8,period / debt / elevated / leverage
PD101146,2025-01-23,Technology,Revenue contracted 29% year over year driven by softening demand. Gross margin compressed 205 bps on input cost inflation the borrower could not pass through.,9,12,3,Downgrade,revenue_decline,18,pass / demand / margin / cost
PD101147,2024-05-22,Agriculture,"Adverse arbitration ruling requires payment of $8M within 90 days, straining liquidity. Appeal under consideration but counsel views prospects as limited.",6,6,0,No Change,legal_regulatory,10,auditor / inventory / period / counsel
PD101148,2024-06-01,Construction,Audited financial statements are 156 days past due. Auditor cited unresolved revenue recognition matters; a going concern qualification has not been ruled out.,4,4,0,No Change,reporting_delinquency,9,ebitda / qualified / compliance / missed
PD101149,2025-04-02,Commercial Real Estate,Margin erosion accelerating; operating margin at 3% versus 11% prior year. Competitive discounting in the sector shows no sign of abating.,10,12,2,Downgrade,revenue_decline,0,sector / margin / outlook / operating
PD101150,2024-11-07,Transportation,Fixed charge coverage covenant violation reported. FCCR of 0.9x versus required 1.10x. This is the second consecutive quarterly breach; amendment discussions ongoing.,7,9,2,Downgrade,covenant_breach,17,fccr / equity / breach / sponsor
PD101151,2025-06-06,Transportation,EPA notice of violation received relating to the primary facility. Remediation cost estimates range up to $13M; operations could face interruption.,10,12,2,Downgrade,legal_regulatory,4,exposure / filed / new / approximately
PD101152,2024-02-24,Manufacturing,Operating cash flow turned negative in Q3 2024. Working capital squeeze evident; payables stretched beyond 83 days and the borrower requested a temporary overadvance.,5,7,2,Downgrade,liquidity_stress,3,capital / operating / days / borrowing
PD101153,2024-10-15,Manufacturing,Contract repricing with the anchor customer cut unit margins 21%. Borrower has limited negotiating leverage given dependence on this relationship.,8,8,0,No Change,customer_concentration,19,covenants / covenant / test / additional
PD101154,2025-01-26,Transportation,Operating cash flow turned negative in Q4 2025. Working capital squeeze evident; payables stretched beyond 100 days and the borrower requested a temporary overadvance.,9,12,3,Downgrade,liquidity_stress,3,capital / operating / days / borrowing
PD101155,2024-06-26,Construction,Same-store sales fell 18% and foot traffic remains weak. Inventory build of $39M raises markdown risk into next season.,9,12,3,Downgrade,revenue_decline,1,sales / lowered fullyear / fullyear / continues
PD101156,2025-01-03,Transportation,Borrower delinquent on quarterly reporting for the second time this year. Field exam identified borrowing base discrepancies of approximately $5M.,9,12,3,Downgrade,reporting_delinquency,5,covenant / test / revolver utilization / discrepancies approximately
PD101157,2024-05-08,Healthcare,CEO transition announced amid board disagreement over strategy. Key-person risk elevated given founder's central role in top customer relationships.,9,10,1,Downgrade,management_turnover,6,annual / raised / repeated / concerns
PD101158,2024-05-19,Retail,Borrower breached the maximum leverage covenant in Q1 2024; reported 4.9x against a 4.4x threshold. Waiver request under negotiation with the bank group.,5,8,3,Downgrade,covenant_breach,19,covenants / covenant / test / additional
PD101159,2025-04-11,Business Services,Borrower delinquent on quarterly reporting for the second time this year. Field exam identified borrowing base discrepancies of approximately $12M.,5,7,2,Downgrade,reporting_delinquency,5,covenant / test / revolver utilization / discrepancies approximately
PD101160,2025-04-10,Hospitality,Cash flow from operations insufficient to cover fixed charges this cycle. FCCR dropped to 0.9x. Sponsor has been approached for an equity injection to shore up liquidity.,8,9,1,Downgrade,liquidity_stress,17,fccr / equity / breach / sponsor
PD101161,2025-01-28,Technology,"Adverse arbitration ruling requires payment of $40M within 90 days, straining liquidity. Appeal under consideration but counsel views prospects as limited.",6,5,-1,Upgrade,legal_regulatory,10,auditor / inventory / period / counsel
PD101162,2024-08-30,Business Services,Strong Q2 2025 results with revenue growth of 8% and record backlog of $295M. Guidance raised for the full year.,6,3,-3,Upgrade,performance_improvement,0,sector / margin / outlook / operating
PD101163,2025-01-10,Manufacturing,Cash flow from operations insufficient to cover fixed charges this cycle. FCCR dropped to 0.7x. Sponsor has been approached for an equity injection to shore up liquidity.,7,9,2,Downgrade,liquidity_stress,17,fccr / equity / breach / sponsor
PD101164,2025-05-08,Business Services,Borrower has fully drawn the revolver with utilization at 100%. Cash position declined to $13M and liquidity runway is under 5 months without additional support.,5,5,0,No Change,liquidity_stress,16,position / revolver utilization / revolver / additional
PD101165,2025-06-23,Oil & Gas,Sector outlook deteriorating; industry volumes down 10% and two regional competitors filed for Chapter 11 this year. Borrower exposed to the same demand drivers.,6,7,1,Downgrade,industry_headwinds,0,sector / margin / outlook / operating
PD101166,2024-03-31,Commercial Real Estate,"Interest burden up sharply post rate resets; cash interest coverage at 1.3x. Hedges expired and were not replaced, leaving full floating-rate exposure.",7,10,3,Downgrade,refinancing_risk,13,hedges / rates / market / quarters
PD101167,2024-03-20,Wholesale Trade,Repeated delays in delivering compliance certificates and monthly borrowing base certificates. Finance function appears under-resourced following staff departures.,5,6,1,Downgrade,reporting_delinquency,3,capital / operating / days / borrowing
PD101168,2024-02-24,Technology,Cash flow from operations insufficient to cover fixed charges this cycle. FCCR dropped to 0.9x. Sponsor has been approached for an equity injection to shore up liquidity.,3,6,3,Downgrade,liquidity_stress,17,fccr / equity / breach / sponsor
PD101169,2025-06-08,Construction,Operational restructuring complete; plant consolidation yields $29M of annualized savings. Order intake trending 10% above prior year.,5,3,-2,Upgrade,performance_improvement,11,customer / concentration / product / order
PD101170,2024-10-28,Oil & Gas,"Leverage remains elevated at 7.3x with no clear deleveraging path. PIK toggle exercised on the mezzanine tranche this period, growing the debt stack.",8,8,0,No Change,refinancing_risk,8,period / debt / elevated / leverage
PD101171,2024-11-07,Business Services,Debt maturity wall approaching; 42% of funded debt comes due within 18 months. Sponsor exploring amend-and-extend but lender appetite is uncertain.,7,9,2,Downgrade,refinancing_risk,20,debt / sponsor / months / 
PD101172,2024-06-22,Agriculture,"Leverage remains elevated at 6.2x with no clear deleveraging path. PIK toggle exercised on the mezzanine tranche this period, growing the debt stack.",8,10,2,Downgrade,refinancing_risk,8,period / debt / elevated / leverage
PD101173,2024-01-28,Oil & Gas,Revenue contracted 31% year over year driven by softening demand. Gross margin compressed 299 bps on input cost inflation the borrower could not pass through.,8,9,1,Downgrade,revenue_decline,18,pass / demand / margin / cost
PD101174,2024-10-11,Oil & Gas,"Interest burden up sharply post rate resets; cash interest coverage at 1.0x. Hedges expired and were not replaced, leaving full floating-rate exposure.",6,8,2,Downgrade,refinancing_risk,13,hedges / rates / market / quarters
PD101175,2024-09-20,Manufacturing,Debt maturity wall approaching; 79% of funded debt comes due within 18 months. Sponsor exploring amend-and-extend but lender appetite is uncertain.,10,11,1,Downgrade,refinancing_risk,20,debt / sponsor / months / 
PD101176,2024-06-03,Wholesale Trade,Audited financial statements are 137 days past due. Auditor cited unresolved revenue recognition matters; a going concern qualification has not been ruled out.,5,6,1,Downgrade,reporting_delinquency,9,ebitda / qualified / compliance / missed
PD101177,2024-09-24,Business Services,Liquidity concerns escalating. The borrower missed a scheduled sweep and drew the remaining $14M of revolver availability to fund payroll. Treasury reports minimal headroom.,5,7,2,Downgrade,liquidity_stress,2,headroom / concerns / missed / revolver
PD101178,2025-06-24,Manufacturing,CEO transition announced amid board disagreement over strategy. Key-person risk elevated given founder's central role in top customer relationships.,9,11,2,Downgrade,management_turnover,6,annual / raised / repeated / concerns
PD101179,2024-06-06,Construction,Significant cash burn observed. Unrestricted cash fell 35% quarter over quarter and the company is deferring capex to preserve liquidity. Monitoring weekly 13-week cash flow forecasts.,4,6,2,Downgrade,liquidity_stress,12,cash / significant / capex / monitoring
PD101180,2025-03-26,Business Services,Liquidity concerns escalating. The borrower missed a scheduled sweep and drew the remaining $15M of revolver availability to fund payroll. Treasury reports minimal headroom.,10,12,2,Downgrade,liquidity_stress,2,headroom / concerns / missed / revolver
PD101181,2024-09-27,Retail,Asset sale proceeds of $78M applied to term debt. Leverage reduced to 2.9x from 5.3x at last review.,8,8,0,No Change,deleveraging,7,refinancing risk / risk elevated / trade / capital
PD101182,2025-05-02,Business Services,Borrower has fully drawn the revolver with utilization at 90%. Cash position declined to $9M and liquidity runway is under 6 months without additional support.,2,5,3,Downgrade,liquidity_stress,16,position / revolver utilization / revolver / additional
PD101183,2025-02-03,Construction,Material weakness in internal controls disclosed. Segregation of duties issues in the treasury function; remediation plan requested by Q2 2025.,4,5,1,Downgrade,reporting_delinquency,2,headroom / concerns / missed / revolver
PD101184,2025-03-21,Manufacturing,Significant cash burn observed. Unrestricted cash fell 39% quarter over quarter and the company is deferring capex to preserve liquidity. Monitoring weekly 13-week cash flow forecasts.,6,8,2,Downgrade,liquidity_stress,12,cash / significant / capex / monitoring
PD101185,2024-02-12,Retail,Financial covenants tripped at the Q4 2025 test date. The borrower requested a covenant holiday through year end. Pricing step-up and additional reporting agreed as conditions.,7,9,2,Downgrade,covenant_breach,19,covenants / covenant / test / additional
PD101186,2024-10-06,Technology,Prolonged softness in the freight market; spot rates below breakeven for 5 consecutive quarters. Fleet utilization at 73%.,10,12,2,Downgrade,industry_headwinds,13,hedges / rates / market / quarters
PD101187,2024-09-18,Wholesale Trade,EBITDA declined 23% versus plan on volume weakness and pricing pressure. Cost reduction program announced but savings not yet visible in results.,5,5,0,No Change,revenue_decline,21,pricing pressure / pressure / visible results / visible
PD101188,2024-09-04,Business Services,"Leverage remains elevated at 6.5x with no clear deleveraging path. PIK toggle exercised on the mezzanine tranche this period, growing the debt stack.",4,7,3,Downgrade,refinancing_risk,8,period / debt / elevated / leverage
PD101189,2024-07-03,Technology,Cash flow from operations insufficient to cover fixed charges this cycle. FCCR dropped to 0.9x. Sponsor has been approached for an equity injection to shore up liquidity.,5,7,2,Downgrade,liquidity_stress,17,fccr / equity / breach / sponsor
PD101190,2024-01-13,Transportation,Material weakness in internal controls disclosed. Segregation of duties issues in the treasury function; remediation plan requested by Q1 2024.,9,11,2,Downgrade,reporting_delinquency,2,headroom / concerns / missed / revolver
PD101191,2025-04-01,Technology,Top customer representing 41% of revenue did not renew its contract at term. Replacement pipeline covers less than half of the lost volume.,7,7,0,No Change,customer_concentration,1,sales / lowered fullyear / fullyear / continues
PD101192,2024-02-04,Manufacturing,Debt maturity wall approaching; 58% of funded debt comes due within 18 months. Sponsor exploring amend-and-extend but lender appetite is uncertain.,4,6,2,Downgrade,refinancing_risk,20,debt / sponsor / months / 
PD101193,2024-08-10,Agriculture,Cash flow from operations insufficient to cover fixed charges this cycle. FCCR dropped to 0.6x. Sponsor has been approached for an equity injection to shore up liquidity.,6,7,1,Downgrade,liquidity_stress,17,fccr / equity / breach / sponsor
PD101194,2024-03-29,Agriculture,Audited financial statements are 150 days past due. Auditor cited unresolved revenue recognition matters; a going concern qualification has not been ruled out.,6,8,2,Downgrade,reporting_delinquency,9,ebitda / qualified / compliance / missed
PD101195,2024-07-07,Oil & Gas,Operating cash flow turned negative in Q4 2024. Working capital squeeze evident; payables stretched beyond 117 days and the borrower requested a temporary overadvance.,13,13,0,No Change,liquidity_stress,3,capital / operating / days / borrowing
PD101196,2024-03-18,Wholesale Trade,Commodity price downturn pressuring the entire sub-sector. Rig counts and shipment volumes at multi-year lows; borrower hedges roll off in 3 quarters.,7,7,0,No Change,industry_headwinds,0,sector / margin / outlook / operating
PD101197,2024-11-27,Oil & Gas,"Regulatory change effective next year is expected to reduce reimbursement rates by 9%, directly compressing borrower revenue in its core segment.",8,8,0,No Change,industry_headwinds,14,regulatory / rates / revenue / multiyear
PD101198,2024-03-04,Transportation,Regulatory investigation opened into billing practices. Legal reserves increased by $9M this quarter; reputational impact on new bookings possible.,7,8,1,Downgrade,legal_regulatory,10,auditor / inventory / period / counsel
PD101199,2024-09-28,Healthcare,"Interest burden up sharply post rate resets; cash interest coverage at 1.2x. Hedges expired and were not replaced, leaving full floating-rate exposure.",5,5,0,No Change,refinancing_risk,13,hedges / rates / market / quarters
PD101200,2024-07-24,Agriculture,Repeated delays in delivering compliance certificates and monthly borrowing base certificates. Finance function appears under-resourced following staff departures.,10,10,0,No Change,reporting_delinquency,3,capital / operating / days / borrowing
PD101201,2025-03-17,Commercial Real Estate,Same-store sales fell 10% and foot traffic remains weak. Inventory build of $36M raises markdown risk into next season.,6,6,0,No Change,revenue_decline,1,sales / lowered fullyear / fullyear / continues
PD101202,2025-03-28,Business Services,Springing covenant triggered as revolver utilization exceeded 40%. Borrower is now subject to full quarterly covenant testing and failed the first leverage test.,8,8,0,No Change,covenant_breach,5,covenant / test / revolver utilization / discrepancies approximately
PD101203,2024-03-13,Agriculture,EBITDA declined 18% versus plan on volume weakness and pricing pressure. Cost reduction program announced but savings not yet visible in results.,6,6,0,No Change,revenue_decline,21,pricing pressure / pressure / visible results / visible
PD101204,2025-05-24,Healthcare,Key customer initiated in-sourcing of the borrower's product line. Customer concentration remains high with top three accounts at 74% of sales.,5,8,3,Downgrade,customer_concentration,11,customer / concentration / product / order
PD101205,2025-02-04,Agriculture,Term loan of $69M matures in 12 months with no committed refinancing. Current leverage of 5.7x makes a market refinance challenging.,10,11,1,Downgrade,refinancing_risk,15,refinancing / committed / market / term
PD101206,2024-03-12,Hospitality,CFO resigned abruptly in Q4 2025 with no permanent successor named; interim finance lead has limited sector experience. Second C-suite departure in twelve months.,8,9,1,Downgrade,management_turnover,3,capital / operating / days / borrowing
PD101207,2025-05-08,Retail,Fixed charge coverage covenant violation reported. FCCR of 0.7x versus required 1.10x. This is the second consecutive quarterly breach; amendment discussions ongoing.,7,8,1,Downgrade,covenant_breach,17,fccr / equity / breach / sponsor
PD101208,2024-12-07,Wholesale Trade,Debt paydown ahead of schedule; net leverage now 2.4x. Rating outlook revised to stable given strengthened balance sheet.,6,4,-2,Upgrade,deleveraging,8,period / debt / elevated / leverage
PD101209,2024-04-02,Technology,EBITDA declined 27% versus plan on volume weakness and pricing pressure. Cost reduction program announced but savings not yet visible in results.,4,4,0,No Change,revenue_decline,1,sales / lowered fullyear / fullyear / continues
PD101210,2025-04-15,Oil & Gas,"Leverage remains elevated at 7.6x with no clear deleveraging path. PIK toggle exercised on the mezzanine tranche this period, growing the debt stack.",4,4,0,No Change,refinancing_risk,8,period / debt / elevated / leverage
PD101211,2024-11-02,Business Services,Operating cash flow turned negative in Q2 2024. Working capital squeeze evident; payables stretched beyond 84 days and the borrower requested a temporary overadvance.,7,10,3,Downgrade,liquidity_stress,3,capital / operating / days / borrowing
PD101212,2025-03-24,Business Services,Same-store sales fell 8% and foot traffic remains weak. Inventory build of $27M raises markdown risk into next season.,5,8,3,Downgrade,revenue_decline,1,sales / lowered fullyear / fullyear / continues
PD101213,2024-01-26,Business Services,Debt maturity wall approaching; 48% of funded debt comes due within 18 months. Sponsor exploring amend-and-extend but lender appetite is uncertain.,7,7,0,No Change,refinancing_risk,20,debt / sponsor / months / 
PD101214,2024-11-11,Construction,Debt paydown ahead of schedule; net leverage now 2.1x. Rating outlook revised to stable given strengthened balance sheet.,7,4,-3,Upgrade,deleveraging,8,period / debt / elevated / leverage
PD101215,2024-02-27,Technology,Material weakness in internal controls disclosed. Segregation of duties issues in the treasury function; remediation plan requested by Q4 2024.,3,3,0,No Change,reporting_delinquency,2,headroom / concerns / missed / revolver
PD101216,2025-06-19,Construction,Revenue contracted 22% year over year driven by softening demand. Gross margin compressed 210 bps on input cost inflation the borrower could not pass through.,6,7,1,Downgrade,revenue_decline,18,pass / demand / margin / cost
PD101217,2024-08-26,Retail,Springing covenant triggered as revolver utilization exceeded 32%. Borrower is now subject to full quarterly covenant testing and failed the first leverage test.,5,8,3,Downgrade,covenant_breach,5,covenant / test / revolver utilization / discrepancies approximately
PD101218,2024-02-16,Commercial Real Estate,Borrower has fully drawn the revolver with utilization at 89%. Cash position declined to $9M and liquidity runway is under 8 months without additional support.,12,12,0,No Change,liquidity_stress,16,position / revolver utilization / revolver / additional
PD101219,2024-02-21,Oil & Gas,Regulatory investigation opened into billing practices. Legal reserves increased by $5M this quarter; reputational impact on new bookings possible.,3,5,2,Downgrade,legal_regulatory,10,auditor / inventory / period / counsel
PD101220,2024-03-06,Retail,Top customer representing 39% of revenue did not renew its contract at term. Replacement pipeline covers less than half of the lost volume.,5,7,2,Downgrade,customer_concentration,1,sales / lowered fullyear / fullyear / continues
PD101221,2024-08-13,Retail,Audited financial statements are 123 days past due. Auditor cited unresolved revenue recognition matters; a going concern qualification has not been ruled out.,7,9,2,Downgrade,reporting_delinquency,9,ebitda / qualified / compliance / missed
PD101222,2025-02-15,Technology,Topline deterioration continues for a third consecutive quarter. Sales down 21% and order backlog thinning. Management lowered full-year guidance materially.,7,9,2,Downgrade,revenue_decline,1,sales / lowered fullyear / fullyear / continues
PD101223,2024-08-06,Manufacturing,CFO resigned abruptly in Q2 2025 with no permanent successor named; interim finance lead has limited sector experience. Second C-suite departure in twelve months.,5,6,1,Downgrade,management_turnover,3,capital / operating / days / borrowing
PD101224,2024-10-07,Healthcare,Operational restructuring complete; plant consolidation yields $10M of annualized savings. Order intake trending 20% above prior year.,8,8,0,No Change,performance_improvement,11,customer / concentration / product / order
PD101225,2024-06-17,Construction,"Adverse arbitration ruling requires payment of $15M within 90 days, straining liquidity. Appeal under consideration but counsel views prospects as limited.",7,8,1,Downgrade,legal_regulatory,10,auditor / inventory / period / counsel
PD101226,2024-04-12,Wholesale Trade,Debt maturity wall approaching; 77% of funded debt comes due within 18 months. Sponsor exploring amend-and-extend but lender appetite is uncertain.,8,8,0,No Change,refinancing_risk,20,debt / sponsor / months / 
PD101227,2025-05-13,Retail,Margin erosion accelerating; operating margin at 4% versus 14% prior year. Competitive discounting in the sector shows no sign of abating.,8,9,1,Downgrade,revenue_decline,0,sector / margin / outlook / operating
PD101228,2024-10-17,Transportation,Borrower has fully drawn the revolver with utilization at 85%. Cash position declined to $4M and liquidity runway is under 3 months without additional support.,8,8,0,No Change,liquidity_stress,16,position / revolver utilization / revolver / additional
PD101229,2024-07-30,Healthcare,Repeated delays in delivering compliance certificates and monthly borrowing base certificates. Finance function appears under-resourced following staff departures.,7,9,2,Downgrade,reporting_delinquency,3,capital / operating / days / borrowing
PD101230,2024-09-01,Healthcare,Commodity price downturn pressuring the entire sub-sector. Rig counts and shipment volumes at multi-year lows; borrower hedges roll off in 4 quarters.,6,7,1,Downgrade,industry_headwinds,0,sector / margin / outlook / operating
PD101231,2024-07-03,Business Services,Ownership dispute among family shareholders is distracting management. Succession plan remains undocumented despite repeated requests at annual review.,4,7,3,Downgrade,management_turnover,6,annual / raised / repeated / concerns
PD101232,2024-11-04,Technology,Liquidity concerns escalating. The borrower missed a scheduled sweep and drew the remaining $5M of revolver availability to fund payroll. Treasury reports minimal headroom.,9,11,2,Downgrade,liquidity_stress,2,headroom / concerns / missed / revolver
PD101233,2024-04-30,Hospitality,Same-store sales fell 5% and foot traffic remains weak. Inventory build of $40M raises markdown risk into next season.,6,6,0,No Change,revenue_decline,1,sales / lowered fullyear / fullyear / continues
PD101234,2025-06-03,Commercial Real Estate,Borrower has fully drawn the revolver with utilization at 96%. Cash position declined to $15M and liquidity runway is under 9 months without additional support.,8,11,3,Downgrade,liquidity_stress,16,position / revolver utilization / revolver / additional
PD101235,2024-08-01,Oil & Gas,Repeated delays in delivering compliance certificates and monthly borrowing base certificates. Finance function appears under-resourced following staff departures.,10,11,1,Downgrade,reporting_delinquency,3,capital / operating / days / borrowing
PD101236,2024-06-01,Wholesale Trade,Audited financial statements are 84 days past due. Auditor cited unresolved revenue recognition matters; a going concern qualification has not been ruled out.,8,8,0,No Change,reporting_delinquency,9,ebitda / qualified / compliance / missed
PD101237,2024-02-14,Manufacturing,Largest customer filed for bankruptcy protection; receivable exposure of $18M likely impaired. Trade credit insurance covers only a portion.,4,7,3,Downgrade,customer_concentration,4,exposure / filed / new / approximately
PD101238,2024-12-08,Agriculture,"Sponsor injected $51M of fresh equity, curing the covenant breach and funding the growth capex program. Liquidity restored to $56M.",12,11,-1,Upgrade,deleveraging,17,fccr / equity / breach / sponsor
PD101239,2024-02-23,Hospitality,Minimum EBITDA covenant missed by 9%. Compliance certificate delivered late with a qualified calculation. Documentation team reviewing reservation of rights letter.,9,9,0,No Change,covenant_breach,9,ebitda / qualified / compliance / missed
PD101240,2025-06-11,Retail,Fixed charge coverage covenant violation reported. FCCR of 0.8x versus required 1.10x. This is the second consecutive quarterly breach; amendment discussions ongoing.,7,7,0,No Change,covenant_breach,17,fccr / equity / breach / sponsor
PD101241,2025-03-31,Agriculture,Top customer representing 53% of revenue did not renew its contract at term. Replacement pipeline covers less than half of the lost volume.,4,6,2,Downgrade,customer_concentration,1,sales / lowered fullyear / fullyear / continues
PD101242,2024-11-29,Commercial Real Estate,"Leverage remains elevated at 6.3x with no clear deleveraging path. PIK toggle exercised on the mezzanine tranche this period, growing the debt stack.",7,8,1,Downgrade,refinancing_risk,8,period / debt / elevated / leverage
PD101243,2025-01-19,Commercial Real Estate,Borrower breached the maximum leverage covenant in Q3 2024; reported 4.8x against a 4.2x threshold. Waiver request under negotiation with the bank group.,6,8,2,Downgrade,covenant_breach,19,covenants / covenant / test / additional
PD101244,2025-03-22,Healthcare,Revenue contracted 25% year over year driven by softening demand. Gross margin compressed 449 bps on input cost inflation the borrower could not pass through.,7,8,1,Downgrade,revenue_decline,18,pass / demand / margin / cost
PD101245,2025-01-17,Healthcare,New tariffs raise landed costs approximately 24% on the borrower's primary import lines. Ability to pass through to customers is unproven.,2,3,1,Downgrade,industry_headwinds,4,exposure / filed / new / approximately
PD101246,2024-10-03,Commercial Real Estate,"Adverse arbitration ruling requires payment of $17M within 90 days, straining liquidity. Appeal under consideration but counsel views prospects as limited.",7,7,0,No Change,legal_regulatory,10,auditor / inventory / period / counsel
PD101247,2024-03-02,Oil & Gas,Significant cash burn observed. Unrestricted cash fell 38% quarter over quarter and the company is deferring capex to preserve liquidity. Monitoring weekly 13-week cash flow forecasts.,7,7,0,No Change,liquidity_stress,12,cash / significant / capex / monitoring
PD101248,2025-04-14,Transportation,Borrower delinquent on quarterly reporting for the second time this year. Field exam identified borrowing base discrepancies of approximately $3M.,7,9,2,Downgrade,reporting_delinquency,3,capital / operating / days / borrowing
PD101249,2024-06-23,Agriculture,Asset sale proceeds of $112M applied to term debt. Leverage reduced to 2.3x from 4.4x at last review.,12,11,-1,Upgrade,deleveraging,7,refinancing risk / risk elevated / trade / capital
PD101250,2025-06-18,Construction,Cash flow from operations insufficient to cover fixed charges this cycle. FCCR dropped to 0.9x. Sponsor has been approached for an equity injection to shore up liquidity.,6,6,0,No Change,liquidity_stress,17,fccr / equity / breach / sponsor
PD101251,2024-10-12,Manufacturing,Fixed charge coverage covenant violation reported. FCCR of 0.9x versus required 1.10x. This is the second consecutive quarterly breach; amendment discussions ongoing.,3,5,2,Downgrade,covenant_breach,17,fccr / equity / breach / sponsor
PD101252,2024-08-15,Agriculture,Same-store sales fell 12% and foot traffic remains weak. Inventory build of $20M raises markdown risk into next season.,9,9,0,No Change,revenue_decline,1,sales / lowered fullyear / fullyear / continues
PD101253,2025-04-26,Business Services,Operating cash flow turned negative in Q1 2025. Working capital squeeze evident; payables stretched beyond 62 days and the borrower requested a temporary overadvance.,5,5,0,No Change,liquidity_stress,3,capital / operating / days / borrowing
PD101254,2025-05-05,Business Services,Prolonged softness in the freight market; spot rates below breakeven for 3 consecutive quarters. Fleet utilization at 73%.,6,7,1,Downgrade,industry_headwinds,13,hedges / rates / market / quarters
PD101255,2024-01-13,Business Services,Revenue contracted 24% year over year driven by softening demand. Gross margin compressed 403 bps on input cost inflation the borrower could not pass through.,7,9,2,Downgrade,revenue_decline,18,pass / demand / margin / cost
PD101256,2024-10-29,Commercial Real Estate,"Interest burden up sharply post rate resets; cash interest coverage at 1.6x. Hedges expired and were not replaced, leaving full floating-rate exposure.",5,5,0,No Change,refinancing_risk,13,hedges / rates / market / quarters
PD101257,2024-01-25,Construction,Borrower breached the maximum leverage covenant in Q1 2025; reported 6.5x against a 3.7x threshold. Waiver request under negotiation with the bank group.,8,11,3,Downgrade,covenant_breach,19,covenants / covenant / test / additional
PD101258,2025-02-19,Healthcare,"Regulatory change effective next year is expected to reduce reimbursement rates by 7%, directly compressing borrower revenue in its core segment.",9,10,1,Downgrade,industry_headwinds,14,regulatory / rates / revenue / multiyear
PD101259,2024-01-02,Wholesale Trade,Significant cash burn observed. Unrestricted cash fell 70% quarter over quarter and the company is deferring capex to preserve liquidity. Monitoring weekly 13-week cash flow forecasts.,5,6,1,Downgrade,liquidity_stress,12,cash / significant / capex / monitoring
PD101260,2024-12-06,Hospitality,Top customer representing 37% of revenue did not renew its contract at term. Replacement pipeline covers less than half of the lost volume.,7,9,2,Downgrade,customer_concentration,1,sales / lowered fullyear / fullyear / continues
PD101261,2024-07-31,Wholesale Trade,Borrower breached the maximum leverage covenant in Q3 2025; reported 6.8x against a 4.2x threshold. Waiver request under negotiation with the bank group.,4,4,0,No Change,covenant_breach,19,covenants / covenant / test / additional
PD101262,2024-02-26,Hospitality,Successful refinancing completed; maturities extended to 2031 at improved pricing. Near-term refinancing risk eliminated.,8,6,-2,Upgrade,deleveraging,15,refinancing / committed / market / term
PD101263,2025-01-27,Technology,EBITDA declined 43% versus plan on volume weakness and pricing pressure. Cost reduction program announced but savings not yet visible in results.,6,6,0,No Change,revenue_decline,21,pricing pressure / pressure / visible results / visible
PD101264,2025-01-09,Technology,Repeated delays in delivering compliance certificates and monthly borrowing base certificates. Finance function appears under-resourced following staff departures.,8,10,2,Downgrade,reporting_delinquency,3,capital / operating / days / borrowing
PD101265,2024-07-28,Healthcare,Regulatory investigation opened into billing practices. Legal reserves increased by $40M this quarter; reputational impact on new bookings possible.,7,8,1,Downgrade,legal_regulatory,10,auditor / inventory / period / counsel
PD101266,2025-05-04,Business Services,Significant cash burn observed. Unrestricted cash fell 45% quarter over quarter and the company is deferring capex to preserve liquidity. Monitoring weekly 13-week cash flow forecasts.,10,10,0,No Change,liquidity_stress,12,cash / significant / capex / monitoring
PD101267,2024-08-02,Business Services,Ownership dispute among family shareholders is distracting management. Succession plan remains undocumented despite repeated requests at annual review.,7,8,1,Downgrade,management_turnover,6,annual / raised / repeated / concerns
PD101268,2025-03-09,Oil & Gas,Operating cash flow turned negative in Q3 2025. Working capital squeeze evident; payables stretched beyond 117 days and the borrower requested a temporary overadvance.,5,9,4,Downgrade,liquidity_stress,3,capital / operating / days / borrowing
PD101269,2025-05-28,Hospitality,Borrower has fully drawn the revolver with utilization at 87%. Cash position declined to $7M and liquidity runway is under 5 months without additional support.,10,11,1,Downgrade,liquidity_stress,16,position / revolver utilization / revolver / additional
PD101270,2024-10-26,Construction,Sector outlook deteriorating; industry volumes down 15% and two regional competitors filed for Chapter 11 this year. Borrower exposed to the same demand drivers.,3,3,0,No Change,industry_headwinds,0,sector / margin / outlook / operating
PD101271,2025-04-13,Retail,Material weakness in internal controls disclosed. Segregation of duties issues in the treasury function; remediation plan requested by Q3 2024.,4,6,2,Downgrade,reporting_delinquency,2,headroom / concerns / missed / revolver
PD101272,2024-10-22,Retail,Sector outlook deteriorating; industry volumes down 14% and two regional competitors filed for Chapter 11 this year. Borrower exposed to the same demand drivers.,12,14,2,Downgrade,industry_headwinds,0,sector / margin / outlook / operating
PD101273,2024-07-28,Hospitality,Borrower breached the maximum leverage covenant in Q2 2025; reported 4.8x against a 3.6x threshold. Waiver request under negotiation with the bank group.,10,11,1,Downgrade,covenant_breach,19,covenants / covenant / test / additional
PD101274,2024-05-15,Construction,Audited financial statements are 97 days past due. Auditor cited unresolved revenue recognition matters; a going concern qualification has not been ruled out.,9,9,0,No Change,reporting_delinquency,9,ebitda / qualified / compliance / missed
PD101275,2024-01-22,Oil & Gas,"Auditor issued a qualified opinion related to inventory valuation. Management restated prior period results, reducing retained earnings by $16M.",8,10,2,Downgrade,reporting_delinquency,10,auditor / inventory / period / counsel
PD101276,2024-08-25,Hospitality,Borrower delinquent on quarterly reporting for the second time this year. Field exam identified borrowing base discrepancies of approximately $3M.,5,5,0,No Change,reporting_delinquency,3,capital / operating / days / borrowing
PD101277,2024-11-30,Construction,Financial covenants tripped at the Q4 2025 test date. The borrower requested a covenant holiday through year end. Pricing step-up and additional reporting agreed as conditions.,11,12,1,Downgrade,covenant_breach,19,covenants / covenant / test / additional
PD101278,2024-05-15,Oil & Gas,Prolonged softness in the freight market; spot rates below breakeven for 6 consecutive quarters. Fleet utilization at 74%.,3,4,1,Downgrade,industry_headwinds,13,hedges / rates / market / quarters
PD101279,2025-01-15,Oil & Gas,Debt maturity wall approaching; 56% of funded debt comes due within 18 months. Sponsor exploring amend-and-extend but lender appetite is uncertain.,7,8,1,Downgrade,refinancing_risk,20,debt / sponsor / months / 
PD101280,2024-06-19,Agriculture,Turnaround gaining traction: EBITDA up 24% year over year and margins recovered to 14%. Cost actions delivered ahead of plan.,7,4,-3,Upgrade,performance_improvement,9,ebitda / qualified / compliance / missed
PD101281,2024-06-06,Healthcare,Operating cash flow turned negative in Q3 2024. Working capital squeeze evident; payables stretched beyond 71 days and the borrower requested a temporary overadvance.,9,13,4,Downgrade,liquidity_stress,3,capital / operating / days / borrowing
PD101282,2024-11-20,Agriculture,CEO transition announced amid board disagreement over strategy. Key-person risk elevated given founder's central role in top customer relationships.,9,9,0,No Change,management_turnover,6,annual / raised / repeated / concerns
PD101283,2024-07-29,Hospitality,Fixed charge coverage covenant violation reported. FCCR of 0.9x versus required 1.10x. This is the second consecutive quarterly breach; amendment discussions ongoing.,9,11,2,Downgrade,covenant_breach,17,fccr / equity / breach / sponsor
PD101284,2024-12-18,Healthcare,Audited financial statements are 145 days past due. Auditor cited unresolved revenue recognition matters; a going concern qualification has not been ruled out.,6,9,3,Downgrade,reporting_delinquency,9,ebitda / qualified / compliance / missed
PD101285,2024-06-15,Hospitality,Key customer initiated in-sourcing of the borrower's product line. Customer concentration remains high with top three accounts at 64% of sales.,7,9,2,Downgrade,customer_concentration,11,customer / concentration / product / order
PD101286,2025-05-26,Healthcare,Financial covenants tripped at the Q1 2024 test date. The borrower requested a covenant holiday through year end. Pricing step-up and additional reporting agreed as conditions.,5,6,1,Downgrade,covenant_breach,19,covenants / covenant / test / additional
PD101287,2025-06-03,Technology,Minimum EBITDA covenant missed by 18%. Compliance certificate delivered late with a qualified calculation. Documentation team reviewing reservation of rights letter.,8,8,0,No Change,covenant_breach,9,ebitda / qualified / compliance / missed
PD101288,2024-05-30,Agriculture,"Auditor issued a qualified opinion related to inventory valuation. Management restated prior period results, reducing retained earnings by $18M.",11,11,0,No Change,reporting_delinquency,10,auditor / inventory / period / counsel
PD101289,2025-05-05,Manufacturing,Liquidity concerns escalating. The borrower missed a scheduled sweep and drew the remaining $13M of revolver availability to fund payroll. Treasury reports minimal headroom.,4,6,2,Downgrade,liquidity_stress,2,headroom / concerns / missed / revolver
PD101290,2024-01-26,Transportation,Topline deterioration continues for a third consecutive quarter. Sales down 25% and order backlog thinning. Management lowered full-year guidance materially.,10,10,0,No Change,revenue_decline,13,hedges / rates / market / quarters
PD101291,2024-04-04,Technology,Cash flow from operations insufficient to cover fixed charges this cycle. FCCR dropped to 0.9x. Sponsor has been approached for an equity injection to shore up liquidity.,10,13,3,Downgrade,liquidity_stress,17,fccr / equity / breach / sponsor
PD101292,2025-06-23,Commercial Real Estate,Top customer representing 44% of revenue did not renew its contract at term. Replacement pipeline covers less than half of the lost volume.,12,12,0,No Change,customer_concentration,1,sales / lowered fullyear / fullyear / continues
PD101293,2025-04-01,Wholesale Trade,"Refinancing risk elevated. The borrower's bonds trade at 61 cents on the dollar, signaling constrained capital markets access.",8,8,0,No Change,refinancing_risk,7,refinancing risk / risk elevated / trade / capital
PD101294,2025-05-17,Technology,Successful refinancing completed; maturities extended to 2031 at improved pricing. Near-term refinancing risk eliminated.,5,4,-1,Upgrade,deleveraging,15,refinancing / committed / market / term
PD101295,2024-02-27,Wholesale Trade,OFAC compliance review identified potential sanctions exposure in an overseas subsidiary. Enhanced monitoring in place pending outside counsel findings.,6,8,2,Downgrade,legal_regulatory,4,exposure / filed / new / approximately
PD101296,2025-03-13,Technology,Financial covenants tripped at the Q4 2024 test date. The borrower requested a covenant holiday through year end. Pricing step-up and additional reporting agreed as conditions.,12,14,2,Downgrade,covenant_breach,19,covenants / covenant / test / additional
PD101297,2024-12-19,Technology,Minimum EBITDA covenant missed by 19%. Compliance certificate delivered late with a qualified calculation. Documentation team reviewing reservation of rights letter.,9,9,0,No Change,covenant_breach,9,ebitda / qualified / compliance / missed
PD101298,2024-03-30,Commercial Real Estate,EBITDA declined 29% versus plan on volume weakness and pricing pressure. Cost reduction program announced but savings not yet visible in results.,4,5,1,Downgrade,revenue_decline,1,sales / lowered fullyear / fullyear / continues
PD101299,2025-03-10,Business Services,Voluntary prepayment of $63M made this quarter. FCCR improved to 2.3x and all covenants passed with comfortable headroom.,8,6,-2,Upgrade,deleveraging,10,auditor / inventory / period / counsel
PD101300,2024-11-06,Construction,Same-store sales fell 9% and foot traffic remains weak. Inventory build of $10M raises markdown risk into next season.,9,11,2,Downgrade,revenue_decline,1,sales / lowered fullyear / fullyear / continues
PD101301,2025-01-19,Retail,"Leverage remains elevated at 8.0x with no clear deleveraging path. PIK toggle exercised on the mezzanine tranche this period, growing the debt stack.",7,7,0,No Change,refinancing_risk,8,period / debt / elevated / leverage
PD101302,2025-04-18,Business Services,Borrower has fully drawn the revolver with utilization at 98%. Cash position declined to $12M and liquidity runway is under 5 months without additional support.,10,13,3,Downgrade,liquidity_stress,16,position / revolver utilization / revolver / additional
PD101303,2025-01-25,Oil & Gas,Material weakness in internal controls disclosed. Segregation of duties issues in the treasury function; remediation plan requested by Q2 2024.,7,7,0,No Change,reporting_delinquency,2,headroom / concerns / missed / revolver
PD101304,2024-11-05,Agriculture,Margin erosion accelerating; operating margin at 4% versus 8% prior year. Competitive discounting in the sector shows no sign of abating.,11,12,1,Downgrade,revenue_decline,0,sector / margin / outlook / operating
PD101305,2025-04-19,Commercial Real Estate,Key customer initiated in-sourcing of the borrower's product line. Customer concentration remains high with top three accounts at 65% of sales.,6,6,0,No Change,customer_concentration,11,customer / concentration / product / order
PD101306,2025-04-28,Retail,Borrower breached the maximum leverage covenant in Q1 2024; reported 5.3x against a 4.5x threshold. Waiver request under negotiation with the bank group.,8,9,1,Downgrade,covenant_breach,19,covenants / covenant / test / additional
PD101307,2025-05-18,Business Services,Borrower returned to profitability after two loss-making years. Cash conversion improved and the revolver is now undrawn.,10,8,-2,Upgrade,performance_improvement,16,position / revolver utilization / revolver / additional
PD101308,2024-03-09,Agriculture,Strong Q1 2024 results with revenue growth of 16% and record backlog of $292M. Guidance raised for the full year.,6,5,-1,Upgrade,performance_improvement,0,sector / margin / outlook / operating
PD101309,2024-09-21,Wholesale Trade,"Sponsor injected $89M of fresh equity, curing the covenant breach and funding the growth capex program. Liquidity restored to $91M.",4,1,-3,Upgrade,deleveraging,14,regulatory / rates / revenue / multiyear
PD101310,2024-01-18,Oil & Gas,Liquidity concerns escalating. The borrower missed a scheduled sweep and drew the remaining $6M of revolver availability to fund payroll. Treasury reports minimal headroom.,5,7,2,Downgrade,liquidity_stress,2,headroom / concerns / missed / revolver
PD101311,2025-04-17,Business Services,Fixed charge coverage covenant violation reported. FCCR of 0.9x versus required 1.10x. This is the second consecutive quarterly breach; amendment discussions ongoing.,9,10,1,Downgrade,covenant_breach,17,fccr / equity / breach / sponsor
PD101312,2024-10-06,Technology,Regulatory investigation opened into billing practices. Legal reserves increased by $27M this quarter; reputational impact on new bookings possible.,9,10,1,Downgrade,legal_regulatory,10,auditor / inventory / period / counsel
PD101313,2024-12-30,Manufacturing,"Adverse arbitration ruling requires payment of $45M within 90 days, straining liquidity. Appeal under consideration but counsel views prospects as limited.",6,8,2,Downgrade,legal_regulatory,10,auditor / inventory / period / counsel
PD101314,2024-03-19,Hospitality,"Refinancing risk elevated. The borrower's bonds trade at 64 cents on the dollar, signaling constrained capital markets access.",7,9,2,Downgrade,refinancing_risk,7,refinancing risk / risk elevated / trade / capital
PD101315,2024-06-20,Hospitality,Topline deterioration continues for a third consecutive quarter. Sales down 13% and order backlog thinning. Management lowered full-year guidance materially.,12,14,2,Downgrade,revenue_decline,1,sales / lowered fullyear / fullyear / continues
PD101316,2024-11-04,Oil & Gas,Commodity price downturn pressuring the entire sub-sector. Rig counts and shipment volumes at multi-year lows; borrower hedges roll off in 3 quarters.,6,7,1,Downgrade,industry_headwinds,0,sector / margin / outlook / operating
PD101317,2024-12-26,Healthcare,Key customer initiated in-sourcing of the borrower's product line. Customer concentration remains high with top three accounts at 53% of sales.,7,9,2,Downgrade,customer_concentration,11,customer / concentration / product / order
PD101318,2025-02-25,Technology,Term loan of $120M matures in 14 months with no committed refinancing. Current leverage of 5.7x makes a market refinance challenging.,9,11,2,Downgrade,refinancing_risk,15,refinancing / committed / market / term
PD101319,2024-07-11,Hospitality,Strong Q1 2024 results with revenue growth of 12% and record backlog of $297M. Guidance raised for the full year.,9,7,-2,Upgrade,performance_improvement,0,sector / margin / outlook / operating
PD101320,2024-04-26,Transportation,Cash flow from operations insufficient to cover fixed charges this cycle. FCCR dropped to 0.8x. Sponsor has been approached for an equity injection to shore up liquidity.,9,12,3,Downgrade,liquidity_stress,17,fccr / equity / breach / sponsor
PD101321,2024-05-14,Manufacturing,"Interest burden up sharply post rate resets; cash interest coverage at 1.5x. Hedges expired and were not replaced, leaving full floating-rate exposure.",8,8,0,No Change,refinancing_risk,13,hedges / rates / market / quarters
PD101322,2025-01-06,Healthcare,Minimum EBITDA covenant missed by 19%. Compliance certificate delivered late with a qualified calculation. Documentation team reviewing reservation of rights letter.,7,9,2,Downgrade,covenant_breach,9,ebitda / qualified / compliance / missed
PD101323,2024-12-16,Healthcare,"Regulatory change effective next year is expected to reduce reimbursement rates by 14%, directly compressing borrower revenue in its core segment.",6,8,2,Downgrade,industry_headwinds,14,regulatory / rates / revenue / multiyear
PD101324,2024-05-25,Business Services,Financial covenants tripped at the Q1 2024 test date. The borrower requested a covenant holiday through year end. Pricing step-up and additional reporting agreed as conditions.,7,10,3,Downgrade,covenant_breach,19,covenants / covenant / test / additional
PD101325,2024-03-21,Transportation,Fixed charge coverage covenant violation reported. FCCR of 0.8x versus required 1.10x. This is the second consecutive quarterly breach; amendment discussions ongoing.,7,11,4,Downgrade,covenant_breach,17,fccr / equity / breach / sponsor
PD101326,2025-05-10,Transportation,Audited financial statements are 69 days past due. Auditor cited unresolved revenue recognition matters; a going concern qualification has not been ruled out.,10,10,0,No Change,reporting_delinquency,9,ebitda / qualified / compliance / missed
PD101327,2025-06-09,Agriculture,Class action lawsuit filed alleging product defects; potential exposure estimated at $60M. Insurance coverage position remains unclear.,6,6,0,No Change,legal_regulatory,4,exposure / filed / new / approximately
PD101328,2024-09-16,Manufacturing,Class action lawsuit filed alleging product defects; potential exposure estimated at $130M. Insurance coverage position remains unclear.,10,10,0,No Change,legal_regulatory,4,exposure / filed / new / approximately
PD101329,2024-04-08,Retail,Revenue contracted 19% year over year driven by softening demand. Gross margin compressed 491 bps on input cost inflation the borrower could not pass through.,8,8,0,No Change,revenue_decline,18,pass / demand / margin / cost
PD101330,2024-07-08,Wholesale Trade,Cash flow from operations insufficient to cover fixed charges this cycle. FCCR dropped to 0.7x. Sponsor has been approached for an equity injection to shore up liquidity.,9,11,2,Downgrade,liquidity_stress,17,fccr / equity / breach / sponsor
PD101331,2024-10-11,Agriculture,Significant cash burn observed. Unrestricted cash fell 31% quarter over quarter and the company is deferring capex to preserve liquidity. Monitoring weekly 13-week cash flow forecasts.,7,7,0,No Change,liquidity_stress,12,cash / significant / capex / monitoring
PD101332,2025-05-27,Business Services,"Refinancing risk elevated. The borrower's bonds trade at 66 cents on the dollar, signaling constrained capital markets access.",5,6,1,Downgrade,refinancing_risk,7,refinancing risk / risk elevated / trade / capital
PD101333,2024-04-11,Agriculture,Operational restructuring complete; plant consolidation yields $12M of annualized savings. Order intake trending 26% above prior year.,9,7,-2,Upgrade,performance_improvement,11,customer / concentration / product / order
PD101334,2024-06-24,Hospitality,CFO resigned abruptly in Q2 2024 with no permanent successor named; interim finance lead has limited sector experience. Second C-suite departure in twelve months.,8,9,1,Downgrade,management_turnover,3,capital / operating / days / borrowing
PD101335,2025-05-31,Business Services,Revenue contracted 33% year over year driven by softening demand. Gross margin compressed 200 bps on input cost inflation the borrower could not pass through.,4,4,0,No Change,revenue_decline,18,pass / demand / margin / cost
PD101336,2024-07-08,Construction,"Regulatory change effective next year is expected to reduce reimbursement rates by 10%, directly compressing borrower revenue in its core segment.",9,10,1,Downgrade,industry_headwinds,14,regulatory / rates / revenue / multiyear
PD101337,2025-01-23,Transportation,Sector outlook deteriorating; industry volumes down 10% and two regional competitors filed for Chapter 11 this year. Borrower exposed to the same demand drivers.,4,5,1,Downgrade,industry_headwinds,0,sector / margin / outlook / operating
PD101338,2024-05-06,Construction,Asset sale proceeds of $156M applied to term debt. Leverage reduced to 2.3x from 4.2x at last review.,7,5,-2,Upgrade,deleveraging,7,refinancing risk / risk elevated / trade / capital
PD101339,2024-10-22,Hospitality,Term loan of $316M matures in 8 months with no committed refinancing. Current leverage of 6.2x makes a market refinance challenging.,4,7,3,Downgrade,refinancing_risk,15,refinancing / committed / market / term
PD101340,2025-01-29,Oil & Gas,CFO resigned abruptly in Q1 2025 with no permanent successor named; interim finance lead has limited sector experience. Second C-suite departure in twelve months.,6,8,2,Downgrade,management_turnover,3,capital / operating / days / borrowing
PD101341,2025-03-30,Commercial Real Estate,"Adverse arbitration ruling requires payment of $43M within 90 days, straining liquidity. Appeal under consideration but counsel views prospects as limited.",5,8,3,Downgrade,legal_regulatory,10,auditor / inventory / period / counsel
PD101342,2025-03-14,Commercial Real Estate,Ownership dispute among family shareholders is distracting management. Succession plan remains undocumented despite repeated requests at annual review.,9,9,0,No Change,management_turnover,6,annual / raised / repeated / concerns
PD101343,2025-01-11,Healthcare,Sector outlook deteriorating; industry volumes down 20% and two regional competitors filed for Chapter 11 this year. Borrower exposed to the same demand drivers.,9,9,0,No Change,industry_headwinds,0,sector / margin / outlook / operating
PD101344,2024-04-17,Transportation,Successful refinancing completed; maturities extended to 2031 at improved pricing. Near-term refinancing risk eliminated.,9,7,-2,Upgrade,deleveraging,15,refinancing / committed / market / term
PD101345,2025-02-14,Business Services,Same-store sales fell 7% and foot traffic remains weak. Inventory build of $12M raises markdown risk into next season.,4,5,1,Downgrade,revenue_decline,1,sales / lowered fullyear / fullyear / continues
PD101346,2024-06-21,Retail,Cash flow from operations insufficient to cover fixed charges this cycle. FCCR dropped to 0.9x. Sponsor has been approached for an equity injection to shore up liquidity.,5,8,3,Downgrade,liquidity_stress,17,fccr / equity / breach / sponsor
PD101347,2025-02-17,Retail,Significant cash burn observed. Unrestricted cash fell 42% quarter over quarter and the company is deferring capex to preserve liquidity. Monitoring weekly 13-week cash flow forecasts.,7,9,2,Downgrade,liquidity_stress,12,cash / significant / capex / monitoring
PD101348,2025-02-13,Technology,Strong Q4 2025 results with revenue growth of 16% and record backlog of $179M. Guidance raised for the full year.,5,3,-2,Upgrade,performance_improvement,0,sector / margin / outlook / operating
PD101349,2025-02-18,Construction,"Regulatory change effective next year is expected to reduce reimbursement rates by 15%, directly compressing borrower revenue in its core segment.",4,4,0,No Change,industry_headwinds,14,regulatory / rates / revenue / multiyear
PD101350,2024-04-20,Retail,Material weakness in internal controls disclosed. Segregation of duties issues in the treasury function; remediation plan requested by Q3 2024.,6,8,2,Downgrade,reporting_delinquency,2,headroom / concerns / missed / revolver
PD101351,2024-05-17,Manufacturing,Significant cash burn observed. Unrestricted cash fell 61% quarter over quarter and the company is deferring capex to preserve liquidity. Monitoring weekly 13-week cash flow forecasts.,7,9,2,Downgrade,liquidity_stress,12,cash / significant / capex / monitoring
PD101352,2024-03-10,Construction,Top customer representing 48% of revenue did not renew its contract at term. Replacement pipeline covers less than half of the lost volume.,5,5,0,No Change,customer_concentration,1,sales / lowered fullyear / fullyear / continues
PD101353,2024-11-06,Agriculture,Term loan of $141M matures in 12 months with no committed refinancing. Current leverage of 6.5x makes a market refinance challenging.,10,12,2,Downgrade,refinancing_risk,15,refinancing / committed / market / term
PD101354,2024-03-19,Wholesale Trade,OFAC compliance review identified potential sanctions exposure in an overseas subsidiary. Enhanced monitoring in place pending outside counsel findings.,8,8,0,No Change,legal_regulatory,4,exposure / filed / new / approximately
PD101355,2025-05-24,Construction,Prolonged softness in the freight market; spot rates below breakeven for 6 consecutive quarters. Fleet utilization at 74%.,8,8,0,No Change,industry_headwinds,13,hedges / rates / market / quarters
PD101356,2024-01-19,Manufacturing,Debt paydown ahead of schedule; net leverage now 2.1x. Rating outlook revised to stable given strengthened balance sheet.,5,4,-1,Upgrade,deleveraging,8,period / debt / elevated / leverage
PD101357,2024-11-18,Transportation,Liquidity concerns escalating. The borrower missed a scheduled sweep and drew the remaining $6M of revolver availability to fund payroll. Treasury reports minimal headroom.,4,6,2,Downgrade,liquidity_stress,2,headroom / concerns / missed / revolver
PD101358,2024-06-30,Hospitality,Largest customer filed for bankruptcy protection; receivable exposure of $17M likely impaired. Trade credit insurance covers only a portion.,9,9,0,No Change,customer_concentration,4,exposure / filed / new / approximately
PD101359,2024-05-17,Oil & Gas,Significant cash burn observed. Unrestricted cash fell 40% quarter over quarter and the company is deferring capex to preserve liquidity. Monitoring weekly 13-week cash flow forecasts.,5,6,1,Downgrade,liquidity_stress,12,cash / significant / capex / monitoring
PD101360,2025-05-17,Wholesale Trade,Minimum EBITDA covenant missed by 23%. Compliance certificate delivered late with a qualified calculation. Documentation team reviewing reservation of rights letter.,3,5,2,Downgrade,covenant_breach,9,ebitda / qualified / compliance / missed
PD101361,2025-04-26,Construction,Ownership dispute among family shareholders is distracting management. Succession plan remains undocumented despite repeated requests at annual review.,9,10,1,Downgrade,management_turnover,6,annual / raised / repeated / concerns
PD101362,2024-09-26,Construction,Operational restructuring complete; plant consolidation yields $10M of annualized savings. Order intake trending 26% above prior year.,2,2,0,No Change,performance_improvement,11,customer / concentration / product / order
PD101363,2024-12-27,Oil & Gas,Cash flow from operations insufficient to cover fixed charges this cycle. FCCR dropped to 0.9x. Sponsor has been approached for an equity injection to shore up liquidity.,5,6,1,Downgrade,liquidity_stress,17,fccr / equity / breach / sponsor
PD101364,2024-02-16,Healthcare,EBITDA declined 16% versus plan on volume weakness and pricing pressure. Cost reduction program announced but savings not yet visible in results.,8,8,0,No Change,revenue_decline,21,pricing pressure / pressure / visible results / visible
PD101365,2024-01-28,Wholesale Trade,Significant cash burn observed. Unrestricted cash fell 52% quarter over quarter and the company is deferring capex to preserve liquidity. Monitoring weekly 13-week cash flow forecasts.,5,7,2,Downgrade,liquidity_stress,12,cash / significant / capex / monitoring
PD101366,2024-12-19,Technology,Significant cash burn observed. Unrestricted cash fell 54% quarter over quarter and the company is deferring capex to preserve liquidity. Monitoring weekly 13-week cash flow forecasts.,7,7,0,No Change,liquidity_stress,12,cash / significant / capex / monitoring
PD101367,2024-09-07,Commercial Real Estate,Liquidity concerns escalating. The borrower missed a scheduled sweep and drew the remaining $14M of revolver availability to fund payroll. Treasury reports minimal headroom.,7,7,0,No Change,liquidity_stress,2,headroom / concerns / missed / revolver
PD101368,2024-03-08,Oil & Gas,Regulatory investigation opened into billing practices. Legal reserves increased by $24M this quarter; reputational impact on new bookings possible.,7,8,1,Downgrade,legal_regulatory,10,auditor / inventory / period / counsel
PD101369,2024-11-29,Manufacturing,Top customer representing 35% of revenue did not renew its contract at term. Replacement pipeline covers less than half of the lost volume.,6,7,1,Downgrade,customer_concentration,1,sales / lowered fullyear / fullyear / continues
PD101370,2024-09-30,Manufacturing,Same-store sales fell 18% and foot traffic remains weak. Inventory build of $37M raises markdown risk into next season.,4,4,0,No Change,revenue_decline,1,sales / lowered fullyear / fullyear / continues
PD101371,2024-11-20,Transportation,"Regulatory change effective next year is expected to reduce reimbursement rates by 14%, directly compressing borrower revenue in its core segment.",8,8,0,No Change,industry_headwinds,14,regulatory / rates / revenue / multiyear
PD101372,2024-04-10,Construction,Springing covenant triggered as revolver utilization exceeded 36%. Borrower is now subject to full quarterly covenant testing and failed the first leverage test.,7,7,0,No Change,covenant_breach,5,covenant / test / revolver utilization / discrepancies approximately
PD101373,2024-12-10,Construction,Top customer representing 47% of revenue did not renew its contract at term. Replacement pipeline covers less than half of the lost volume.,9,12,3,Downgrade,customer_concentration,1,sales / lowered fullyear / fullyear / continues
PD101374,2024-11-02,Technology,Springing covenant triggered as revolver utilization exceeded 40%. Borrower is now subject to full quarterly covenant testing and failed the first leverage test.,5,7,2,Downgrade,covenant_breach,5,covenant / test / revolver utilization / discrepancies approximately
PD101375,2024-03-18,Hospitality,Same-store sales fell 11% and foot traffic remains weak. Inventory build of $36M raises markdown risk into next season.,6,8,2,Downgrade,revenue_decline,1,sales / lowered fullyear / fullyear / continues
PD101376,2024-10-31,Agriculture,Topline deterioration continues for a third consecutive quarter. Sales down 17% and order backlog thinning. Management lowered full-year guidance materially.,6,7,1,Downgrade,revenue_decline,1,sales / lowered fullyear / fullyear / continues
PD101377,2024-04-04,Business Services,Minimum EBITDA covenant missed by 15%. Compliance certificate delivered late with a qualified calculation. Documentation team reviewing reservation of rights letter.,8,10,2,Downgrade,covenant_breach,9,ebitda / qualified / compliance / missed
PD101378,2024-10-06,Retail,Springing covenant triggered as revolver utilization exceeded 31%. Borrower is now subject to full quarterly covenant testing and failed the first leverage test.,6,8,2,Downgrade,covenant_breach,5,covenant / test / revolver utilization / discrepancies approximately
PD101379,2024-08-02,Technology,Debt paydown ahead of schedule; net leverage now 2.8x. Rating outlook revised to stable given strengthened balance sheet.,10,8,-2,Upgrade,deleveraging,8,period / debt / elevated / leverage
PD101380,2024-11-03,Transportation,Revenue contracted 30% year over year driven by softening demand. Gross margin compressed 571 bps on input cost inflation the borrower could not pass through.,4,6,2,Downgrade,revenue_decline,18,pass / demand / margin / cost
PD101381,2025-02-15,Oil & Gas,Springing covenant triggered as revolver utilization exceeded 35%. Borrower is now subject to full quarterly covenant testing and failed the first leverage test.,8,11,3,Downgrade,covenant_breach,5,covenant / test / revolver utilization / discrepancies approximately
PD101382,2024-07-03,Manufacturing,Contract repricing with the anchor customer cut unit margins 26%. Borrower has limited negotiating leverage given dependence on this relationship.,7,8,1,Downgrade,customer_concentration,19,covenants / covenant / test / additional
PD101383,2025-04-23,Oil & Gas,Margin erosion accelerating; operating margin at 2% versus 12% prior year. Competitive discounting in the sector shows no sign of abating.,4,7,3,Downgrade,revenue_decline,0,sector / margin / outlook / operating
PD101384,2025-03-20,Agriculture,Springing covenant triggered as revolver utilization exceeded 39%. Borrower is now subject to full quarterly covenant testing and failed the first leverage test.,10,12,2,Downgrade,covenant_breach,5,covenant / test / revolver utilization / discrepancies approximately
PD101385,2024-05-31,Commercial Real Estate,Revenue contracted 26% year over year driven by softening demand. Gross margin compressed 252 bps on input cost inflation the borrower could not pass through.,6,7,1,Downgrade,revenue_decline,18,pass / demand / margin / cost
PD101386,2025-03-21,Transportation,Fixed charge coverage covenant violation reported. FCCR of 1.0x versus required 1.10x. This is the second consecutive quarterly breach; amendment discussions ongoing.,9,10,1,Downgrade,covenant_breach,17,fccr / equity / breach / sponsor
PD101387,2025-02-26,Oil & Gas,"Auditor issued a qualified opinion related to inventory valuation. Management restated prior period results, reducing retained earnings by $5M.",5,8,3,Downgrade,reporting_delinquency,10,auditor / inventory / period / counsel
PD101388,2024-08-29,Transportation,EPA notice of violation received relating to the primary facility. Remediation cost estimates range up to $49M; operations could face interruption.,7,7,0,No Change,legal_regulatory,4,exposure / filed / new / approximately
PD101389,2024-01-29,Commercial Real Estate,Loss of a major account announced; $24M of annual revenue affected beginning next quarter. Concentration risk previously flagged at underwriting.,6,8,2,Downgrade,customer_concentration,13,hedges / rates / market / quarters
PD101390,2025-03-22,Transportation,"Refinancing risk elevated. The borrower's bonds trade at 69 cents on the dollar, signaling constrained capital markets access.",6,8,2,Downgrade,refinancing_risk,7,refinancing risk / risk elevated / trade / capital
PD101391,2024-05-19,Manufacturing,Audited financial statements are 85 days past due. Auditor cited unresolved revenue recognition matters; a going concern qualification has not been ruled out.,6,6,0,No Change,reporting_delinquency,9,ebitda / qualified / compliance / missed
PD101392,2024-06-29,Wholesale Trade,Significant cash burn observed. Unrestricted cash fell 47% quarter over quarter and the company is deferring capex to preserve liquidity. Monitoring weekly 13-week cash flow forecasts.,6,7,1,Downgrade,liquidity_stress,12,cash / significant / capex / monitoring
PD101393,2024-03-26,Technology,Borrower has fully drawn the revolver with utilization at 100%. Cash position declined to $14M and liquidity runway is under 3 months without additional support.,5,5,0,No Change,liquidity_stress,16,position / revolver utilization / revolver / additional
PD101394,2025-02-20,Technology,Margin erosion accelerating; operating margin at 3% versus 14% prior year. Competitive discounting in the sector shows no sign of abating.,8,8,0,No Change,revenue_decline,0,sector / margin / outlook / operating
PD101395,2025-05-27,Retail,Turnaround gaining traction: EBITDA up 40% year over year and margins recovered to 11%. Cost actions delivered ahead of plan.,10,11,1,Downgrade,performance_improvement,9,ebitda / qualified / compliance / missed
PD101396,2025-06-21,Oil & Gas,Springing covenant triggered as revolver utilization exceeded 40%. Borrower is now subject to full quarterly covenant testing and failed the first leverage test.,5,6,1,Downgrade,covenant_breach,5,covenant / test / revolver utilization / discrepancies approximately
PD101397,2024-05-05,Technology,Largest customer filed for bankruptcy protection; receivable exposure of $5M likely impaired. Trade credit insurance covers only a portion.,8,9,1,Downgrade,customer_concentration,4,exposure / filed / new / approximately
PD101398,2024-08-29,Transportation,"Refinancing risk elevated. The borrower's bonds trade at 73 cents on the dollar, signaling constrained capital markets access.",9,11,2,Downgrade,refinancing_risk,7,refinancing risk / risk elevated / trade / capital
PD101399,2024-10-08,Construction,Operating cash flow turned negative in Q2 2024. Working capital squeeze evident; payables stretched beyond 71 days and the borrower requested a temporary overadvance.,6,7,1,Downgrade,liquidity_stress,3,capital / operating / days / borrowing
PD101400,2024-02-27,Construction,Minimum EBITDA covenant missed by 16%. Compliance certificate delivered late with a qualified calculation. Documentation team reviewing reservation of rights letter.,8,10,2,Downgrade,covenant_breach,9,ebitda / qualified / compliance / missed
PD101401,2024-04-25,Technology,Ownership dispute among family shareholders is distracting management. Succession plan remains undocumented despite repeated requests at annual review.,8,9,1,Downgrade,management_turnover,6,annual / raised / repeated / concerns
PD101402,2024-09-09,Oil & Gas,Ownership dispute among family shareholders is distracting management. Succession plan remains undocumented despite repeated requests at annual review.,2,3,1,Downgrade,management_turnover,6,annual / raised / repeated / concerns
PD101403,2024-02-05,Business Services,Strong Q3 2025 results with revenue growth of 19% and record backlog of $197M. Guidance raised for the full year.,10,10,0,No Change,performance_improvement,0,sector / margin / outlook / operating
PD101404,2024-09-02,Oil & Gas,Top customer representing 47% of revenue did not renew its contract at term. Replacement pipeline covers less than half of the lost volume.,5,5,0,No Change,customer_concentration,1,sales / lowered fullyear / fullyear / continues
PD101405,2025-01-06,Wholesale Trade,OFAC compliance review identified potential sanctions exposure in an overseas subsidiary. Enhanced monitoring in place pending outside counsel findings.,10,11,1,Downgrade,legal_regulatory,4,exposure / filed / new / approximately
PD101406,2025-02-01,Manufacturing,Turnaround gaining traction: EBITDA up 49% year over year and margins recovered to 12%. Cost actions delivered ahead of plan.,10,9,-1,Upgrade,performance_improvement,9,ebitda / qualified / compliance / missed
PD101407,2024-08-29,Oil & Gas,Largest customer filed for bankruptcy protection; receivable exposure of $11M likely impaired. Trade credit insurance covers only a portion.,6,8,2,Downgrade,customer_concentration,4,exposure / filed / new / approximately
PD101408,2025-02-20,Manufacturing,Operating cash flow turned negative in Q2 2025. Working capital squeeze evident; payables stretched beyond 100 days and the borrower requested a temporary overadvance.,11,12,1,Downgrade,liquidity_stress,3,capital / operating / days / borrowing
PD101409,2025-05-18,Construction,"Significant management turnover noted: controller, treasurer, and head of operations all departed within two quarters. Institutional knowledge loss is a concern for reporting quality.",5,7,2,Downgrade,management_turnover,6,annual / raised / repeated / concerns
PD101410,2025-03-08,Retail,"Interest burden up sharply post rate resets; cash interest coverage at 1.6x. Hedges expired and were not replaced, leaving full floating-rate exposure.",8,9,1,Downgrade,refinancing_risk,13,hedges / rates / market / quarters
PD101411,2024-12-26,Transportation,New tariffs raise landed costs approximately 18% on the borrower's primary import lines. Ability to pass through to customers is unproven.,6,6,0,No Change,industry_headwinds,4,exposure / filed / new / approximately
PD101412,2025-04-09,Business Services,Contract repricing with the anchor customer cut unit margins 27%. Borrower has limited negotiating leverage given dependence on this relationship.,4,5,1,Downgrade,customer_concentration,18,pass / demand / margin / cost
PD101413,2024-07-07,Wholesale Trade,Successful refinancing completed; maturities extended to 2029 at improved pricing. Near-term refinancing risk eliminated.,5,1,-4,Upgrade,deleveraging,15,refinancing / committed / market / term
PD101414,2024-01-04,Transportation,"New contract wins add $116M of committed multi-year revenue, diversifying the customer base and improving visibility.",11,10,-1,Upgrade,performance_improvement,14,regulatory / rates / revenue / multiyear
PD101415,2024-03-25,Retail,Fixed charge coverage covenant violation reported. FCCR of 0.9x versus required 1.10x. This is the second consecutive quarterly breach; amendment discussions ongoing.,5,7,2,Downgrade,covenant_breach,17,fccr / equity / breach / sponsor
PD101416,2024-05-13,Agriculture,Fixed charge coverage covenant violation reported. FCCR of 0.8x versus required 1.10x. This is the second consecutive quarterly breach; amendment discussions ongoing.,9,11,2,Downgrade,covenant_breach,17,fccr / equity / breach / sponsor
PD101417,2024-11-23,Construction,Repeated delays in delivering compliance certificates and monthly borrowing base certificates. Finance function appears under-resourced following staff departures.,8,9,1,Downgrade,reporting_delinquency,3,capital / operating / days / borrowing
PD101418,2024-05-16,Oil & Gas,Repeated delays in delivering compliance certificates and monthly borrowing base certificates. Finance function appears under-resourced following staff departures.,9,11,2,Downgrade,reporting_delinquency,3,capital / operating / days / borrowing
PD101419,2024-03-27,Transportation,Asset sale proceeds of $200M applied to term debt. Leverage reduced to 2.9x from 4.5x at last review.,3,2,-1,Upgrade,deleveraging,7,refinancing risk / risk elevated / trade / capital
PD101420,2025-01-21,Agriculture,"Refinancing risk elevated. The borrower's bonds trade at 60 cents on the dollar, signaling constrained capital markets access.",6,7,1,Downgrade,refinancing_risk,7,refinancing risk / risk elevated / trade / capital
PD101421,2024-08-22,Retail,Loss of a major account announced; $12M of annual revenue affected beginning next quarter. Concentration risk previously flagged at underwriting.,3,6,3,Downgrade,customer_concentration,13,hedges / rates / market / quarters
PD101422,2024-06-21,Manufacturing,"Regulatory change effective next year is expected to reduce reimbursement rates by 8%, directly compressing borrower revenue in its core segment.",6,8,2,Downgrade,industry_headwinds,14,regulatory / rates / revenue / multiyear
PD101423,2024-09-23,Healthcare,"Adverse arbitration ruling requires payment of $44M within 90 days, straining liquidity. Appeal under consideration but counsel views prospects as limited.",7,8,1,Downgrade,legal_regulatory,10,auditor / inventory / period / counsel
PD101424,2024-04-30,Manufacturing,Class action lawsuit filed alleging product defects; potential exposure estimated at $104M. Insurance coverage position remains unclear.,6,6,0,No Change,legal_regulatory,4,exposure / filed / new / approximately
PD101425,2025-04-09,Wholesale Trade,Springing covenant triggered as revolver utilization exceeded 36%. Borrower is now subject to full quarterly covenant testing and failed the first leverage test.,8,12,4,Downgrade,covenant_breach,5,covenant / test / revolver utilization / discrepancies approximately
PD101426,2024-07-14,Oil & Gas,"Interest burden up sharply post rate resets; cash interest coverage at 1.1x. Hedges expired and were not replaced, leaving full floating-rate exposure.",6,7,1,Downgrade,refinancing_risk,13,hedges / rates / market / quarters
PD101427,2025-03-17,Commercial Real Estate,Significant cash burn observed. Unrestricted cash fell 61% quarter over quarter and the company is deferring capex to preserve liquidity. Monitoring weekly 13-week cash flow forecasts.,8,9,1,Downgrade,liquidity_stress,12,cash / significant / capex / monitoring
PD101428,2024-10-16,Business Services,OFAC compliance review identified potential sanctions exposure in an overseas subsidiary. Enhanced monitoring in place pending outside counsel findings.,5,8,3,Downgrade,legal_regulatory,4,exposure / filed / new / approximately
PD101429,2024-09-25,Commercial Real Estate,Asset sale proceeds of $132M applied to term debt. Leverage reduced to 2.3x from 5.2x at last review.,8,8,0,No Change,deleveraging,7,refinancing risk / risk elevated / trade / capital
PD101430,2025-04-14,Retail,Prolonged softness in the freight market; spot rates below breakeven for 6 consecutive quarters. Fleet utilization at 67%.,6,8,2,Downgrade,industry_headwinds,13,hedges / rates / market / quarters
PD101431,2025-02-11,Wholesale Trade,Revenue contracted 25% year over year driven by softening demand. Gross margin compressed 218 bps on input cost inflation the borrower could not pass through.,12,14,2,Downgrade,revenue_decline,18,pass / demand / margin / cost
PD101432,2024-09-19,Retail,Borrower delinquent on quarterly reporting for the second time this year. Field exam identified borrowing base discrepancies of approximately $8M.,6,6,0,No Change,reporting_delinquency,5,covenant / test / revolver utilization / discrepancies approximately
PD101433,2024-12-06,Commercial Real Estate,Audited financial statements are 131 days past due. Auditor cited unresolved revenue recognition matters; a going concern qualification has not been ruled out.,7,7,0,No Change,reporting_delinquency,9,ebitda / qualified / compliance / missed
PD101434,2024-02-16,Manufacturing,Repeated delays in delivering compliance certificates and monthly borrowing base certificates. Finance function appears under-resourced following staff departures.,8,8,0,No Change,reporting_delinquency,3,capital / operating / days / borrowing
PD101435,2024-11-05,Transportation,"Auditor issued a qualified opinion related to inventory valuation. Management restated prior period results, reducing retained earnings by $19M.",6,10,4,Downgrade,reporting_delinquency,10,auditor / inventory / period / counsel
PD101436,2024-02-12,Agriculture,Commodity price downturn pressuring the entire sub-sector. Rig counts and shipment volumes at multi-year lows; borrower hedges roll off in 2 quarters.,8,7,-1,Upgrade,industry_headwinds,0,sector / margin / outlook / operating
PD101437,2024-12-13,Construction,Fixed charge coverage covenant violation reported. FCCR of 0.8x versus required 1.10x. This is the second consecutive quarterly breach; amendment discussions ongoing.,6,8,2,Downgrade,covenant_breach,17,fccr / equity / breach / sponsor
PD101438,2024-05-25,Oil & Gas,Operating cash flow turned negative in Q1 2025. Working capital squeeze evident; payables stretched beyond 105 days and the borrower requested a temporary overadvance.,11,13,2,Downgrade,liquidity_stress,3,capital / operating / days / borrowing
PD101439,2025-05-26,Oil & Gas,CFO resigned abruptly in Q3 2024 with no permanent successor named; interim finance lead has limited sector experience. Second C-suite departure in twelve months.,8,8,0,No Change,management_turnover,3,capital / operating / days / borrowing
PD101440,2024-09-26,Agriculture,EBITDA declined 44% versus plan on volume weakness and pricing pressure. Cost reduction program announced but savings not yet visible in results.,2,4,2,Downgrade,revenue_decline,21,pricing pressure / pressure / visible results / visible
PD101441,2024-06-17,Technology,"Refinancing risk elevated. The borrower's bonds trade at 71 cents on the dollar, signaling constrained capital markets access.",7,8,1,Downgrade,refinancing_risk,7,refinancing risk / risk elevated / trade / capital
PD101442,2025-03-26,Manufacturing,Same-store sales fell 9% and foot traffic remains weak. Inventory build of $40M raises markdown risk into next season.,11,13,2,Downgrade,revenue_decline,1,sales / lowered fullyear / fullyear / continues
PD101443,2024-07-06,Manufacturing,New tariffs raise landed costs approximately 14% on the borrower's primary import lines. Ability to pass through to customers is unproven.,12,12,0,No Change,industry_headwinds,4,exposure / filed / new / approximately
PD101444,2025-04-23,Transportation,Minimum EBITDA covenant missed by 16%. Compliance certificate delivered late with a qualified calculation. Documentation team reviewing reservation of rights letter.,1,2,1,Downgrade,covenant_breach,9,ebitda / qualified / compliance / missed
PD101445,2025-05-11,Construction,Borrower has fully drawn the revolver with utilization at 100%. Cash position declined to $2M and liquidity runway is under 6 months without additional support.,5,7,2,Downgrade,liquidity_stress,16,position / revolver utilization / revolver / additional
PD101446,2024-05-31,Retail,"Regulatory change effective next year is expected to reduce reimbursement rates by 6%, directly compressing borrower revenue in its core segment.",5,6,1,Downgrade,industry_headwinds,14,regulatory / rates / revenue / multiyear
PD101447,2024-10-17,Healthcare,Significant cash burn observed. Unrestricted cash fell 35% quarter over quarter and the company is deferring capex to preserve liquidity. Monitoring weekly 13-week cash flow forecasts.,10,12,2,Downgrade,liquidity_stress,12,cash / significant / capex / monitoring
PD101448,2024-08-05,Agriculture,Fixed charge coverage covenant violation reported. FCCR of 1.0x versus required 1.10x. This is the second consecutive quarterly breach; amendment discussions ongoing.,6,8,2,Downgrade,covenant_breach,17,fccr / equity / breach / sponsor
PD101449,2024-09-09,Construction,CFO resigned abruptly in Q2 2025 with no permanent successor named; interim finance lead has limited sector experience. Second C-suite departure in twelve months.,11,14,3,Downgrade,management_turnover,3,capital / operating / days / borrowing
PD101450,2024-05-04,Transportation,Revenue contracted 20% year over year driven by softening demand. Gross margin compressed 163 bps on input cost inflation the borrower could not pass through.,6,7,1,Downgrade,revenue_decline,18,pass / demand / margin / cost
PD101451,2024-04-18,Technology,EBITDA declined 33% versus plan on volume weakness and pricing pressure. Cost reduction program announced but savings not yet visible in results.,7,8,1,Downgrade,revenue_decline,21,pricing pressure / pressure / visible results / visible
PD101452,2025-04-09,Wholesale Trade,Asset sale proceeds of $32M applied to term debt. Leverage reduced to 2.1x from 5.2x at last review.,11,10,-1,Upgrade,deleveraging,7,refinancing risk / risk elevated / trade / capital
PD101453,2024-12-03,Manufacturing,EBITDA declined 34% versus plan on volume weakness and pricing pressure. Cost reduction program announced but savings not yet visible in results.,5,9,4,Downgrade,revenue_decline,21,pricing pressure / pressure / visible results / visible
PD101454,2024-05-12,Commercial Real Estate,Prolonged softness in the freight market; spot rates below breakeven for 6 consecutive quarters. Fleet utilization at 70%.,5,7,2,Downgrade,industry_headwinds,13,hedges / rates / market / quarters
PD101455,2024-02-26,Business Services,Revenue contracted 35% year over year driven by softening demand. Gross margin compressed 479 bps on input cost inflation the borrower could not pass through.,9,11,2,Downgrade,revenue_decline,18,pass / demand / margin / cost
PD101456,2025-01-25,Retail,Audited financial statements are 130 days past due. Auditor cited unresolved revenue recognition matters; a going concern qualification has not been ruled out.,3,5,2,Downgrade,reporting_delinquency,9,ebitda / qualified / compliance / missed
PD101457,2025-02-12,Retail,Same-store sales fell 13% and foot traffic remains weak. Inventory build of $16M raises markdown risk into next season.,7,10,3,Downgrade,revenue_decline,1,sales / lowered fullyear / fullyear / continues
PD101458,2025-02-16,Oil & Gas,Sector outlook deteriorating; industry volumes down 11% and two regional competitors filed for Chapter 11 this year. Borrower exposed to the same demand drivers.,7,9,2,Downgrade,industry_headwinds,0,sector / margin / outlook / operating
PD101459,2025-03-18,Business Services,Borrower delinquent on quarterly reporting for the second time this year. Field exam identified borrowing base discrepancies of approximately $3M.,8,9,1,Downgrade,reporting_delinquency,3,capital / operating / days / borrowing
PD101460,2024-05-14,Technology,Borrower returned to profitability after two loss-making years. Cash conversion improved and the revolver is now undrawn.,5,4,-1,Upgrade,performance_improvement,16,position / revolver utilization / revolver / additional
PD101461,2024-07-23,Construction,Audited financial statements are 166 days past due. Auditor cited unresolved revenue recognition matters; a going concern qualification has not been ruled out.,6,9,3,Downgrade,reporting_delinquency,10,auditor / inventory / period / counsel
PD101462,2025-03-09,Retail,"Adverse arbitration ruling requires payment of $29M within 90 days, straining liquidity. Appeal under consideration but counsel views prospects as limited.",9,11,2,Downgrade,legal_regulatory,10,auditor / inventory / period / counsel
PD101463,2024-07-09,Transportation,Repeated delays in delivering compliance certificates and monthly borrowing base certificates. Finance function appears under-resourced following staff departures.,6,7,1,Downgrade,reporting_delinquency,3,capital / operating / days / borrowing
PD101464,2024-12-15,Construction,Minimum EBITDA covenant missed by 10%. Compliance certificate delivered late with a qualified calculation. Documentation team reviewing reservation of rights letter.,7,7,0,No Change,covenant_breach,9,ebitda / qualified / compliance / missed
PD101465,2025-06-23,Wholesale Trade,Debt maturity wall approaching; 49% of funded debt comes due within 18 months. Sponsor exploring amend-and-extend but lender appetite is uncertain.,5,6,1,Downgrade,refinancing_risk,20,debt / sponsor / months / 
PD101466,2025-03-23,Retail,Contract repricing with the anchor customer cut unit margins 12%. Borrower has limited negotiating leverage given dependence on this relationship.,4,5,1,Downgrade,customer_concentration,19,covenants / covenant / test / additional
PD101467,2024-05-10,Wholesale Trade,Repeated delays in delivering compliance certificates and monthly borrowing base certificates. Finance function appears under-resourced following staff departures.,7,8,1,Downgrade,reporting_delinquency,3,capital / operating / days / borrowing
PD101468,2024-10-29,Agriculture,Commodity price downturn pressuring the entire sub-sector. Rig counts and shipment volumes at multi-year lows; borrower hedges roll off in 2 quarters.,6,7,1,Downgrade,industry_headwinds,0,sector / margin / outlook / operating
PD101469,2025-04-20,Wholesale Trade,Borrower breached the maximum leverage covenant in Q1 2024; reported 6.0x against a 4.0x threshold. Waiver request under negotiation with the bank group.,6,9,3,Downgrade,covenant_breach,19,covenants / covenant / test / additional
PD101470,2024-03-24,Hospitality,Material weakness in internal controls disclosed. Segregation of duties issues in the treasury function; remediation plan requested by Q3 2025.,10,11,1,Downgrade,reporting_delinquency,2,headroom / concerns / missed / revolver
PD101471,2024-07-05,Transportation,Turnaround gaining traction: EBITDA up 22% year over year and margins recovered to 16%. Cost actions delivered ahead of plan.,7,5,-2,Upgrade,performance_improvement,9,ebitda / qualified / compliance / missed
PD101472,2024-10-31,Technology,Turnaround gaining traction: EBITDA up 20% year over year and margins recovered to 15%. Cost actions delivered ahead of plan.,10,8,-2,Upgrade,performance_improvement,9,ebitda / qualified / compliance / missed
PD101473,2025-04-05,Agriculture,Cash flow from operations insufficient to cover fixed charges this cycle. FCCR dropped to 0.9x. Sponsor has been approached for an equity injection to shore up liquidity.,7,10,3,Downgrade,liquidity_stress,17,fccr / equity / breach / sponsor
PD101474,2024-07-10,Commercial Real Estate,EBITDA declined 25% versus plan on volume weakness and pricing pressure. Cost reduction program announced but savings not yet visible in results.,7,9,2,Downgrade,revenue_decline,21,pricing pressure / pressure / visible results / visible
PD101475,2024-09-22,Wholesale Trade,Topline deterioration continues for a third consecutive quarter. Sales down 10% and order backlog thinning. Management lowered full-year guidance materially.,9,11,2,Downgrade,revenue_decline,1,sales / lowered fullyear / fullyear / continues
PD101476,2024-04-29,Manufacturing,Turnaround gaining traction: EBITDA up 42% year over year and margins recovered to 9%. Cost actions delivered ahead of plan.,8,8,0,No Change,performance_improvement,9,ebitda / qualified / compliance / missed
PD101477,2025-02-18,Wholesale Trade,Debt maturity wall approaching; 70% of funded debt comes due within 18 months. Sponsor exploring amend-and-extend but lender appetite is uncertain.,7,8,1,Downgrade,refinancing_risk,20,debt / sponsor / months / 
PD101478,2025-01-04,Business Services,Margin erosion accelerating; operating margin at 6% versus 11% prior year. Competitive discounting in the sector shows no sign of abating.,10,12,2,Downgrade,revenue_decline,0,sector / margin / outlook / operating
PD101479,2024-07-14,Retail,Voluntary prepayment of $48M made this quarter. FCCR improved to 1.6x and all covenants passed with comfortable headroom.,10,8,-2,Upgrade,deleveraging,10,auditor / inventory / period / counsel
PD101480,2024-05-28,Wholesale Trade,CFO resigned abruptly in Q2 2024 with no permanent successor named; interim finance lead has limited sector experience. Second C-suite departure in twelve months.,7,8,1,Downgrade,management_turnover,3,capital / operating / days / borrowing
PD101481,2024-05-31,Construction,Strong Q4 2024 results with revenue growth of 10% and record backlog of $194M. Guidance raised for the full year.,6,4,-2,Upgrade,performance_improvement,0,sector / margin / outlook / operating
PD101482,2024-06-05,Business Services,Largest customer filed for bankruptcy protection; receivable exposure of $3M likely impaired. Trade credit insurance covers only a portion.,10,10,0,No Change,customer_concentration,4,exposure / filed / new / approximately
PD101483,2025-04-27,Manufacturing,Governance concerns raised after the audit committee chair stepped down. Board composition now lacks independent financial expertise.,5,7,2,Downgrade,management_turnover,6,annual / raised / repeated / concerns
PD101484,2025-02-05,Manufacturing,Liquidity concerns escalating. The borrower missed a scheduled sweep and drew the remaining $10M of revolver availability to fund payroll. Treasury reports minimal headroom.,6,6,0,No Change,liquidity_stress,2,headroom / concerns / missed / revolver
PD101485,2025-03-18,Transportation,Financial covenants tripped at the Q1 2024 test date. The borrower requested a covenant holiday through year end. Pricing step-up and additional reporting agreed as conditions.,4,4,0,No Change,covenant_breach,19,covenants / covenant / test / additional
PD101486,2024-02-07,Construction,Liquidity concerns escalating. The borrower missed a scheduled sweep and drew the remaining $20M of revolver availability to fund payroll. Treasury reports minimal headroom.,9,11,2,Downgrade,liquidity_stress,2,headroom / concerns / missed / revolver
PD101487,2025-05-14,Commercial Real Estate,Minimum EBITDA covenant missed by 23%. Compliance certificate delivered late with a qualified calculation. Documentation team reviewing reservation of rights letter.,11,14,3,Downgrade,covenant_breach,9,ebitda / qualified / compliance / missed
PD101488,2024-03-06,Oil & Gas,CFO resigned abruptly in Q1 2025 with no permanent successor named; interim finance lead has limited sector experience. Second C-suite departure in twelve months.,5,8,3,Downgrade,management_turnover,3,capital / operating / days / borrowing
PD101489,2024-12-21,Construction,"Regulatory change effective next year is expected to reduce reimbursement rates by 12%, directly compressing borrower revenue in its core segment.",6,6,0,No Change,industry_headwinds,14,regulatory / rates / revenue / multiyear
PD101490,2024-07-15,Construction,Same-store sales fell 5% and foot traffic remains weak. Inventory build of $15M raises markdown risk into next season.,7,9,2,Downgrade,revenue_decline,1,sales / lowered fullyear / fullyear / continues
PD101491,2024-08-12,Agriculture,Commodity price downturn pressuring the entire sub-sector. Rig counts and shipment volumes at multi-year lows; borrower hedges roll off in 3 quarters.,8,10,2,Downgrade,industry_headwinds,0,sector / margin / outlook / operating
PD101492,2025-04-24,Healthcare,"Auditor issued a qualified opinion related to inventory valuation. Management restated prior period results, reducing retained earnings by $22M.",8,10,2,Downgrade,reporting_delinquency,10,auditor / inventory / period / counsel
PD101493,2025-02-03,Transportation,"Significant management turnover noted: controller, treasurer, and head of operations all departed within two quarters. Institutional knowledge loss is a concern for reporting quality.",2,3,1,Downgrade,management_turnover,6,annual / raised / repeated / concerns
PD101494,2024-10-16,Business Services,"Sponsor injected $75M of fresh equity, curing the covenant breach and funding the growth capex program. Liquidity restored to $50M.",6,4,-2,Upgrade,deleveraging,17,fccr / equity / breach / sponsor
PD101495,2024-07-23,Healthcare,Class action lawsuit filed alleging product defects; potential exposure estimated at $133M. Insurance coverage position remains unclear.,5,6,1,Downgrade,legal_regulatory,4,exposure / filed / new / approximately
PD101496,2025-05-20,Oil & Gas,Prolonged softness in the freight market; spot rates below breakeven for 6 consecutive quarters. Fleet utilization at 63%.,9,10,1,Downgrade,industry_headwinds,13,hedges / rates / market / quarters
PD101497,2024-01-19,Technology,Fixed charge coverage covenant violation reported. FCCR of 0.8x versus required 1.10x. This is the second consecutive quarterly breach; amendment discussions ongoing.,7,7,0,No Change,covenant_breach,17,fccr / equity / breach / sponsor
PD101498,2024-06-27,Hospitality,Significant cash burn observed. Unrestricted cash fell 52% quarter over quarter and the company is deferring capex to preserve liquidity. Monitoring weekly 13-week cash flow forecasts.,7,10,3,Downgrade,liquidity_stress,12,cash / significant / capex / monitoring
PD101499,2024-04-26,Agriculture,Revenue contracted 35% year over year driven by softening demand. Gross margin compressed 182 bps on input cost inflation the borrower could not pass through.,10,12,2,Downgrade,revenue_decline,18,pass / demand / margin / cost
PD101500,2025-05-13,Oil & Gas,Topline deterioration continues for a third consecutive quarter. Sales down 11% and order backlog thinning. Management lowered full-year guidance materially.,6,7,1,Downgrade,revenue_decline,1,sales / lowered fullyear / fullyear / continues
PD101501,2024-02-17,Hospitality,EBITDA declined 40% versus plan on volume weakness and pricing pressure. Cost reduction program announced but savings not yet visible in results.,7,10,3,Downgrade,revenue_decline,21,pricing pressure / pressure / visible results / visible
PD101502,2025-03-24,Construction,Financial covenants tripped at the Q2 2024 test date. The borrower requested a covenant holiday through year end. Pricing step-up and additional reporting agreed as conditions.,6,7,1,Downgrade,covenant_breach,19,covenants / covenant / test / additional
PD101503,2024-02-12,Hospitality,Turnaround gaining traction: EBITDA up 21% year over year and margins recovered to 10%. Cost actions delivered ahead of plan.,4,2,-2,Upgrade,performance_improvement,9,ebitda / qualified / compliance / missed
PD101504,2025-01-05,Healthcare,Turnaround gaining traction: EBITDA up 25% year over year and margins recovered to 10%. Cost actions delivered ahead of plan.,11,9,-2,Upgrade,performance_improvement,9,ebitda / qualified / compliance / missed
PD101505,2024-04-11,Healthcare,"Sponsor injected $71M of fresh equity, curing the covenant breach and funding the growth capex program. Liquidity restored to $94M.",5,4,-1,Upgrade,deleveraging,14,regulatory / rates / revenue / multiyear
PD101506,2024-07-25,Construction,Financial covenants tripped at the Q3 2024 test date. The borrower requested a covenant holiday through year end. Pricing step-up and additional reporting agreed as conditions.,6,8,2,Downgrade,covenant_breach,19,covenants / covenant / test / additional
PD101507,2025-04-30,Technology,"Regulatory change effective next year is expected to reduce reimbursement rates by 5%, directly compressing borrower revenue in its core segment.",4,7,3,Downgrade,industry_headwinds,14,regulatory / rates / revenue / multiyear
PD101508,2024-09-29,Technology,Significant cash burn observed. Unrestricted cash fell 62% quarter over quarter and the company is deferring capex to preserve liquidity. Monitoring weekly 13-week cash flow forecasts.,8,10,2,Downgrade,liquidity_stress,12,cash / significant / capex / monitoring
PD101509,2024-09-08,Healthcare,Governance concerns raised after the audit committee chair stepped down. Board composition now lacks independent financial expertise.,3,7,4,Downgrade,management_turnover,6,annual / raised / repeated / concerns
PD101510,2025-03-15,Transportation,Margin erosion accelerating; operating margin at 4% versus 14% prior year. Competitive discounting in the sector shows no sign of abating.,9,9,0,No Change,revenue_decline,0,sector / margin / outlook / operating
PD101511,2025-06-12,Wholesale Trade,"New contract wins add $73M of committed multi-year revenue, diversifying the customer base and improving visibility.",7,6,-1,Upgrade,performance_improvement,14,regulatory / rates / revenue / multiyear
PD101512,2025-03-29,Healthcare,"Significant management turnover noted: controller, treasurer, and head of operations all departed within two quarters. Institutional knowledge loss is a concern for reporting quality.",8,8,0,No Change,management_turnover,6,annual / raised / repeated / concerns
PD101513,2024-03-12,Retail,Revenue contracted 32% year over year driven by softening demand. Gross margin compressed 562 bps on input cost inflation the borrower could not pass through.,6,6,0,No Change,revenue_decline,18,pass / demand / margin / cost
PD101514,2024-06-17,Transportation,"Sponsor injected $55M of fresh equity, curing the covenant breach and funding the growth capex program. Liquidity restored to $81M.",7,5,-2,Upgrade,deleveraging,14,regulatory / rates / revenue / multiyear
PD101515,2024-06-03,Agriculture,Borrower has fully drawn the revolver with utilization at 97%. Cash position declined to $14M and liquidity runway is under 3 months without additional support.,7,8,1,Downgrade,liquidity_stress,16,position / revolver utilization / revolver / additional
PD101516,2025-06-16,Oil & Gas,Sector outlook deteriorating; industry volumes down 18% and two regional competitors filed for Chapter 11 this year. Borrower exposed to the same demand drivers.,5,5,0,No Change,industry_headwinds,0,sector / margin / outlook / operating
PD101517,2024-11-07,Business Services,Liquidity concerns escalating. The borrower missed a scheduled sweep and drew the remaining $15M of revolver availability to fund payroll. Treasury reports minimal headroom.,7,10,3,Downgrade,liquidity_stress,2,headroom / concerns / missed / revolver
PD101518,2024-10-13,Hospitality,"Auditor issued a qualified opinion related to inventory valuation. Management restated prior period results, reducing retained earnings by $14M.",7,7,0,No Change,reporting_delinquency,10,auditor / inventory / period / counsel
PD101519,2025-04-01,Wholesale Trade,Cash flow from operations insufficient to cover fixed charges this cycle. FCCR dropped to 0.9x. Sponsor has been approached for an equity injection to shore up liquidity.,6,7,1,Downgrade,liquidity_stress,17,fccr / equity / breach / sponsor
PD101520,2025-03-28,Business Services,Debt maturity wall approaching; 74% of funded debt comes due within 18 months. Sponsor exploring amend-and-extend but lender appetite is uncertain.,8,8,0,No Change,refinancing_risk,20,debt / sponsor / months / 
PD101521,2024-07-21,Oil & Gas,Commodity price downturn pressuring the entire sub-sector. Rig counts and shipment volumes at multi-year lows; borrower hedges roll off in 4 quarters.,4,5,1,Downgrade,industry_headwinds,0,sector / margin / outlook / operating
PD101522,2025-02-03,Business Services,Successful refinancing completed; maturities extended to 2029 at improved pricing. Near-term refinancing risk eliminated.,7,6,-1,Upgrade,deleveraging,15,refinancing / committed / market / term
PD101523,2024-10-17,Commercial Real Estate,Borrower delinquent on quarterly reporting for the second time this year. Field exam identified borrowing base discrepancies of approximately $10M.,8,8,0,No Change,reporting_delinquency,5,covenant / test / revolver utilization / discrepancies approximately
PD101524,2024-06-12,Manufacturing,Term loan of $311M matures in 14 months with no committed refinancing. Current leverage of 5.8x makes a market refinance challenging.,8,10,2,Downgrade,refinancing_risk,15,refinancing / committed / market / term
PD101525,2024-09-21,Commercial Real Estate,Audited financial statements are 173 days past due. Auditor cited unresolved revenue recognition matters; a going concern qualification has not been ruled out.,10,11,1,Downgrade,reporting_delinquency,10,auditor / inventory / period / counsel
PD101526,2025-01-16,Oil & Gas,Financial covenants tripped at the Q4 2024 test date. The borrower requested a covenant holiday through year end. Pricing step-up and additional reporting agreed as conditions.,4,5,1,Downgrade,covenant_breach,19,covenants / covenant / test / additional
PD101527,2024-02-18,Wholesale Trade,Ownership dispute among family shareholders is distracting management. Succession plan remains undocumented despite repeated requests at annual review.,7,10,3,Downgrade,management_turnover,6,annual / raised / repeated / concerns
PD101528,2024-01-06,Construction,Top customer representing 39% of revenue did not renew its contract at term. Replacement pipeline covers less than half of the lost volume.,3,5,2,Downgrade,customer_concentration,1,sales / lowered fullyear / fullyear / continues
PD101529,2024-08-27,Technology,Key customer initiated in-sourcing of the borrower's product line. Customer concentration remains high with top three accounts at 57% of sales.,5,6,1,Downgrade,customer_concentration,11,customer / concentration / product / order
PD101530,2024-05-23,Business Services,Commodity price downturn pressuring the entire sub-sector. Rig counts and shipment volumes at multi-year lows; borrower hedges roll off in 3 quarters.,7,10,3,Downgrade,industry_headwinds,0,sector / margin / outlook / operating
PD101531,2024-09-10,Retail,Governance concerns raised after the audit committee chair stepped down. Board composition now lacks independent financial expertise.,7,9,2,Downgrade,management_turnover,6,annual / raised / repeated / concerns
PD101532,2025-01-04,Construction,EPA notice of violation received relating to the primary facility. Remediation cost estimates range up to $41M; operations could face interruption.,7,7,0,No Change,legal_regulatory,4,exposure / filed / new / approximately
PD101533,2025-02-25,Retail,Class action lawsuit filed alleging product defects; potential exposure estimated at $47M. Insurance coverage position remains unclear.,11,13,2,Downgrade,legal_regulatory,4,exposure / filed / new / approximately
PD101534,2025-05-02,Commercial Real Estate,Revenue contracted 11% year over year driven by softening demand. Gross margin compressed 367 bps on input cost inflation the borrower could not pass through.,7,8,1,Downgrade,revenue_decline,18,pass / demand / margin / cost
PD101535,2025-06-22,Transportation,Governance concerns raised after the audit committee chair stepped down. Board composition now lacks independent financial expertise.,6,6,0,No Change,management_turnover,6,annual / raised / repeated / concerns
PD101536,2024-09-27,Agriculture,Debt paydown ahead of schedule; net leverage now 2.5x. Rating outlook revised to stable given strengthened balance sheet.,9,7,-2,Upgrade,deleveraging,8,period / debt / elevated / leverage
PD101537,2025-05-16,Business Services,Voluntary prepayment of $64M made this quarter. FCCR improved to 2.5x and all covenants passed with comfortable headroom.,3,1,-2,Upgrade,deleveraging,10,auditor / inventory / period / counsel
PD101538,2024-05-10,Construction,"Regulatory change effective next year is expected to reduce reimbursement rates by 7%, directly compressing borrower revenue in its core segment.",5,7,2,Downgrade,industry_headwinds,14,regulatory / rates / revenue / multiyear
PD101539,2024-04-30,Business Services,"Interest burden up sharply post rate resets; cash interest coverage at 1.1x. Hedges expired and were not replaced, leaving full floating-rate exposure.",4,5,1,Downgrade,refinancing_risk,13,hedges / rates / market / quarters
PD101540,2024-06-09,Hospitality,Topline deterioration continues for a third consecutive quarter. Sales down 22% and order backlog thinning. Management lowered full-year guidance materially.,3,5,2,Downgrade,revenue_decline,1,sales / lowered fullyear / fullyear / continues
PD101541,2025-01-13,Agriculture,Financial covenants tripped at the Q1 2025 test date. The borrower requested a covenant holiday through year end. Pricing step-up and additional reporting agreed as conditions.,4,4,0,No Change,covenant_breach,19,covenants / covenant / test / additional
PD101542,2024-04-30,Technology,"Auditor issued a qualified opinion related to inventory valuation. Management restated prior period results, reducing retained earnings by $4M.",10,12,2,Downgrade,reporting_delinquency,10,auditor / inventory / period / counsel
PD101543,2025-05-12,Manufacturing,"Auditor issued a qualified opinion related to inventory valuation. Management restated prior period results, reducing retained earnings by $14M.",8,9,1,Downgrade,reporting_delinquency,10,auditor / inventory / period / counsel
PD101544,2024-11-08,Oil & Gas,Operating cash flow turned negative in Q2 2025. Working capital squeeze evident; payables stretched beyond 63 days and the borrower requested a temporary overadvance.,10,13,3,Downgrade,liquidity_stress,3,capital / operating / days / borrowing
PD101545,2024-01-03,Retail,Fixed charge coverage covenant violation reported. FCCR of 0.8x versus required 1.10x. This is the second consecutive quarterly breach; amendment discussions ongoing.,7,10,3,Downgrade,covenant_breach,17,fccr / equity / breach / sponsor
PD101546,2024-02-15,Transportation,Springing covenant triggered as revolver utilization exceeded 35%. Borrower is now subject to full quarterly covenant testing and failed the first leverage test.,10,10,0,No Change,covenant_breach,5,covenant / test / revolver utilization / discrepancies approximately
PD101547,2025-04-08,Technology,"Regulatory change effective next year is expected to reduce reimbursement rates by 14%, directly compressing borrower revenue in its core segment.",6,7,1,Downgrade,industry_headwinds,14,regulatory / rates / revenue / multiyear
PD101548,2024-05-15,Healthcare,Minimum EBITDA covenant missed by 23%. Compliance certificate delivered late with a qualified calculation. Documentation team reviewing reservation of rights letter.,6,7,1,Downgrade,covenant_breach,9,ebitda / qualified / compliance / missed
PD101549,2025-04-04,Healthcare,"Leverage remains elevated at 7.1x with no clear deleveraging path. PIK toggle exercised on the mezzanine tranche this period, growing the debt stack.",6,7,1,Downgrade,refinancing_risk,8,period / debt / elevated / leverage
PD101550,2025-02-23,Transportation,"Significant management turnover noted: controller, treasurer, and head of operations all departed within two quarters. Institutional knowledge loss is a concern for reporting quality.",6,6,0,No Change,management_turnover,6,annual / raised / repeated / concerns
PD101551,2025-03-29,Business Services,Operating cash flow turned negative in Q4 2025. Working capital squeeze evident; payables stretched beyond 94 days and the borrower requested a temporary overadvance.,4,4,0,No Change,liquidity_stress,3,capital / operating / days / borrowing
PD101552,2024-06-18,Business Services,Commodity price downturn pressuring the entire sub-sector. Rig counts and shipment volumes at multi-year lows; borrower hedges roll off in 4 quarters.,8,8,0,No Change,industry_headwinds,0,sector / margin / outlook / operating
PD101553,2024-05-06,Wholesale Trade,Class action lawsuit filed alleging product defects; potential exposure estimated at $89M. Insurance coverage position remains unclear.,10,10,0,No Change,legal_regulatory,4,exposure / filed / new / approximately
PD101554,2024-02-24,Agriculture,Margin erosion accelerating; operating margin at 1% versus 9% prior year. Competitive discounting in the sector shows no sign of abating.,7,8,1,Downgrade,revenue_decline,0,sector / margin / outlook / operating
PD101555,2024-01-20,Retail,Cash flow from operations insufficient to cover fixed charges this cycle. FCCR dropped to 0.7x. Sponsor has been approached for an equity injection to shore up liquidity.,3,4,1,Downgrade,liquidity_stress,17,fccr / equity / breach / sponsor
PD101556,2024-07-29,Commercial Real Estate,"Leverage remains elevated at 5.9x with no clear deleveraging path. PIK toggle exercised on the mezzanine tranche this period, growing the debt stack.",5,5,0,No Change,refinancing_risk,8,period / debt / elevated / leverage
PD101557,2024-11-24,Transportation,Contract repricing with the anchor customer cut unit margins 24%. Borrower has limited negotiating leverage given dependence on this relationship.,6,6,0,No Change,customer_concentration,19,covenants / covenant / test / additional
PD101558,2024-01-24,Technology,"Leverage remains elevated at 5.6x with no clear deleveraging path. PIK toggle exercised on the mezzanine tranche this period, growing the debt stack.",8,9,1,Downgrade,refinancing_risk,8,period / debt / elevated / leverage
PD101559,2024-01-25,Hospitality,Repeated delays in delivering compliance certificates and monthly borrowing base certificates. Finance function appears under-resourced following staff departures.,8,11,3,Downgrade,reporting_delinquency,3,capital / operating / days / borrowing
PD101560,2024-04-27,Retail,EBITDA declined 27% versus plan on volume weakness and pricing pressure. Cost reduction program announced but savings not yet visible in results.,2,3,1,Downgrade,revenue_decline,1,sales / lowered fullyear / fullyear / continues
PD101561,2024-09-18,Retail,Material weakness in internal controls disclosed. Segregation of duties issues in the treasury function; remediation plan requested by Q2 2025.,7,9,2,Downgrade,reporting_delinquency,2,headroom / concerns / missed / revolver
PD101562,2024-06-22,Manufacturing,Debt maturity wall approaching; 59% of funded debt comes due within 18 months. Sponsor exploring amend-and-extend but lender appetite is uncertain.,6,8,2,Downgrade,refinancing_risk,20,debt / sponsor / months / 
PD101563,2024-02-29,Oil & Gas,Springing covenant triggered as revolver utilization exceeded 35%. Borrower is now subject to full quarterly covenant testing and failed the first leverage test.,3,5,2,Downgrade,covenant_breach,5,covenant / test / revolver utilization / discrepancies approximately
PD101564,2025-02-26,Technology,Minimum EBITDA covenant missed by 11%. Compliance certificate delivered late with a qualified calculation. Documentation team reviewing reservation of rights letter.,3,5,2,Downgrade,covenant_breach,9,ebitda / qualified / compliance / missed
PD101565,2024-09-02,Agriculture,Financial covenants tripped at the Q4 2024 test date. The borrower requested a covenant holiday through year end. Pricing step-up and additional reporting agreed as conditions.,5,5,0,No Change,covenant_breach,19,covenants / covenant / test / additional
PD101566,2025-05-31,Transportation,Operational restructuring complete; plant consolidation yields $12M of annualized savings. Order intake trending 25% above prior year.,8,7,-1,Upgrade,performance_improvement,11,customer / concentration / product / order
PD101567,2025-02-20,Retail,Borrower has fully drawn the revolver with utilization at 93%. Cash position declined to $2M and liquidity runway is under 5 months without additional support.,8,11,3,Downgrade,liquidity_stress,16,position / revolver utilization / revolver / additional
PD101568,2024-08-27,Manufacturing,Largest customer filed for bankruptcy protection; receivable exposure of $3M likely impaired. Trade credit insurance covers only a portion.,8,9,1,Downgrade,customer_concentration,4,exposure / filed / new / approximately
PD101569,2024-04-13,Commercial Real Estate,EPA notice of violation received relating to the primary facility. Remediation cost estimates range up to $43M; operations could face interruption.,11,13,2,Downgrade,legal_regulatory,4,exposure / filed / new / approximately
PD101570,2024-05-08,Oil & Gas,Ownership dispute among family shareholders is distracting management. Succession plan remains undocumented despite repeated requests at annual review.,6,7,1,Downgrade,management_turnover,6,annual / raised / repeated / concerns
PD101571,2025-05-27,Commercial Real Estate,"Leverage remains elevated at 6.5x with no clear deleveraging path. PIK toggle exercised on the mezzanine tranche this period, growing the debt stack.",7,7,0,No Change,refinancing_risk,8,period / debt / elevated / leverage
PD101572,2024-06-21,Commercial Real Estate,Topline deterioration continues for a third consecutive quarter. Sales down 19% and order backlog thinning. Management lowered full-year guidance materially.,5,7,2,Downgrade,revenue_decline,1,sales / lowered fullyear / fullyear / continues
PD101573,2025-04-07,Manufacturing,"Leverage remains elevated at 7.9x with no clear deleveraging path. PIK toggle exercised on the mezzanine tranche this period, growing the debt stack.",6,8,2,Downgrade,refinancing_risk,8,period / debt / elevated / leverage
PD101574,2024-06-20,Manufacturing,Borrower has fully drawn the revolver with utilization at 99%. Cash position declined to $15M and liquidity runway is under 7 months without additional support.,2,6,4,Downgrade,liquidity_stress,16,position / revolver utilization / revolver / additional
PD101575,2025-01-24,Technology,Borrower has fully drawn the revolver with utilization at 100%. Cash position declined to $6M and liquidity runway is under 7 months without additional support.,9,12,3,Downgrade,liquidity_stress,16,position / revolver utilization / revolver / additional
PD101576,2024-06-14,Business Services,Regulatory investigation opened into billing practices. Legal reserves increased by $37M this quarter; reputational impact on new bookings possible.,6,8,2,Downgrade,legal_regulatory,10,auditor / inventory / period / counsel
PD101577,2025-02-08,Business Services,Cash flow from operations insufficient to cover fixed charges this cycle. FCCR dropped to 0.8x. Sponsor has been approached for an equity injection to shore up liquidity.,6,8,2,Downgrade,liquidity_stress,17,fccr / equity / breach / sponsor
PD101578,2024-10-13,Transportation,Revenue contracted 14% year over year driven by softening demand. Gross margin compressed 521 bps on input cost inflation the borrower could not pass through.,7,9,2,Downgrade,revenue_decline,18,pass / demand / margin / cost
PD101579,2024-11-21,Wholesale Trade,Regulatory investigation opened into billing practices. Legal reserves increased by $37M this quarter; reputational impact on new bookings possible.,6,8,2,Downgrade,legal_regulatory,10,auditor / inventory / period / counsel
PD101580,2025-04-08,Oil & Gas,"Refinancing risk elevated. The borrower's bonds trade at 75 cents on the dollar, signaling constrained capital markets access.",9,10,1,Downgrade,refinancing_risk,7,refinancing risk / risk elevated / trade / capital
PD101581,2025-04-15,Agriculture,Topline deterioration continues for a third consecutive quarter. Sales down 18% and order backlog thinning. Management lowered full-year guidance materially.,8,9,1,Downgrade,revenue_decline,1,sales / lowered fullyear / fullyear / continues
PD101582,2024-05-16,Wholesale Trade,Significant cash burn observed. Unrestricted cash fell 31% quarter over quarter and the company is deferring capex to preserve liquidity. Monitoring weekly 13-week cash flow forecasts.,9,12,3,Downgrade,liquidity_stress,12,cash / significant / capex / monitoring
PD101583,2024-01-10,Wholesale Trade,Class action lawsuit filed alleging product defects; potential exposure estimated at $131M. Insurance coverage position remains unclear.,10,10,0,No Change,legal_regulatory,4,exposure / filed / new / approximately
PD101584,2024-03-24,Wholesale Trade,Operating cash flow turned negative in Q4 2025. Working capital squeeze evident; payables stretched beyond 108 days and the borrower requested a temporary overadvance.,7,10,3,Downgrade,liquidity_stress,3,capital / operating / days / borrowing
PD101585,2024-05-06,Technology,Borrower has fully drawn the revolver with utilization at 85%. Cash position declined to $15M and liquidity runway is under 9 months without additional support.,9,11,2,Downgrade,liquidity_stress,16,position / revolver utilization / revolver / additional
PD101586,2024-06-30,Business Services,"Interest burden up sharply post rate resets; cash interest coverage at 1.5x. Hedges expired and were not replaced, leaving full floating-rate exposure.",6,8,2,Downgrade,refinancing_risk,13,hedges / rates / market / quarters
PD101587,2024-07-16,Construction,CFO resigned abruptly in Q1 2025 with no permanent successor named; interim finance lead has limited sector experience. Second C-suite departure in twelve months.,9,10,1,Downgrade,management_turnover,3,capital / operating / days / borrowing
PD101588,2025-01-01,Commercial Real Estate,Term loan of $163M matures in 6 months with no committed refinancing. Current leverage of 6.9x makes a market refinance challenging.,8,8,0,No Change,refinancing_risk,15,refinancing / committed / market / term
PD101589,2025-05-20,Technology,Borrower has fully drawn the revolver with utilization at 94%. Cash position declined to $14M and liquidity runway is under 8 months without additional support.,7,9,2,Downgrade,liquidity_stress,16,position / revolver utilization / revolver / additional
PD101590,2024-08-02,Manufacturing,Sector outlook deteriorating; industry volumes down 12% and two regional competitors filed for Chapter 11 this year. Borrower exposed to the same demand drivers.,10,10,0,No Change,industry_headwinds,0,sector / margin / outlook / operating
PD101591,2024-10-11,Agriculture,Debt maturity wall approaching; 80% of funded debt comes due within 18 months. Sponsor exploring amend-and-extend but lender appetite is uncertain.,5,8,3,Downgrade,refinancing_risk,20,debt / sponsor / months / 
PD101592,2024-06-28,Retail,Margin erosion accelerating; operating margin at 4% versus 9% prior year. Competitive discounting in the sector shows no sign of abating.,8,9,1,Downgrade,revenue_decline,0,sector / margin / outlook / operating
PD101593,2024-09-22,Agriculture,Cash flow from operations insufficient to cover fixed charges this cycle. FCCR dropped to 0.6x. Sponsor has been approached for an equity injection to shore up liquidity.,9,9,0,No Change,liquidity_stress,17,fccr / equity / breach / sponsor
PD101594,2025-04-09,Manufacturing,Strong Q3 2024 results with revenue growth of 8% and record backlog of $169M. Guidance raised for the full year.,3,1,-2,Upgrade,performance_improvement,0,sector / margin / outlook / operating
PD101595,2024-11-26,Transportation,Liquidity concerns escalating. The borrower missed a scheduled sweep and drew the remaining $4M of revolver availability to fund payroll. Treasury reports minimal headroom.,9,12,3,Downgrade,liquidity_stress,2,headroom / concerns / missed / revolver
PD101596,2025-06-14,Construction,Minimum EBITDA covenant missed by 16%. Compliance certificate delivered late with a qualified calculation. Documentation team reviewing reservation of rights letter.,10,12,2,Downgrade,covenant_breach,9,ebitda / qualified / compliance / missed
PD101597,2024-02-14,Business Services,"Adverse arbitration ruling requires payment of $28M within 90 days, straining liquidity. Appeal under consideration but counsel views prospects as limited.",8,8,0,No Change,legal_regulatory,10,auditor / inventory / period / counsel
PD101598,2025-04-04,Technology,Fixed charge coverage covenant violation reported. FCCR of 0.7x versus required 1.10x. This is the second consecutive quarterly breach; amendment discussions ongoing.,8,11,3,Downgrade,covenant_breach,17,fccr / equity / breach / sponsor
PD101599,2024-01-26,Business Services,Borrower has fully drawn the revolver with utilization at 97%. Cash position declined to $5M and liquidity runway is under 5 months without additional support.,7,7,0,No Change,liquidity_stress,16,position / revolver utilization / revolver / additional
PD101600,2024-09-12,Commercial Real Estate,Topline deterioration continues for a third consecutive quarter. Sales down 21% and order backlog thinning. Management lowered full-year guidance materially.,5,7,2,Downgrade,revenue_decline,1,sales / lowered fullyear / fullyear / continues
PD101601,2024-04-09,Manufacturing,Loss of a major account announced; $52M of annual revenue affected beginning next quarter. Concentration risk previously flagged at underwriting.,4,6,2,Downgrade,customer_concentration,13,hedges / rates / market / quarters
PD101602,2024-12-08,Oil & Gas,Minimum EBITDA covenant missed by 21%. Compliance certificate delivered late with a qualified calculation. Documentation team reviewing reservation of rights letter.,10,12,2,Downgrade,covenant_breach,9,ebitda / qualified / compliance / missed
PD101603,2024-02-25,Technology,Operating cash flow turned negative in Q1 2025. Working capital squeeze evident; payables stretched beyond 75 days and the borrower requested a temporary overadvance.,7,9,2,Downgrade,liquidity_stress,3,capital / operating / days / borrowing
PD101604,2025-03-25,Retail,Contract repricing with the anchor customer cut unit margins 17%. Borrower has limited negotiating leverage given dependence on this relationship.,4,4,0,No Change,customer_concentration,18,pass / demand / margin / cost
PD101605,2024-03-28,Manufacturing,Repeated delays in delivering compliance certificates and monthly borrowing base certificates. Finance function appears under-resourced following staff departures.,9,12,3,Downgrade,reporting_delinquency,3,capital / operating / days / borrowing
PD101606,2024-03-07,Healthcare,Audited financial statements are 108 days past due. Auditor cited unresolved revenue recognition matters; a going concern qualification has not been ruled out.,9,11,2,Downgrade,reporting_delinquency,9,ebitda / qualified / compliance / missed
PD101607,2024-02-27,Hospitality,Borrower breached the maximum leverage covenant in Q4 2024; reported 5.4x against a 4.1x threshold. Waiver request under negotiation with the bank group.,5,5,0,No Change,covenant_breach,19,covenants / covenant / test / additional
PD101608,2025-02-24,Commercial Real Estate,Borrower has fully drawn the revolver with utilization at 94%. Cash position declined to $15M and liquidity runway is under 6 months without additional support.,9,12,3,Downgrade,liquidity_stress,16,position / revolver utilization / revolver / additional
PD101609,2025-04-09,Transportation,Debt paydown ahead of schedule; net leverage now 2.7x. Rating outlook revised to stable given strengthened balance sheet.,4,3,-1,Upgrade,deleveraging,8,period / debt / elevated / leverage
PD101610,2024-04-13,Technology,Liquidity concerns escalating. The borrower missed a scheduled sweep and drew the remaining $16M of revolver availability to fund payroll. Treasury reports minimal headroom.,8,11,3,Downgrade,liquidity_stress,2,headroom / concerns / missed / revolver
PD101611,2024-07-16,Retail,Audited financial statements are 118 days past due. Auditor cited unresolved revenue recognition matters; a going concern qualification has not been ruled out.,9,11,2,Downgrade,reporting_delinquency,9,ebitda / qualified / compliance / missed
PD101612,2024-03-10,Agriculture,Class action lawsuit filed alleging product defects; potential exposure estimated at $13M. Insurance coverage position remains unclear.,6,8,2,Downgrade,legal_regulatory,4,exposure / filed / new / approximately
PD101613,2025-06-05,Oil & Gas,Debt maturity wall approaching; 76% of funded debt comes due within 18 months. Sponsor exploring amend-and-extend but lender appetite is uncertain.,7,9,2,Downgrade,refinancing_risk,20,debt / sponsor / months / 
PD101614,2025-03-31,Healthcare,Significant cash burn observed. Unrestricted cash fell 56% quarter over quarter and the company is deferring capex to preserve liquidity. Monitoring weekly 13-week cash flow forecasts.,4,6,2,Downgrade,liquidity_stress,12,cash / significant / capex / monitoring
PD101615,2024-03-02,Healthcare,Debt maturity wall approaching; 48% of funded debt comes due within 18 months. Sponsor exploring amend-and-extend but lender appetite is uncertain.,6,7,1,Downgrade,refinancing_risk,20,debt / sponsor / months / 
PD101616,2025-01-01,Oil & Gas,Commodity price downturn pressuring the entire sub-sector. Rig counts and shipment volumes at multi-year lows; borrower hedges roll off in 4 quarters.,8,9,1,Downgrade,industry_headwinds,0,sector / margin / outlook / operating
PD101617,2024-12-17,Oil & Gas,Prolonged softness in the freight market; spot rates below breakeven for 4 consecutive quarters. Fleet utilization at 64%.,4,6,2,Downgrade,industry_headwinds,13,hedges / rates / market / quarters
PD101618,2025-06-03,Hospitality,Financial covenants tripped at the Q1 2024 test date. The borrower requested a covenant holiday through year end. Pricing step-up and additional reporting agreed as conditions.,9,9,0,No Change,covenant_breach,19,covenants / covenant / test / additional
PD101619,2024-07-24,Wholesale Trade,Top customer representing 38% of revenue did not renew its contract at term. Replacement pipeline covers less than half of the lost volume.,6,6,0,No Change,customer_concentration,1,sales / lowered fullyear / fullyear / continues
PD101620,2024-12-15,Commercial Real Estate,CEO transition announced amid board disagreement over strategy. Key-person risk elevated given founder's central role in top customer relationships.,5,5,0,No Change,management_turnover,6,annual / raised / repeated / concerns
PD101621,2025-04-23,Agriculture,Repeated delays in delivering compliance certificates and monthly borrowing base certificates. Finance function appears under-resourced following staff departures.,8,9,1,Downgrade,reporting_delinquency,3,capital / operating / days / borrowing
PD101622,2024-06-15,Retail,Financial covenants tripped at the Q3 2025 test date. The borrower requested a covenant holiday through year end. Pricing step-up and additional reporting agreed as conditions.,9,11,2,Downgrade,covenant_breach,19,covenants / covenant / test / additional
PD101623,2024-01-04,Wholesale Trade,Minimum EBITDA covenant missed by 9%. Compliance certificate delivered late with a qualified calculation. Documentation team reviewing reservation of rights letter.,7,9,2,Downgrade,covenant_breach,9,ebitda / qualified / compliance / missed
PD101624,2024-12-05,Business Services,Strong Q2 2025 results with revenue growth of 14% and record backlog of $162M. Guidance raised for the full year.,4,3,-1,Upgrade,performance_improvement,0,sector / margin / outlook / operating
PD101625,2024-01-07,Technology,Minimum EBITDA covenant missed by 14%. Compliance certificate delivered late with a qualified calculation. Documentation team reviewing reservation of rights letter.,6,8,2,Downgrade,covenant_breach,9,ebitda / qualified / compliance / missed
PD101626,2024-07-18,Wholesale Trade,Borrower breached the maximum leverage covenant in Q1 2025; reported 4.6x against a 3.6x threshold. Waiver request under negotiation with the bank group.,7,8,1,Downgrade,covenant_breach,19,covenants / covenant / test / additional
PD101627,2024-01-31,Commercial Real Estate,Contract repricing with the anchor customer cut unit margins 21%. Borrower has limited negotiating leverage given dependence on this relationship.,4,4,0,No Change,customer_concentration,19,covenants / covenant / test / additional
PD101628,2024-06-27,Technology,Operating cash flow turned negative in Q3 2024. Working capital squeeze evident; payables stretched beyond 74 days and the borrower requested a temporary overadvance.,6,9,3,Downgrade,liquidity_stress,3,capital / operating / days / borrowing
PD101629,2024-06-29,Oil & Gas,"Leverage remains elevated at 6.1x with no clear deleveraging path. PIK toggle exercised on the mezzanine tranche this period, growing the debt stack.",11,13,2,Downgrade,refinancing_risk,8,period / debt / elevated / leverage
PD101630,2024-04-23,Technology,Term loan of $60M matures in 8 months with no committed refinancing. Current leverage of 5.9x makes a market refinance challenging.,4,6,2,Downgrade,refinancing_risk,15,refinancing / committed / market / term
PD101631,2025-01-16,Wholesale Trade,Operating cash flow turned negative in Q3 2025. Working capital squeeze evident; payables stretched beyond 75 days and the borrower requested a temporary overadvance.,9,11,2,Downgrade,liquidity_stress,3,capital / operating / days / borrowing
PD101632,2025-03-20,Business Services,Borrower delinquent on quarterly reporting for the second time this year. Field exam identified borrowing base discrepancies of approximately $10M.,8,9,1,Downgrade,reporting_delinquency,5,covenant / test / revolver utilization / discrepancies approximately
PD101633,2024-07-13,Commercial Real Estate,Term loan of $110M matures in 8 months with no committed refinancing. Current leverage of 7.2x makes a market refinance challenging.,5,8,3,Downgrade,refinancing_risk,15,refinancing / committed / market / term
PD101634,2024-11-21,Agriculture,Contract repricing with the anchor customer cut unit margins 22%. Borrower has limited negotiating leverage given dependence on this relationship.,7,8,1,Downgrade,customer_concentration,18,pass / demand / margin / cost
PD101635,2024-02-17,Agriculture,"New contract wins add $96M of committed multi-year revenue, diversifying the customer base and improving visibility.",10,7,-3,Upgrade,performance_improvement,14,regulatory / rates / revenue / multiyear
PD101636,2024-10-28,Healthcare,Ownership dispute among family shareholders is distracting management. Succession plan remains undocumented despite repeated requests at annual review.,3,4,1,Downgrade,management_turnover,6,annual / raised / repeated / concerns
PD101637,2024-10-13,Healthcare,Key customer initiated in-sourcing of the borrower's product line. Customer concentration remains high with top three accounts at 57% of sales.,7,7,0,No Change,customer_concentration,11,customer / concentration / product / order
PD101638,2024-08-02,Business Services,"Leverage remains elevated at 7.9x with no clear deleveraging path. PIK toggle exercised on the mezzanine tranche this period, growing the debt stack.",7,9,2,Downgrade,refinancing_risk,8,period / debt / elevated / leverage
PD101639,2025-06-05,Technology,Borrower breached the maximum leverage covenant in Q4 2024; reported 5.0x against a 3.9x threshold. Waiver request under negotiation with the bank group.,8,11,3,Downgrade,covenant_breach,19,covenants / covenant / test / additional
PD101640,2025-01-17,Hospitality,"Interest burden up sharply post rate resets; cash interest coverage at 1.3x. Hedges expired and were not replaced, leaving full floating-rate exposure.",9,10,1,Downgrade,refinancing_risk,13,hedges / rates / market / quarters
PD101641,2025-02-14,Wholesale Trade,Liquidity concerns escalating. The borrower missed a scheduled sweep and drew the remaining $18M of revolver availability to fund payroll. Treasury reports minimal headroom.,10,11,1,Downgrade,liquidity_stress,2,headroom / concerns / missed / revolver
PD101642,2024-08-12,Commercial Real Estate,Springing covenant triggered as revolver utilization exceeded 40%. Borrower is now subject to full quarterly covenant testing and failed the first leverage test.,6,6,0,No Change,covenant_breach,5,covenant / test / revolver utilization / discrepancies approximately
PD101643,2024-11-09,Transportation,"Interest burden up sharply post rate resets; cash interest coverage at 1.5x. Hedges expired and were not replaced, leaving full floating-rate exposure.",11,11,0,No Change,refinancing_risk,13,hedges / rates / market / quarters
PD101644,2025-01-18,Oil & Gas,Liquidity concerns escalating. The borrower missed a scheduled sweep and drew the remaining $8M of revolver availability to fund payroll. Treasury reports minimal headroom.,9,11,2,Downgrade,liquidity_stress,2,headroom / concerns / missed / revolver
PD101645,2024-10-29,Construction,Debt paydown ahead of schedule; net leverage now 1.9x. Rating outlook revised to stable given strengthened balance sheet.,5,2,-3,Upgrade,deleveraging,8,period / debt / elevated / leverage
PD101646,2025-04-21,Hospitality,"Leverage remains elevated at 6.4x with no clear deleveraging path. PIK toggle exercised on the mezzanine tranche this period, growing the debt stack.",10,12,2,Downgrade,refinancing_risk,8,period / debt / elevated / leverage
PD101647,2025-03-18,Transportation,Cash flow from operations insufficient to cover fixed charges this cycle. FCCR dropped to 0.7x. Sponsor has been approached for an equity injection to shore up liquidity.,6,7,1,Downgrade,liquidity_stress,17,fccr / equity / breach / sponsor
PD101648,2025-01-26,Manufacturing,Significant cash burn observed. Unrestricted cash fell 61% quarter over quarter and the company is deferring capex to preserve liquidity. Monitoring weekly 13-week cash flow forecasts.,9,11,2,Downgrade,liquidity_stress,12,cash / significant / capex / monitoring
PD101649,2024-03-18,Technology,Topline deterioration continues for a third consecutive quarter. Sales down 22% and order backlog thinning. Management lowered full-year guidance materially.,6,7,1,Downgrade,revenue_decline,1,sales / lowered fullyear / fullyear / continues
PD101650,2025-06-09,Hospitality,Successful refinancing completed; maturities extended to 2030 at improved pricing. Near-term refinancing risk eliminated.,4,4,0,No Change,deleveraging,15,refinancing / committed / market / term
PD101651,2024-07-24,Technology,Borrower breached the maximum leverage covenant in Q3 2024; reported 4.8x against a 3.6x threshold. Waiver request under negotiation with the bank group.,6,6,0,No Change,covenant_breach,19,covenants / covenant / test / additional
PD101652,2024-10-08,Commercial Real Estate,Operating cash flow turned negative in Q3 2025. Working capital squeeze evident; payables stretched beyond 79 days and the borrower requested a temporary overadvance.,7,8,1,Downgrade,liquidity_stress,3,capital / operating / days / borrowing
PD101653,2024-01-09,Oil & Gas,Operational restructuring complete; plant consolidation yields $9M of annualized savings. Order intake trending 27% above prior year.,10,8,-2,Upgrade,performance_improvement,11,customer / concentration / product / order
PD101654,2025-02-17,Transportation,"Significant management turnover noted: controller, treasurer, and head of operations all departed within two quarters. Institutional knowledge loss is a concern for reporting quality.",9,11,2,Downgrade,management_turnover,6,annual / raised / repeated / concerns
PD101655,2025-06-08,Healthcare,Springing covenant triggered as revolver utilization exceeded 40%. Borrower is now subject to full quarterly covenant testing and failed the first leverage test.,10,10,0,No Change,covenant_breach,5,covenant / test / revolver utilization / discrepancies approximately
PD101656,2024-08-02,Construction,Liquidity concerns escalating. The borrower missed a scheduled sweep and drew the remaining $10M of revolver availability to fund payroll. Treasury reports minimal headroom.,8,8,0,No Change,liquidity_stress,2,headroom / concerns / missed / revolver
PD101657,2025-04-17,Technology,Asset sale proceeds of $157M applied to term debt. Leverage reduced to 2.9x from 4.8x at last review.,10,8,-2,Upgrade,deleveraging,7,refinancing risk / risk elevated / trade / capital
PD101658,2025-03-03,Commercial Real Estate,CFO resigned abruptly in Q3 2024 with no permanent successor named; interim finance lead has limited sector experience. Second C-suite departure in twelve months.,8,10,2,Downgrade,management_turnover,3,capital / operating / days / borrowing
PD101659,2024-01-31,Technology,"New contract wins add $72M of committed multi-year revenue, diversifying the customer base and improving visibility.",11,8,-3,Upgrade,performance_improvement,14,regulatory / rates / revenue / multiyear
PD101660,2024-11-08,Business Services,Debt maturity wall approaching; 76% of funded debt comes due within 18 months. Sponsor exploring amend-and-extend but lender appetite is uncertain.,5,7,2,Downgrade,refinancing_risk,20,debt / sponsor / months / 
PD101661,2024-12-13,Commercial Real Estate,Borrower has fully drawn the revolver with utilization at 100%. Cash position declined to $14M and liquidity runway is under 8 months without additional support.,5,7,2,Downgrade,liquidity_stress,16,position / revolver utilization / revolver / additional
PD101662,2024-11-02,Technology,"Interest burden up sharply post rate resets; cash interest coverage at 1.3x. Hedges expired and were not replaced, leaving full floating-rate exposure.",7,7,0,No Change,refinancing_risk,13,hedges / rates / market / quarters
PD101663,2024-02-02,Healthcare,Springing covenant triggered as revolver utilization exceeded 30%. Borrower is now subject to full quarterly covenant testing and failed the first leverage test.,6,9,3,Downgrade,covenant_breach,5,covenant / test / revolver utilization / discrepancies approximately
PD101664,2025-02-04,Transportation,Loss of a major account announced; $52M of annual revenue affected beginning next quarter. Concentration risk previously flagged at underwriting.,7,8,1,Downgrade,customer_concentration,13,hedges / rates / market / quarters
PD101665,2024-03-06,Hospitality,CEO transition announced amid board disagreement over strategy. Key-person risk elevated given founder's central role in top customer relationships.,6,7,1,Downgrade,management_turnover,6,annual / raised / repeated / concerns
PD101666,2024-04-21,Technology,Governance concerns raised after the audit committee chair stepped down. Board composition now lacks independent financial expertise.,6,9,3,Downgrade,management_turnover,6,annual / raised / repeated / concerns
PD101667,2024-11-07,Retail,"Leverage remains elevated at 7.9x with no clear deleveraging path. PIK toggle exercised on the mezzanine tranche this period, growing the debt stack.",8,9,1,Downgrade,refinancing_risk,8,period / debt / elevated / leverage
PD101668,2024-06-30,Manufacturing,Borrower delinquent on quarterly reporting for the second time this year. Field exam identified borrowing base discrepancies of approximately $3M.,6,7,1,Downgrade,reporting_delinquency,3,capital / operating / days / borrowing
PD101669,2024-03-12,Transportation,Material weakness in internal controls disclosed. Segregation of duties issues in the treasury function; remediation plan requested by Q4 2024.,6,8,2,Downgrade,reporting_delinquency,2,headroom / concerns / missed / revolver
PD101670,2025-06-20,Retail,Financial covenants tripped at the Q2 2024 test date. The borrower requested a covenant holiday through year end. Pricing step-up and additional reporting agreed as conditions.,8,11,3,Downgrade,covenant_breach,19,covenants / covenant / test / additional
PD101671,2025-06-14,Manufacturing,Governance concerns raised after the audit committee chair stepped down. Board composition now lacks independent financial expertise.,4,4,0,No Change,management_turnover,6,annual / raised / repeated / concerns
PD101672,2025-02-24,Transportation,Borrower delinquent on quarterly reporting for the second time this year. Field exam identified borrowing base discrepancies of approximately $7M.,3,2,-1,Upgrade,reporting_delinquency,5,covenant / test / revolver utilization / discrepancies approximately
PD101673,2025-03-04,Construction,Borrower delinquent on quarterly reporting for the second time this year. Field exam identified borrowing base discrepancies of approximately $3M.,11,12,1,Downgrade,reporting_delinquency,3,capital / operating / days / borrowing
PD101674,2024-07-30,Healthcare,Audited financial statements are 109 days past due. Auditor cited unresolved revenue recognition matters; a going concern qualification has not been ruled out.,4,5,1,Downgrade,reporting_delinquency,10,auditor / inventory / period / counsel
PD101675,2025-05-01,Healthcare,New tariffs raise landed costs approximately 19% on the borrower's primary import lines. Ability to pass through to customers is unproven.,8,9,1,Downgrade,industry_headwinds,4,exposure / filed / new / approximately
PD101676,2025-05-29,Business Services,Margin erosion accelerating; operating margin at 5% versus 10% prior year. Competitive discounting in the sector shows no sign of abating.,7,9,2,Downgrade,revenue_decline,0,sector / margin / outlook / operating
PD101677,2024-05-26,Construction,"Interest burden up sharply post rate resets; cash interest coverage at 1.2x. Hedges expired and were not replaced, leaving full floating-rate exposure.",5,5,0,No Change,refinancing_risk,13,hedges / rates / market / quarters
PD101678,2025-06-22,Technology,Revenue contracted 22% year over year driven by softening demand. Gross margin compressed 459 bps on input cost inflation the borrower could not pass through.,8,9,1,Downgrade,revenue_decline,18,pass / demand / margin / cost
PD101679,2025-04-16,Construction,Ownership dispute among family shareholders is distracting management. Succession plan remains undocumented despite repeated requests at annual review.,5,7,2,Downgrade,management_turnover,6,annual / raised / repeated / concerns
PD101680,2024-10-21,Wholesale Trade,Springing covenant triggered as revolver utilization exceeded 30%. Borrower is now subject to full quarterly covenant testing and failed the first leverage test.,9,11,2,Downgrade,covenant_breach,5,covenant / test / revolver utilization / discrepancies approximately
PD101681,2024-10-31,Transportation,"Interest burden up sharply post rate resets; cash interest coverage at 1.2x. Hedges expired and were not replaced, leaving full floating-rate exposure.",8,7,-1,Upgrade,refinancing_risk,13,hedges / rates / market / quarters
PD101682,2025-03-01,Commercial Real Estate,Cash flow from operations insufficient to cover fixed charges this cycle. FCCR dropped to 0.9x. Sponsor has been approached for an equity injection to shore up liquidity.,8,9,1,Downgrade,liquidity_stress,17,fccr / equity / breach / sponsor
PD101683,2024-07-06,Business Services,Operating cash flow turned negative in Q4 2025. Working capital squeeze evident; payables stretched beyond 84 days and the borrower requested a temporary overadvance.,4,7,3,Downgrade,liquidity_stress,3,capital / operating / days / borrowing
PD101684,2024-02-14,Commercial Real Estate,"Leverage remains elevated at 5.7x with no clear deleveraging path. PIK toggle exercised on the mezzanine tranche this period, growing the debt stack.",9,12,3,Downgrade,refinancing_risk,8,period / debt / elevated / leverage
PD101685,2024-10-25,Wholesale Trade,Borrower delinquent on quarterly reporting for the second time this year. Field exam identified borrowing base discrepancies of approximately $6M.,4,5,1,Downgrade,reporting_delinquency,5,covenant / test / revolver utilization / discrepancies approximately
PD101686,2024-08-10,Construction,Successful refinancing completed; maturities extended to 2031 at improved pricing. Near-term refinancing risk eliminated.,10,8,-2,Upgrade,deleveraging,15,refinancing / committed / market / term
PD101687,2025-01-12,Retail,"Interest burden up sharply post rate resets; cash interest coverage at 1.6x. Hedges expired and were not replaced, leaving full floating-rate exposure.",6,7,1,Downgrade,refinancing_risk,13,hedges / rates / market / quarters
PD101688,2025-02-23,Construction,Revenue contracted 26% year over year driven by softening demand. Gross margin compressed 542 bps on input cost inflation the borrower could not pass through.,4,5,1,Downgrade,revenue_decline,18,pass / demand / margin / cost
PD101689,2024-01-28,Retail,Operating cash flow turned negative in Q3 2024. Working capital squeeze evident; payables stretched beyond 92 days and the borrower requested a temporary overadvance.,4,4,0,No Change,liquidity_stress,3,capital / operating / days / borrowing
PD101690,2025-02-12,Commercial Real Estate,Liquidity concerns escalating. The borrower missed a scheduled sweep and drew the remaining $15M of revolver availability to fund payroll. Treasury reports minimal headroom.,9,12,3,Downgrade,liquidity_stress,2,headroom / concerns / missed / revolver
PD101691,2024-04-27,Business Services,Minimum EBITDA covenant missed by 9%. Compliance certificate delivered late with a qualified calculation. Documentation team reviewing reservation of rights letter.,8,8,0,No Change,covenant_breach,9,ebitda / qualified / compliance / missed
PD101692,2025-04-20,Construction,Borrower delinquent on quarterly reporting for the second time this year. Field exam identified borrowing base discrepancies of approximately $7M.,7,8,1,Downgrade,reporting_delinquency,5,covenant / test / revolver utilization / discrepancies approximately
PD101693,2024-09-05,Business Services,Same-store sales fell 7% and foot traffic remains weak. Inventory build of $10M raises markdown risk into next season.,10,11,1,Downgrade,revenue_decline,1,sales / lowered fullyear / fullyear / continues
PD101694,2024-10-12,Healthcare,Largest customer filed for bankruptcy protection; receivable exposure of $7M likely impaired. Trade credit insurance covers only a portion.,8,9,1,Downgrade,customer_concentration,4,exposure / filed / new / approximately
PD101695,2024-04-12,Healthcare,CEO transition announced amid board disagreement over strategy. Key-person risk elevated given founder's central role in top customer relationships.,7,10,3,Downgrade,management_turnover,6,annual / raised / repeated / concerns
PD101696,2025-02-04,Healthcare,Borrower returned to profitability after two loss-making years. Cash conversion improved and the revolver is now undrawn.,6,5,-1,Upgrade,performance_improvement,16,position / revolver utilization / revolver / additional
PD101697,2024-10-06,Healthcare,Top customer representing 46% of revenue did not renew its contract at term. Replacement pipeline covers less than half of the lost volume.,6,8,2,Downgrade,customer_concentration,1,sales / lowered fullyear / fullyear / continues
PD101698,2024-08-09,Construction,Voluntary prepayment of $55M made this quarter. FCCR improved to 1.7x and all covenants passed with comfortable headroom.,12,11,-1,Upgrade,deleveraging,10,auditor / inventory / period / counsel
PD101699,2024-04-15,Transportation,Term loan of $375M matures in 14 months with no committed refinancing. Current leverage of 6.6x makes a market refinance challenging.,7,9,2,Downgrade,refinancing_risk,15,refinancing / committed / market / term
PD101700,2024-01-05,Manufacturing,Borrower returned to profitability after two loss-making years. Cash conversion improved and the revolver is now undrawn.,9,8,-1,Upgrade,performance_improvement,16,position / revolver utilization / revolver / additional
PD101701,2025-01-18,Commercial Real Estate,Liquidity concerns escalating. The borrower missed a scheduled sweep and drew the remaining $9M of revolver availability to fund payroll. Treasury reports minimal headroom.,3,7,4,Downgrade,liquidity_stress,2,headroom / concerns / missed / revolver
PD101702,2024-01-29,Manufacturing,New tariffs raise landed costs approximately 12% on the borrower's primary import lines. Ability to pass through to customers is unproven.,7,7,0,No Change,industry_headwinds,4,exposure / filed / new / approximately
PD101703,2024-03-05,Commercial Real Estate,Commodity price downturn pressuring the entire sub-sector. Rig counts and shipment volumes at multi-year lows; borrower hedges roll off in 2 quarters.,7,10,3,Downgrade,industry_headwinds,0,sector / margin / outlook / operating
PD101704,2024-11-26,Hospitality,Borrower breached the maximum leverage covenant in Q2 2024; reported 4.6x against a 4.0x threshold. Waiver request under negotiation with the bank group.,5,7,2,Downgrade,covenant_breach,19,covenants / covenant / test / additional
PD101705,2025-02-08,Transportation,Regulatory investigation opened into billing practices. Legal reserves increased by $18M this quarter; reputational impact on new bookings possible.,5,7,2,Downgrade,legal_regulatory,10,auditor / inventory / period / counsel
PD101706,2024-12-31,Technology,Successful refinancing completed; maturities extended to 2029 at improved pricing. Near-term refinancing risk eliminated.,5,3,-2,Upgrade,deleveraging,15,refinancing / committed / market / term
PD101707,2024-11-19,Manufacturing,Borrower delinquent on quarterly reporting for the second time this year. Field exam identified borrowing base discrepancies of approximately $2M.,9,10,1,Downgrade,reporting_delinquency,3,capital / operating / days / borrowing
PD101708,2024-03-08,Wholesale Trade,Largest customer filed for bankruptcy protection; receivable exposure of $9M likely impaired. Trade credit insurance covers only a portion.,7,9,2,Downgrade,customer_concentration,4,exposure / filed / new / approximately
PD101709,2025-01-12,Manufacturing,"Significant management turnover noted: controller, treasurer, and head of operations all departed within two quarters. Institutional knowledge loss is a concern for reporting quality.",6,8,2,Downgrade,management_turnover,6,annual / raised / repeated / concerns
PD101710,2025-05-26,Retail,Sector outlook deteriorating; industry volumes down 11% and two regional competitors filed for Chapter 11 this year. Borrower exposed to the same demand drivers.,5,6,1,Downgrade,industry_headwinds,0,sector / margin / outlook / operating
PD101711,2024-06-24,Oil & Gas,Ownership dispute among family shareholders is distracting management. Succession plan remains undocumented despite repeated requests at annual review.,8,9,1,Downgrade,management_turnover,6,annual / raised / repeated / concerns
PD101712,2024-05-16,Technology,Borrower has fully drawn the revolver with utilization at 95%. Cash position declined to $12M and liquidity runway is under 8 months without additional support.,6,8,2,Downgrade,liquidity_stress,16,position / revolver utilization / revolver / additional
PD101713,2024-11-21,Wholesale Trade,Borrower delinquent on quarterly reporting for the second time this year. Field exam identified borrowing base discrepancies of approximately $12M.,10,11,1,Downgrade,reporting_delinquency,5,covenant / test / revolver utilization / discrepancies approximately
PD101714,2025-04-04,Transportation,Minimum EBITDA covenant missed by 10%. Compliance certificate delivered late with a qualified calculation. Documentation team reviewing reservation of rights letter.,4,7,3,Downgrade,covenant_breach,9,ebitda / qualified / compliance / missed
PD101715,2024-01-14,Commercial Real Estate,"Leverage remains elevated at 7.1x with no clear deleveraging path. PIK toggle exercised on the mezzanine tranche this period, growing the debt stack.",8,11,3,Downgrade,refinancing_risk,8,period / debt / elevated / leverage
PD101716,2024-09-06,Agriculture,Borrower has fully drawn the revolver with utilization at 88%. Cash position declined to $6M and liquidity runway is under 4 months without additional support.,4,6,2,Downgrade,liquidity_stress,16,position / revolver utilization / revolver / additional
PD101717,2024-06-04,Transportation,Term loan of $80M matures in 8 months with no committed refinancing. Current leverage of 5.9x makes a market refinance challenging.,6,8,2,Downgrade,refinancing_risk,15,refinancing / committed / market / term
PD101718,2025-03-30,Business Services,New tariffs raise landed costs approximately 11% on the borrower's primary import lines. Ability to pass through to customers is unproven.,8,9,1,Downgrade,industry_headwinds,4,exposure / filed / new / approximately
PD101719,2024-02-10,Hospitality,Commodity price downturn pressuring the entire sub-sector. Rig counts and shipment volumes at multi-year lows; borrower hedges roll off in 2 quarters.,9,10,1,Downgrade,industry_headwinds,0,sector / margin / outlook / operating
PD101720,2024-01-25,Commercial Real Estate,"Regulatory change effective next year is expected to reduce reimbursement rates by 15%, directly compressing borrower revenue in its core segment.",5,3,-2,Upgrade,industry_headwinds,14,regulatory / rates / revenue / multiyear
PD101721,2024-02-25,Wholesale Trade,EPA notice of violation received relating to the primary facility. Remediation cost estimates range up to $29M; operations could face interruption.,6,8,2,Downgrade,legal_regulatory,4,exposure / filed / new / approximately
PD101722,2025-01-25,Hospitality,Topline deterioration continues for a third consecutive quarter. Sales down 15% and order backlog thinning. Management lowered full-year guidance materially.,13,14,1,Downgrade,revenue_decline,1,sales / lowered fullyear / fullyear / continues
PD101723,2024-03-07,Construction,Financial covenants tripped at the Q2 2025 test date. The borrower requested a covenant holiday through year end. Pricing step-up and additional reporting agreed as conditions.,7,10,3,Downgrade,covenant_breach,19,covenants / covenant / test / additional
PD101724,2024-05-24,Commercial Real Estate,Revenue contracted 16% year over year driven by softening demand. Gross margin compressed 176 bps on input cost inflation the borrower could not pass through.,6,7,1,Downgrade,revenue_decline,18,pass / demand / margin / cost
PD101725,2024-03-21,Transportation,Strong Q1 2024 results with revenue growth of 25% and record backlog of $144M. Guidance raised for the full year.,5,3,-2,Upgrade,performance_improvement,0,sector / margin / outlook / operating
PD101726,2024-07-21,Commercial Real Estate,"Regulatory change effective next year is expected to reduce reimbursement rates by 9%, directly compressing borrower revenue in its core segment.",8,8,0,No Change,industry_headwinds,14,regulatory / rates / revenue / multiyear
PD101727,2024-09-11,Oil & Gas,Repeated delays in delivering compliance certificates and monthly borrowing base certificates. Finance function appears under-resourced following staff departures.,5,5,0,No Change,reporting_delinquency,3,capital / operating / days / borrowing
PD101728,2024-07-25,Oil & Gas,"Sponsor injected $88M of fresh equity, curing the covenant breach and funding the growth capex program. Liquidity restored to $87M.",4,2,-2,Upgrade,deleveraging,17,fccr / equity / breach / sponsor
PD101729,2025-01-03,Transportation,Minimum EBITDA covenant missed by 10%. Compliance certificate delivered late with a qualified calculation. Documentation team reviewing reservation of rights letter.,10,12,2,Downgrade,covenant_breach,9,ebitda / qualified / compliance / missed
PD101730,2025-03-08,Hospitality,Minimum EBITDA covenant missed by 13%. Compliance certificate delivered late with a qualified calculation. Documentation team reviewing reservation of rights letter.,10,12,2,Downgrade,covenant_breach,9,ebitda / qualified / compliance / missed
PD101731,2025-05-08,Manufacturing,Margin erosion accelerating; operating margin at 6% versus 11% prior year. Competitive discounting in the sector shows no sign of abating.,4,6,2,Downgrade,revenue_decline,0,sector / margin / outlook / operating
PD101732,2024-11-03,Agriculture,Largest customer filed for bankruptcy protection; receivable exposure of $16M likely impaired. Trade credit insurance covers only a portion.,8,9,1,Downgrade,customer_concentration,4,exposure / filed / new / approximately
PD101733,2024-09-20,Transportation,Margin erosion accelerating; operating margin at 2% versus 12% prior year. Competitive discounting in the sector shows no sign of abating.,5,8,3,Downgrade,revenue_decline,0,sector / margin / outlook / operating
PD101734,2025-01-19,Hospitality,"New contract wins add $54M of committed multi-year revenue, diversifying the customer base and improving visibility.",7,5,-2,Upgrade,performance_improvement,14,regulatory / rates / revenue / multiyear
PD101735,2025-04-25,Commercial Real Estate,Prolonged softness in the freight market; spot rates below breakeven for 6 consecutive quarters. Fleet utilization at 62%.,8,9,1,Downgrade,industry_headwinds,13,hedges / rates / market / quarters
PD101736,2025-05-27,Business Services,New tariffs raise landed costs approximately 16% on the borrower's primary import lines. Ability to pass through to customers is unproven.,9,9,0,No Change,industry_headwinds,4,exposure / filed / new / approximately
PD101737,2025-03-01,Transportation,"Refinancing risk elevated. The borrower's bonds trade at 70 cents on the dollar, signaling constrained capital markets access.",6,8,2,Downgrade,refinancing_risk,7,refinancing risk / risk elevated / trade / capital
PD101738,2024-03-13,Transportation,Significant cash burn observed. Unrestricted cash fell 54% quarter over quarter and the company is deferring capex to preserve liquidity. Monitoring weekly 13-week cash flow forecasts.,8,11,3,Downgrade,liquidity_stress,12,cash / significant / capex / monitoring
PD101739,2024-06-15,Commercial Real Estate,Sector outlook deteriorating; industry volumes down 9% and two regional competitors filed for Chapter 11 this year. Borrower exposed to the same demand drivers.,5,6,1,Downgrade,industry_headwinds,0,sector / margin / outlook / operating
PD101740,2025-05-15,Wholesale Trade,Same-store sales fell 13% and foot traffic remains weak. Inventory build of $27M raises markdown risk into next season.,10,11,1,Downgrade,revenue_decline,1,sales / lowered fullyear / fullyear / continues
PD101741,2025-01-29,Transportation,Commodity price downturn pressuring the entire sub-sector. Rig counts and shipment volumes at multi-year lows; borrower hedges roll off in 4 quarters.,7,7,0,No Change,industry_headwinds,0,sector / margin / outlook / operating
PD101742,2024-01-29,Business Services,Strong Q2 2025 results with revenue growth of 9% and record backlog of $225M. Guidance raised for the full year.,10,9,-1,Upgrade,performance_improvement,0,sector / margin / outlook / operating
PD101743,2024-05-30,Oil & Gas,New tariffs raise landed costs approximately 18% on the borrower's primary import lines. Ability to pass through to customers is unproven.,5,6,1,Downgrade,industry_headwinds,4,exposure / filed / new / approximately
PD101744,2024-04-04,Wholesale Trade,Regulatory investigation opened into billing practices. Legal reserves increased by $15M this quarter; reputational impact on new bookings possible.,6,6,0,No Change,legal_regulatory,10,auditor / inventory / period / counsel
PD101745,2024-03-23,Hospitality,"Regulatory change effective next year is expected to reduce reimbursement rates by 11%, directly compressing borrower revenue in its core segment.",12,13,1,Downgrade,industry_headwinds,14,regulatory / rates / revenue / multiyear
PD101746,2025-05-27,Hospitality,Strong Q4 2024 results with revenue growth of 21% and record backlog of $169M. Guidance raised for the full year.,10,11,1,Downgrade,performance_improvement,0,sector / margin / outlook / operating
PD101747,2024-04-01,Retail,Liquidity concerns escalating. The borrower missed a scheduled sweep and drew the remaining $12M of revolver availability to fund payroll. Treasury reports minimal headroom.,6,9,3,Downgrade,liquidity_stress,2,headroom / concerns / missed / revolver
PD101748,2024-12-18,Healthcare,OFAC compliance review identified potential sanctions exposure in an overseas subsidiary. Enhanced monitoring in place pending outside counsel findings.,6,7,1,Downgrade,legal_regulatory,4,exposure / filed / new / approximately
PD101749,2024-01-07,Healthcare,Financial covenants tripped at the Q2 2025 test date. The borrower requested a covenant holiday through year end. Pricing step-up and additional reporting agreed as conditions.,4,5,1,Downgrade,covenant_breach,19,covenants / covenant / test / additional
PD101750,2025-03-03,Hospitality,"Regulatory change effective next year is expected to reduce reimbursement rates by 5%, directly compressing borrower revenue in its core segment.",7,7,0,No Change,industry_headwinds,14,regulatory / rates / revenue / multiyear
PD101751,2024-06-23,Healthcare,Liquidity concerns escalating. The borrower missed a scheduled sweep and drew the remaining $12M of revolver availability to fund payroll. Treasury reports minimal headroom.,6,8,2,Downgrade,liquidity_stress,2,headroom / concerns / missed / revolver
PD101752,2024-07-21,Construction,EPA notice of violation received relating to the primary facility. Remediation cost estimates range up to $19M; operations could face interruption.,14,14,0,No Change,legal_regulatory,4,exposure / filed / new / approximately
PD101753,2025-04-06,Agriculture,Borrower delinquent on quarterly reporting for the second time this year. Field exam identified borrowing base discrepancies of approximately $10M.,6,7,1,Downgrade,reporting_delinquency,5,covenant / test / revolver utilization / discrepancies approximately
PD101754,2024-07-06,Commercial Real Estate,Topline deterioration continues for a third consecutive quarter. Sales down 13% and order backlog thinning. Management lowered full-year guidance materially.,4,6,2,Downgrade,revenue_decline,1,sales / lowered fullyear / fullyear / continues
PD101755,2024-04-21,Wholesale Trade,Significant cash burn observed. Unrestricted cash fell 56% quarter over quarter and the company is deferring capex to preserve liquidity. Monitoring weekly 13-week cash flow forecasts.,8,11,3,Downgrade,liquidity_stress,12,cash / significant / capex / monitoring
PD101756,2025-01-21,Retail,Topline deterioration continues for a third consecutive quarter. Sales down 10% and order backlog thinning. Management lowered full-year guidance materially.,9,12,3,Downgrade,revenue_decline,1,sales / lowered fullyear / fullyear / continues
PD101757,2024-08-28,Construction,Key customer initiated in-sourcing of the borrower's product line. Customer concentration remains high with top three accounts at 52% of sales.,7,9,2,Downgrade,customer_concentration,11,customer / concentration / product / order
PD101758,2024-01-10,Manufacturing,Minimum EBITDA covenant missed by 29%. Compliance certificate delivered late with a qualified calculation. Documentation team reviewing reservation of rights letter.,8,10,2,Downgrade,covenant_breach,9,ebitda / qualified / compliance / missed
PD101759,2025-06-18,Manufacturing,Financial covenants tripped at the Q1 2024 test date. The borrower requested a covenant holiday through year end. Pricing step-up and additional reporting agreed as conditions.,7,7,0,No Change,covenant_breach,19,covenants / covenant / test / additional
PD101760,2024-09-29,Construction,Governance concerns raised after the audit committee chair stepped down. Board composition now lacks independent financial expertise.,8,10,2,Downgrade,management_turnover,6,annual / raised / repeated / concerns
PD101761,2024-12-10,Technology,Liquidity concerns escalating. The borrower missed a scheduled sweep and drew the remaining $13M of revolver availability to fund payroll. Treasury reports minimal headroom.,5,6,1,Downgrade,liquidity_stress,2,headroom / concerns / missed / revolver
PD101762,2025-01-04,Wholesale Trade,Significant cash burn observed. Unrestricted cash fell 50% quarter over quarter and the company is deferring capex to preserve liquidity. Monitoring weekly 13-week cash flow forecasts.,5,7,2,Downgrade,liquidity_stress,12,cash / significant / capex / monitoring
PD101763,2024-02-28,Technology,Governance concerns raised after the audit committee chair stepped down. Board composition now lacks independent financial expertise.,10,11,1,Downgrade,management_turnover,6,annual / raised / repeated / concerns
PD101764,2025-04-12,Business Services,Key customer initiated in-sourcing of the borrower's product line. Customer concentration remains high with top three accounts at 75% of sales.,6,6,0,No Change,customer_concentration,11,customer / concentration / product / order
PD101765,2024-10-13,Business Services,Same-store sales fell 9% and foot traffic remains weak. Inventory build of $6M raises markdown risk into next season.,8,9,1,Downgrade,revenue_decline,1,sales / lowered fullyear / fullyear / continues
PD101766,2025-05-01,Hospitality,Debt maturity wall approaching; 63% of funded debt comes due within 18 months. Sponsor exploring amend-and-extend but lender appetite is uncertain.,6,7,1,Downgrade,refinancing_risk,20,debt / sponsor / months / 
PD101767,2024-11-25,Manufacturing,Liquidity concerns escalating. The borrower missed a scheduled sweep and drew the remaining $9M of revolver availability to fund payroll. Treasury reports minimal headroom.,5,5,0,No Change,liquidity_stress,2,headroom / concerns / missed / revolver
PD101768,2024-08-27,Agriculture,"Sponsor injected $20M of fresh equity, curing the covenant breach and funding the growth capex program. Liquidity restored to $71M.",6,5,-1,Upgrade,deleveraging,17,fccr / equity / breach / sponsor
PD101769,2024-03-24,Technology,Repeated delays in delivering compliance certificates and monthly borrowing base certificates. Finance function appears under-resourced following staff departures.,7,9,2,Downgrade,reporting_delinquency,3,capital / operating / days / borrowing
PD101770,2024-04-12,Business Services,Minimum EBITDA covenant missed by 23%. Compliance certificate delivered late with a qualified calculation. Documentation team reviewing reservation of rights letter.,9,11,2,Downgrade,covenant_breach,9,ebitda / qualified / compliance / missed
PD101771,2024-05-26,Hospitality,"Interest burden up sharply post rate resets; cash interest coverage at 1.2x. Hedges expired and were not replaced, leaving full floating-rate exposure.",9,11,2,Downgrade,refinancing_risk,13,hedges / rates / market / quarters
PD101772,2025-05-24,Retail,Operational restructuring complete; plant consolidation yields $30M of annualized savings. Order intake trending 26% above prior year.,11,11,0,No Change,performance_improvement,11,customer / concentration / product / order
PD101773,2025-04-23,Healthcare,Key customer initiated in-sourcing of the borrower's product line. Customer concentration remains high with top three accounts at 71% of sales.,4,6,2,Downgrade,customer_concentration,11,customer / concentration / product / order
PD101774,2024-09-03,Commercial Real Estate,Largest customer filed for bankruptcy protection; receivable exposure of $6M likely impaired. Trade credit insurance covers only a portion.,6,8,2,Downgrade,customer_concentration,4,exposure / filed / new / approximately
PD101775,2024-04-01,Retail,New tariffs raise landed costs approximately 15% on the borrower's primary import lines. Ability to pass through to customers is unproven.,6,6,0,No Change,industry_headwinds,4,exposure / filed / new / approximately
PD101776,2024-11-30,Transportation,Liquidity concerns escalating. The borrower missed a scheduled sweep and drew the remaining $3M of revolver availability to fund payroll. Treasury reports minimal headroom.,9,9,0,No Change,liquidity_stress,2,headroom / concerns / missed / revolver
PD101777,2025-05-02,Wholesale Trade,"Auditor issued a qualified opinion related to inventory valuation. Management restated prior period results, reducing retained earnings by $10M.",9,11,2,Downgrade,reporting_delinquency,10,auditor / inventory / period / counsel
PD101778,2024-03-07,Wholesale Trade,Borrower breached the maximum leverage covenant in Q2 2025; reported 4.8x against a 4.2x threshold. Waiver request under negotiation with the bank group.,7,10,3,Downgrade,covenant_breach,19,covenants / covenant / test / additional
PD101779,2025-03-23,Commercial Real Estate,"Sponsor injected $63M of fresh equity, curing the covenant breach and funding the growth capex program. Liquidity restored to $78M.",6,4,-2,Upgrade,deleveraging,17,fccr / equity / breach / sponsor
PD101780,2024-03-30,Retail,Debt maturity wall approaching; 56% of funded debt comes due within 18 months. Sponsor exploring amend-and-extend but lender appetite is uncertain.,8,8,0,No Change,refinancing_risk,20,debt / sponsor / months / 
PD101781,2024-04-28,Agriculture,Borrower has fully drawn the revolver with utilization at 95%. Cash position declined to $13M and liquidity runway is under 7 months without additional support.,12,14,2,Downgrade,liquidity_stress,16,position / revolver utilization / revolver / additional
PD101782,2025-01-24,Agriculture,"Refinancing risk elevated. The borrower's bonds trade at 59 cents on the dollar, signaling constrained capital markets access.",5,6,1,Downgrade,refinancing_risk,7,refinancing risk / risk elevated / trade / capital
PD101783,2024-07-13,Transportation,Class action lawsuit filed alleging product defects; potential exposure estimated at $89M. Insurance coverage position remains unclear.,8,8,0,No Change,legal_regulatory,4,exposure / filed / new / approximately
PD101784,2025-01-08,Wholesale Trade,Repeated delays in delivering compliance certificates and monthly borrowing base certificates. Finance function appears under-resourced following staff departures.,9,11,2,Downgrade,reporting_delinquency,3,capital / operating / days / borrowing
PD101785,2024-08-15,Retail,Fixed charge coverage covenant violation reported. FCCR of 0.9x versus required 1.10x. This is the second consecutive quarterly breach; amendment discussions ongoing.,9,11,2,Downgrade,covenant_breach,17,fccr / equity / breach / sponsor
PD101786,2025-04-16,Technology,Governance concerns raised after the audit committee chair stepped down. Board composition now lacks independent financial expertise.,7,7,0,No Change,management_turnover,6,annual / raised / repeated / concerns
PD101787,2024-08-12,Construction,Fixed charge coverage covenant violation reported. FCCR of 1.0x versus required 1.10x. This is the second consecutive quarterly breach; amendment discussions ongoing.,8,10,2,Downgrade,covenant_breach,17,fccr / equity / breach / sponsor
PD101788,2024-02-05,Agriculture,Same-store sales fell 9% and foot traffic remains weak. Inventory build of $23M raises markdown risk into next season.,6,7,1,Downgrade,revenue_decline,1,sales / lowered fullyear / fullyear / continues
PD101789,2024-05-06,Oil & Gas,"Refinancing risk elevated. The borrower's bonds trade at 64 cents on the dollar, signaling constrained capital markets access.",9,10,1,Downgrade,refinancing_risk,7,refinancing risk / risk elevated / trade / capital
PD101790,2024-08-08,Construction,Ownership dispute among family shareholders is distracting management. Succession plan remains undocumented despite repeated requests at annual review.,10,11,1,Downgrade,management_turnover,6,annual / raised / repeated / concerns
PD101791,2024-03-01,Technology,EBITDA declined 37% versus plan on volume weakness and pricing pressure. Cost reduction program announced but savings not yet visible in results.,2,3,1,Downgrade,revenue_decline,21,pricing pressure / pressure / visible results / visible
PD101792,2024-08-18,Business Services,Topline deterioration continues for a third consecutive quarter. Sales down 14% and order backlog thinning. Management lowered full-year guidance materially.,10,12,2,Downgrade,revenue_decline,1,sales / lowered fullyear / fullyear / continues
PD101793,2025-02-05,Oil & Gas,Revenue contracted 34% year over year driven by softening demand. Gross margin compressed 241 bps on input cost inflation the borrower could not pass through.,11,13,2,Downgrade,revenue_decline,18,pass / demand / margin / cost
PD101794,2024-12-11,Transportation,Fixed charge coverage covenant violation reported. FCCR of 1.0x versus required 1.10x. This is the second consecutive quarterly breach; amendment discussions ongoing.,8,10,2,Downgrade,covenant_breach,17,fccr / equity / breach / sponsor
PD101795,2025-02-04,Retail,"Interest burden up sharply post rate resets; cash interest coverage at 1.6x. Hedges expired and were not replaced, leaving full floating-rate exposure.",11,14,3,Downgrade,refinancing_risk,13,hedges / rates / market / quarters
PD101796,2024-07-18,Business Services,Cash flow from operations insufficient to cover fixed charges this cycle. FCCR dropped to 0.9x. Sponsor has been approached for an equity injection to shore up liquidity.,7,11,4,Downgrade,liquidity_stress,17,fccr / equity / breach / sponsor
PD101797,2024-02-25,Business Services,Prolonged softness in the freight market; spot rates below breakeven for 6 consecutive quarters. Fleet utilization at 63%.,6,7,1,Downgrade,industry_headwinds,13,hedges / rates / market / quarters
PD101798,2025-03-28,Business Services,Financial covenants tripped at the Q4 2024 test date. The borrower requested a covenant holiday through year end. Pricing step-up and additional reporting agreed as conditions.,7,10,3,Downgrade,covenant_breach,19,covenants / covenant / test / additional
PD101799,2024-08-02,Commercial Real Estate,"Regulatory change effective next year is expected to reduce reimbursement rates by 9%, directly compressing borrower revenue in its core segment.",8,11,3,Downgrade,industry_headwinds,14,regulatory / rates / revenue / multiyear
PD101800,2024-04-14,Wholesale Trade,New tariffs raise landed costs approximately 10% on the borrower's primary import lines. Ability to pass through to customers is unproven.,9,10,1,Downgrade,industry_headwinds,4,exposure / filed / new / approximately
PD101801,2024-06-21,Manufacturing,Fixed charge coverage covenant violation reported. FCCR of 0.8x versus required 1.10x. This is the second consecutive quarterly breach; amendment discussions ongoing.,7,8,1,Downgrade,covenant_breach,17,fccr / equity / breach / sponsor
PD101802,2024-02-23,Retail,Revenue contracted 21% year over year driven by softening demand. Gross margin compressed 392 bps on input cost inflation the borrower could not pass through.,9,9,0,No Change,revenue_decline,18,pass / demand / margin / cost
PD101803,2024-06-01,Wholesale Trade,"Leverage remains elevated at 7.1x with no clear deleveraging path. PIK toggle exercised on the mezzanine tranche this period, growing the debt stack.",6,9,3,Downgrade,refinancing_risk,8,period / debt / elevated / leverage
PD101804,2024-09-03,Transportation,Liquidity concerns escalating. The borrower missed a scheduled sweep and drew the remaining $10M of revolver availability to fund payroll. Treasury reports minimal headroom.,11,11,0,No Change,liquidity_stress,2,headroom / concerns / missed / revolver
PD101805,2024-06-25,Wholesale Trade,Liquidity concerns escalating. The borrower missed a scheduled sweep and drew the remaining $12M of revolver availability to fund payroll. Treasury reports minimal headroom.,6,8,2,Downgrade,liquidity_stress,2,headroom / concerns / missed / revolver
PD101806,2024-04-01,Construction,Repeated delays in delivering compliance certificates and monthly borrowing base certificates. Finance function appears under-resourced following staff departures.,2,5,3,Downgrade,reporting_delinquency,3,capital / operating / days / borrowing
PD101807,2025-03-31,Technology,"New contract wins add $50M of committed multi-year revenue, diversifying the customer base and improving visibility.",6,5,-1,Upgrade,performance_improvement,14,regulatory / rates / revenue / multiyear
PD101808,2024-05-04,Construction,Sector outlook deteriorating; industry volumes down 9% and two regional competitors filed for Chapter 11 this year. Borrower exposed to the same demand drivers.,7,7,0,No Change,industry_headwinds,0,sector / margin / outlook / operating
PD101809,2025-05-06,Oil & Gas,Ownership dispute among family shareholders is distracting management. Succession plan remains undocumented despite repeated requests at annual review.,3,5,2,Downgrade,management_turnover,6,annual / raised / repeated / concerns
PD101810,2024-05-08,Retail,Borrower breached the maximum leverage covenant in Q2 2025; reported 6.0x against a 4.1x threshold. Waiver request under negotiation with the bank group.,10,12,2,Downgrade,covenant_breach,19,covenants / covenant / test / additional
PD101811,2024-07-08,Transportation,"Refinancing risk elevated. The borrower's bonds trade at 57 cents on the dollar, signaling constrained capital markets access.",8,10,2,Downgrade,refinancing_risk,7,refinancing risk / risk elevated / trade / capital
PD101812,2024-05-07,Commercial Real Estate,Turnaround gaining traction: EBITDA up 40% year over year and margins recovered to 16%. Cost actions delivered ahead of plan.,9,9,0,No Change,performance_improvement,9,ebitda / qualified / compliance / missed
PD101813,2024-07-03,Manufacturing,Successful refinancing completed; maturities extended to 2029 at improved pricing. Near-term refinancing risk eliminated.,8,7,-1,Upgrade,deleveraging,15,refinancing / committed / market / term
PD101814,2024-05-11,Agriculture,Prolonged softness in the freight market; spot rates below breakeven for 6 consecutive quarters. Fleet utilization at 70%.,12,13,1,Downgrade,industry_headwinds,13,hedges / rates / market / quarters
PD101815,2024-09-19,Manufacturing,Borrower delinquent on quarterly reporting for the second time this year. Field exam identified borrowing base discrepancies of approximately $12M.,5,7,2,Downgrade,reporting_delinquency,5,covenant / test / revolver utilization / discrepancies approximately
PD101816,2025-01-07,Hospitality,Audited financial statements are 75 days past due. Auditor cited unresolved revenue recognition matters; a going concern qualification has not been ruled out.,7,8,1,Downgrade,reporting_delinquency,9,ebitda / qualified / compliance / missed
PD101817,2024-01-01,Commercial Real Estate,Loss of a major account announced; $64M of annual revenue affected beginning next quarter. Concentration risk previously flagged at underwriting.,7,7,0,No Change,customer_concentration,13,hedges / rates / market / quarters
PD101818,2025-06-15,Oil & Gas,EBITDA declined 16% versus plan on volume weakness and pricing pressure. Cost reduction program announced but savings not yet visible in results.,9,10,1,Downgrade,revenue_decline,21,pricing pressure / pressure / visible results / visible
PD101819,2024-11-16,Hospitality,"Leverage remains elevated at 6.6x with no clear deleveraging path. PIK toggle exercised on the mezzanine tranche this period, growing the debt stack.",7,9,2,Downgrade,refinancing_risk,8,period / debt / elevated / leverage
PD101820,2024-08-02,Business Services,EPA notice of violation received relating to the primary facility. Remediation cost estimates range up to $46M; operations could face interruption.,4,4,0,No Change,legal_regulatory,4,exposure / filed / new / approximately
PD101821,2024-08-30,Manufacturing,Sector outlook deteriorating; industry volumes down 18% and two regional competitors filed for Chapter 11 this year. Borrower exposed to the same demand drivers.,9,10,1,Downgrade,industry_headwinds,0,sector / margin / outlook / operating
PD101822,2024-08-08,Healthcare,CEO transition announced amid board disagreement over strategy. Key-person risk elevated given founder's central role in top customer relationships.,6,6,0,No Change,management_turnover,6,annual / raised / repeated / concerns
PD101823,2024-10-11,Healthcare,Margin erosion accelerating; operating margin at 5% versus 9% prior year. Competitive discounting in the sector shows no sign of abating.,7,9,2,Downgrade,revenue_decline,0,sector / margin / outlook / operating
PD101824,2024-09-23,Transportation,Prolonged softness in the freight market; spot rates below breakeven for 6 consecutive quarters. Fleet utilization at 62%.,7,9,2,Downgrade,industry_headwinds,13,hedges / rates / market / quarters
PD101825,2025-03-11,Business Services,Operating cash flow turned negative in Q4 2025. Working capital squeeze evident; payables stretched beyond 65 days and the borrower requested a temporary overadvance.,6,7,1,Downgrade,liquidity_stress,3,capital / operating / days / borrowing
PD101826,2024-10-02,Wholesale Trade,Fixed charge coverage covenant violation reported. FCCR of 0.9x versus required 1.10x. This is the second consecutive quarterly breach; amendment discussions ongoing.,8,8,0,No Change,covenant_breach,17,fccr / equity / breach / sponsor
PD101827,2025-06-07,Agriculture,Debt maturity wall approaching; 63% of funded debt comes due within 18 months. Sponsor exploring amend-and-extend but lender appetite is uncertain.,10,12,2,Downgrade,refinancing_risk,20,debt / sponsor / months / 
PD101828,2024-11-19,Transportation,Borrower delinquent on quarterly reporting for the second time this year. Field exam identified borrowing base discrepancies of approximately $8M.,5,7,2,Downgrade,reporting_delinquency,5,covenant / test / revolver utilization / discrepancies approximately
PD101829,2024-09-10,Retail,Liquidity concerns escalating. The borrower missed a scheduled sweep and drew the remaining $3M of revolver availability to fund payroll. Treasury reports minimal headroom.,3,5,2,Downgrade,liquidity_stress,2,headroom / concerns / missed / revolver
PD101830,2025-02-20,Retail,Significant cash burn observed. Unrestricted cash fell 37% quarter over quarter and the company is deferring capex to preserve liquidity. Monitoring weekly 13-week cash flow forecasts.,9,13,4,Downgrade,liquidity_stress,12,cash / significant / capex / monitoring
PD101831,2024-12-07,Oil & Gas,"Sponsor injected $96M of fresh equity, curing the covenant breach and funding the growth capex program. Liquidity restored to $41M.",5,3,-2,Upgrade,deleveraging,17,fccr / equity / breach / sponsor
PD101832,2024-04-10,Transportation,Borrower delinquent on quarterly reporting for the second time this year. Field exam identified borrowing base discrepancies of approximately $5M.,3,4,1,Downgrade,reporting_delinquency,5,covenant / test / revolver utilization / discrepancies approximately
PD101833,2024-11-09,Agriculture,Strong Q4 2024 results with revenue growth of 11% and record backlog of $129M. Guidance raised for the full year.,8,5,-3,Upgrade,performance_improvement,0,sector / margin / outlook / operating
PD101834,2024-12-23,Business Services,Governance concerns raised after the audit committee chair stepped down. Board composition now lacks independent financial expertise.,7,7,0,No Change,management_turnover,6,annual / raised / repeated / concerns
PD101835,2024-04-11,Manufacturing,Springing covenant triggered as revolver utilization exceeded 34%. Borrower is now subject to full quarterly covenant testing and failed the first leverage test.,8,10,2,Downgrade,covenant_breach,5,covenant / test / revolver utilization / discrepancies approximately
PD101836,2024-07-04,Technology,Fixed charge coverage covenant violation reported. FCCR of 0.8x versus required 1.10x. This is the second consecutive quarterly breach; amendment discussions ongoing.,5,7,2,Downgrade,covenant_breach,17,fccr / equity / breach / sponsor
PD101837,2025-02-16,Construction,Operational restructuring complete; plant consolidation yields $22M of annualized savings. Order intake trending 29% above prior year.,9,9,0,No Change,performance_improvement,11,customer / concentration / product / order
PD101838,2024-01-10,Wholesale Trade,OFAC compliance review identified potential sanctions exposure in an overseas subsidiary. Enhanced monitoring in place pending outside counsel findings.,8,9,1,Downgrade,legal_regulatory,4,exposure / filed / new / approximately
PD101839,2024-05-26,Transportation,"Leverage remains elevated at 7.3x with no clear deleveraging path. PIK toggle exercised on the mezzanine tranche this period, growing the debt stack.",7,10,3,Downgrade,refinancing_risk,8,period / debt / elevated / leverage
PD101840,2025-01-14,Business Services,Cash flow from operations insufficient to cover fixed charges this cycle. FCCR dropped to 0.9x. Sponsor has been approached for an equity injection to shore up liquidity.,5,5,0,No Change,liquidity_stress,17,fccr / equity / breach / sponsor
PD101841,2025-04-13,Healthcare,Borrower delinquent on quarterly reporting for the second time this year. Field exam identified borrowing base discrepancies of approximately $12M.,12,13,1,Downgrade,reporting_delinquency,5,covenant / test / revolver utilization / discrepancies approximately
PD101842,2025-05-29,Oil & Gas,Liquidity concerns escalating. The borrower missed a scheduled sweep and drew the remaining $14M of revolver availability to fund payroll. Treasury reports minimal headroom.,7,8,1,Downgrade,liquidity_stress,2,headroom / concerns / missed / revolver
PD101843,2024-08-22,Oil & Gas,"Sponsor injected $69M of fresh equity, curing the covenant breach and funding the growth capex program. Liquidity restored to $96M.",4,1,-3,Upgrade,deleveraging,17,fccr / equity / breach / sponsor
PD101844,2024-03-22,Retail,Term loan of $206M matures in 12 months with no committed refinancing. Current leverage of 6.9x makes a market refinance challenging.,4,7,3,Downgrade,refinancing_risk,15,refinancing / committed / market / term
PD101845,2024-06-18,Agriculture,CEO transition announced amid board disagreement over strategy. Key-person risk elevated given founder's central role in top customer relationships.,6,6,0,No Change,management_turnover,6,annual / raised / repeated / concerns
PD101846,2025-05-19,Manufacturing,Borrower has fully drawn the revolver with utilization at 87%. Cash position declined to $13M and liquidity runway is under 5 months without additional support.,9,11,2,Downgrade,liquidity_stress,16,position / revolver utilization / revolver / additional
PD101847,2024-05-19,Construction,Minimum EBITDA covenant missed by 29%. Compliance certificate delivered late with a qualified calculation. Documentation team reviewing reservation of rights letter.,7,8,1,Downgrade,covenant_breach,9,ebitda / qualified / compliance / missed
PD101848,2024-05-07,Transportation,Liquidity concerns escalating. The borrower missed a scheduled sweep and drew the remaining $19M of revolver availability to fund payroll. Treasury reports minimal headroom.,7,9,2,Downgrade,liquidity_stress,2,headroom / concerns / missed / revolver
PD101849,2024-01-08,Business Services,Class action lawsuit filed alleging product defects; potential exposure estimated at $58M. Insurance coverage position remains unclear.,6,8,2,Downgrade,legal_regulatory,4,exposure / filed / new / approximately
PD101850,2024-09-07,Business Services,Largest customer filed for bankruptcy protection; receivable exposure of $20M likely impaired. Trade credit insurance covers only a portion.,8,10,2,Downgrade,customer_concentration,4,exposure / filed / new / approximately
PD101851,2024-06-21,Wholesale Trade,Prolonged softness in the freight market; spot rates below breakeven for 3 consecutive quarters. Fleet utilization at 79%.,8,9,1,Downgrade,industry_headwinds,13,hedges / rates / market / quarters
PD101852,2025-01-10,Healthcare,"Leverage remains elevated at 7.8x with no clear deleveraging path. PIK toggle exercised on the mezzanine tranche this period, growing the debt stack.",5,6,1,Downgrade,refinancing_risk,8,period / debt / elevated / leverage
PD101853,2025-03-08,Construction,Contract repricing with the anchor customer cut unit margins 21%. Borrower has limited negotiating leverage given dependence on this relationship.,6,8,2,Downgrade,customer_concentration,19,covenants / covenant / test / additional
PD101854,2024-04-25,Technology,"Adverse arbitration ruling requires payment of $15M within 90 days, straining liquidity. Appeal under consideration but counsel views prospects as limited.",9,11,2,Downgrade,legal_regulatory,10,auditor / inventory / period / counsel
PD101855,2024-08-06,Manufacturing,Strong Q1 2025 results with revenue growth of 17% and record backlog of $287M. Guidance raised for the full year.,9,6,-3,Upgrade,performance_improvement,0,sector / margin / outlook / operating
PD101856,2025-06-11,Manufacturing,Operational restructuring complete; plant consolidation yields $17M of annualized savings. Order intake trending 16% above prior year.,12,10,-2,Upgrade,performance_improvement,11,customer / concentration / product / order
PD101857,2024-02-28,Technology,Minimum EBITDA covenant missed by 27%. Compliance certificate delivered late with a qualified calculation. Documentation team reviewing reservation of rights letter.,7,7,0,No Change,covenant_breach,9,ebitda / qualified / compliance / missed
PD101858,2024-01-06,Technology,Borrower has fully drawn the revolver with utilization at 99%. Cash position declined to $7M and liquidity runway is under 5 months without additional support.,7,12,5,Downgrade,liquidity_stress,16,position / revolver utilization / revolver / additional
PD101859,2025-03-17,Construction,Fixed charge coverage covenant violation reported. FCCR of 0.8x versus required 1.10x. This is the second consecutive quarterly breach; amendment discussions ongoing.,3,3,0,No Change,covenant_breach,17,fccr / equity / breach / sponsor
PD101860,2024-06-06,Transportation,New tariffs raise landed costs approximately 12% on the borrower's primary import lines. Ability to pass through to customers is unproven.,7,8,1,Downgrade,industry_headwinds,4,exposure / filed / new / approximately
PD101861,2024-06-08,Wholesale Trade,Top customer representing 54% of revenue did not renew its contract at term. Replacement pipeline covers less than half of the lost volume.,5,8,3,Downgrade,customer_concentration,1,sales / lowered fullyear / fullyear / continues
PD101862,2025-01-18,Oil & Gas,Significant cash burn observed. Unrestricted cash fell 44% quarter over quarter and the company is deferring capex to preserve liquidity. Monitoring weekly 13-week cash flow forecasts.,5,6,1,Downgrade,liquidity_stress,12,cash / significant / capex / monitoring
PD101863,2024-10-02,Retail,Financial covenants tripped at the Q4 2024 test date. The borrower requested a covenant holiday through year end. Pricing step-up and additional reporting agreed as conditions.,4,6,2,Downgrade,covenant_breach,19,covenants / covenant / test / additional
PD101864,2025-03-20,Manufacturing,Same-store sales fell 19% and foot traffic remains weak. Inventory build of $15M raises markdown risk into next season.,8,11,3,Downgrade,revenue_decline,1,sales / lowered fullyear / fullyear / continues
PD101865,2024-07-22,Retail,EBITDA declined 43% versus plan on volume weakness and pricing pressure. Cost reduction program announced but savings not yet visible in results.,10,10,0,No Change,revenue_decline,21,pricing pressure / pressure / visible results / visible
PD101866,2024-12-05,Manufacturing,Operating cash flow turned negative in Q3 2024. Working capital squeeze evident; payables stretched beyond 68 days and the borrower requested a temporary overadvance.,7,9,2,Downgrade,liquidity_stress,3,capital / operating / days / borrowing
PD101867,2025-05-22,Wholesale Trade,Strong Q2 2025 results with revenue growth of 16% and record backlog of $100M. Guidance raised for the full year.,5,2,-3,Upgrade,performance_improvement,0,sector / margin / outlook / operating
PD101868,2025-02-13,Hospitality,Borrower delinquent on quarterly reporting for the second time this year. Field exam identified borrowing base discrepancies of approximately $7M.,6,8,2,Downgrade,reporting_delinquency,5,covenant / test / revolver utilization / discrepancies approximately
PD101869,2024-01-22,Healthcare,"Interest burden up sharply post rate resets; cash interest coverage at 1.1x. Hedges expired and were not replaced, leaving full floating-rate exposure.",5,5,0,No Change,refinancing_risk,13,hedges / rates / market / quarters
PD101870,2024-02-23,Wholesale Trade,Operating cash flow turned negative in Q3 2024. Working capital squeeze evident; payables stretched beyond 109 days and the borrower requested a temporary overadvance.,8,10,2,Downgrade,liquidity_stress,3,capital / operating / days / borrowing
PD101871,2024-01-09,Transportation,"Significant management turnover noted: controller, treasurer, and head of operations all departed within two quarters. Institutional knowledge loss is a concern for reporting quality.",5,5,0,No Change,management_turnover,6,annual / raised / repeated / concerns
PD101872,2024-03-25,Transportation,"Adverse arbitration ruling requires payment of $23M within 90 days, straining liquidity. Appeal under consideration but counsel views prospects as limited.",5,7,2,Downgrade,legal_regulatory,10,auditor / inventory / period / counsel
PD101873,2024-04-27,Oil & Gas,Operating cash flow turned negative in Q2 2024. Working capital squeeze evident; payables stretched beyond 75 days and the borrower requested a temporary overadvance.,8,10,2,Downgrade,liquidity_stress,3,capital / operating / days / borrowing
PD101874,2024-07-22,Construction,Borrower delinquent on quarterly reporting for the second time this year. Field exam identified borrowing base discrepancies of approximately $12M.,12,14,2,Downgrade,reporting_delinquency,5,covenant / test / revolver utilization / discrepancies approximately
PD101875,2024-07-04,Commercial Real Estate,Revenue contracted 32% year over year driven by softening demand. Gross margin compressed 523 bps on input cost inflation the borrower could not pass through.,7,10,3,Downgrade,revenue_decline,18,pass / demand / margin / cost
PD101876,2024-05-03,Healthcare,Cash flow from operations insufficient to cover fixed charges this cycle. FCCR dropped to 0.8x. Sponsor has been approached for an equity injection to shore up liquidity.,7,8,1,Downgrade,liquidity_stress,17,fccr / equity / breach / sponsor
PD101877,2024-07-15,Healthcare,"New contract wins add $19M of committed multi-year revenue, diversifying the customer base and improving visibility.",9,7,-2,Upgrade,performance_improvement,14,regulatory / rates / revenue / multiyear
PD101878,2024-04-03,Manufacturing,Largest customer filed for bankruptcy protection; receivable exposure of $3M likely impaired. Trade credit insurance covers only a portion.,8,9,1,Downgrade,customer_concentration,4,exposure / filed / new / approximately
PD101879,2024-08-24,Commercial Real Estate,Minimum EBITDA covenant missed by 21%. Compliance certificate delivered late with a qualified calculation. Documentation team reviewing reservation of rights letter.,7,7,0,No Change,covenant_breach,9,ebitda / qualified / compliance / missed
PD101880,2025-06-06,Transportation,"Refinancing risk elevated. The borrower's bonds trade at 68 cents on the dollar, signaling constrained capital markets access.",7,8,1,Downgrade,refinancing_risk,7,refinancing risk / risk elevated / trade / capital
PD101881,2025-01-07,Oil & Gas,Sector outlook deteriorating; industry volumes down 12% and two regional competitors filed for Chapter 11 this year. Borrower exposed to the same demand drivers.,10,10,0,No Change,industry_headwinds,0,sector / margin / outlook / operating
PD101882,2024-02-18,Healthcare,Financial covenants tripped at the Q4 2024 test date. The borrower requested a covenant holiday through year end. Pricing step-up and additional reporting agreed as conditions.,8,11,3,Downgrade,covenant_breach,19,covenants / covenant / test / additional
PD101883,2024-11-25,Commercial Real Estate,Audited financial statements are 60 days past due. Auditor cited unresolved revenue recognition matters; a going concern qualification has not been ruled out.,5,5,0,No Change,reporting_delinquency,6,annual / raised / repeated / concerns
PD101884,2024-04-13,Transportation,Significant cash burn observed. Unrestricted cash fell 60% quarter over quarter and the company is deferring capex to preserve liquidity. Monitoring weekly 13-week cash flow forecasts.,8,12,4,Downgrade,liquidity_stress,12,cash / significant / capex / monitoring
PD101885,2025-01-07,Technology,Debt maturity wall approaching; 56% of funded debt comes due within 18 months. Sponsor exploring amend-and-extend but lender appetite is uncertain.,8,10,2,Downgrade,refinancing_risk,20,debt / sponsor / months / 
PD101886,2024-01-14,Wholesale Trade,"Auditor issued a qualified opinion related to inventory valuation. Management restated prior period results, reducing retained earnings by $6M.",7,7,0,No Change,reporting_delinquency,10,auditor / inventory / period / counsel
PD101887,2025-01-05,Business Services,Contract repricing with the anchor customer cut unit margins 14%. Borrower has limited negotiating leverage given dependence on this relationship.,7,10,3,Downgrade,customer_concentration,18,pass / demand / margin / cost
PD101888,2024-10-09,Commercial Real Estate,Operational restructuring complete; plant consolidation yields $21M of annualized savings. Order intake trending 29% above prior year.,6,3,-3,Upgrade,performance_improvement,11,customer / concentration / product / order
PD101889,2024-05-13,Wholesale Trade,Operational restructuring complete; plant consolidation yields $17M of annualized savings. Order intake trending 12% above prior year.,8,7,-1,Upgrade,performance_improvement,11,customer / concentration / product / order
PD101890,2024-07-14,Commercial Real Estate,OFAC compliance review identified potential sanctions exposure in an overseas subsidiary. Enhanced monitoring in place pending outside counsel findings.,5,6,1,Downgrade,legal_regulatory,4,exposure / filed / new / approximately
PD101891,2024-12-17,Oil & Gas,Minimum EBITDA covenant missed by 11%. Compliance certificate delivered late with a qualified calculation. Documentation team reviewing reservation of rights letter.,4,4,0,No Change,covenant_breach,9,ebitda / qualified / compliance / missed
PD101892,2024-02-14,Healthcare,Same-store sales fell 11% and foot traffic remains weak. Inventory build of $39M raises markdown risk into next season.,6,7,1,Downgrade,revenue_decline,1,sales / lowered fullyear / fullyear / continues
PD101893,2024-09-15,Hospitality,Borrower delinquent on quarterly reporting for the second time this year. Field exam identified borrowing base discrepancies of approximately $8M.,3,4,1,Downgrade,reporting_delinquency,5,covenant / test / revolver utilization / discrepancies approximately
PD101894,2024-04-30,Transportation,Key customer initiated in-sourcing of the borrower's product line. Customer concentration remains high with top three accounts at 61% of sales.,8,10,2,Downgrade,customer_concentration,11,customer / concentration / product / order
PD101895,2025-05-30,Manufacturing,Revenue contracted 25% year over year driven by softening demand. Gross margin compressed 364 bps on input cost inflation the borrower could not pass through.,6,8,2,Downgrade,revenue_decline,18,pass / demand / margin / cost
PD101896,2024-03-03,Business Services,Operating cash flow turned negative in Q3 2024. Working capital squeeze evident; payables stretched beyond 78 days and the borrower requested a temporary overadvance.,9,9,0,No Change,liquidity_stress,3,capital / operating / days / borrowing
PD101897,2025-06-09,Retail,Fixed charge coverage covenant violation reported. FCCR of 1.0x versus required 1.10x. This is the second consecutive quarterly breach; amendment discussions ongoing.,8,11,3,Downgrade,covenant_breach,17,fccr / equity / breach / sponsor
PD101898,2025-02-03,Transportation,Fixed charge coverage covenant violation reported. FCCR of 0.9x versus required 1.10x. This is the second consecutive quarterly breach; amendment discussions ongoing.,10,14,4,Downgrade,covenant_breach,17,fccr / equity / breach / sponsor
PD101899,2024-06-12,Agriculture,"Leverage remains elevated at 6.2x with no clear deleveraging path. PIK toggle exercised on the mezzanine tranche this period, growing the debt stack.",8,9,1,Downgrade,refinancing_risk,8,period / debt / elevated / leverage
PD101900,2025-06-09,Construction,Topline deterioration continues for a third consecutive quarter. Sales down 8% and order backlog thinning. Management lowered full-year guidance materially.,4,4,0,No Change,revenue_decline,1,sales / lowered fullyear / fullyear / continues
PD101901,2024-10-30,Business Services,Prolonged softness in the freight market; spot rates below breakeven for 5 consecutive quarters. Fleet utilization at 69%.,8,8,0,No Change,industry_headwinds,13,hedges / rates / market / quarters
PD101902,2024-08-17,Manufacturing,Key customer initiated in-sourcing of the borrower's product line. Customer concentration remains high with top three accounts at 67% of sales.,11,11,0,No Change,customer_concentration,11,customer / concentration / product / order
PD101903,2024-05-31,Oil & Gas,"Leverage remains elevated at 6.1x with no clear deleveraging path. PIK toggle exercised on the mezzanine tranche this period, growing the debt stack.",9,9,0,No Change,refinancing_risk,8,period / debt / elevated / leverage
PD101904,2024-02-22,Wholesale Trade,Topline deterioration continues for a third consecutive quarter. Sales down 16% and order backlog thinning. Management lowered full-year guidance materially.,10,12,2,Downgrade,revenue_decline,1,sales / lowered fullyear / fullyear / continues
PD101905,2024-01-02,Wholesale Trade,Topline deterioration continues for a third consecutive quarter. Sales down 14% and order backlog thinning. Management lowered full-year guidance materially.,6,6,0,No Change,revenue_decline,1,sales / lowered fullyear / fullyear / continues
PD101906,2025-01-12,Technology,Key customer initiated in-sourcing of the borrower's product line. Customer concentration remains high with top three accounts at 70% of sales.,7,9,2,Downgrade,customer_concentration,11,customer / concentration / product / order
PD101907,2024-10-28,Technology,Term loan of $331M matures in 10 months with no committed refinancing. Current leverage of 6.8x makes a market refinance challenging.,9,10,1,Downgrade,refinancing_risk,15,refinancing / committed / market / term
PD101908,2024-08-12,Business Services,Class action lawsuit filed alleging product defects; potential exposure estimated at $12M. Insurance coverage position remains unclear.,6,8,2,Downgrade,legal_regulatory,4,exposure / filed / new / approximately
PD101909,2024-01-17,Hospitality,Significant cash burn observed. Unrestricted cash fell 41% quarter over quarter and the company is deferring capex to preserve liquidity. Monitoring weekly 13-week cash flow forecasts.,4,6,2,Downgrade,liquidity_stress,12,cash / significant / capex / monitoring
PD101910,2025-01-26,Wholesale Trade,Margin erosion accelerating; operating margin at 1% versus 13% prior year. Competitive discounting in the sector shows no sign of abating.,6,9,3,Downgrade,revenue_decline,0,sector / margin / outlook / operating
PD101911,2024-07-30,Construction,"Auditor issued a qualified opinion related to inventory valuation. Management restated prior period results, reducing retained earnings by $23M.",6,7,1,Downgrade,reporting_delinquency,10,auditor / inventory / period / counsel
PD101912,2025-02-08,Healthcare,Operating cash flow turned negative in Q3 2025. Working capital squeeze evident; payables stretched beyond 73 days and the borrower requested a temporary overadvance.,4,6,2,Downgrade,liquidity_stress,3,capital / operating / days / borrowing
PD101913,2025-03-20,Technology,"New contract wins add $44M of committed multi-year revenue, diversifying the customer base and improving visibility.",5,3,-2,Upgrade,performance_improvement,14,regulatory / rates / revenue / multiyear
PD101914,2024-07-04,Construction,Borrower delinquent on quarterly reporting for the second time this year. Field exam identified borrowing base discrepancies of approximately $9M.,9,9,0,No Change,reporting_delinquency,5,covenant / test / revolver utilization / discrepancies approximately
PD101915,2025-05-17,Business Services,New tariffs raise landed costs approximately 15% on the borrower's primary import lines. Ability to pass through to customers is unproven.,3,4,1,Downgrade,industry_headwinds,4,exposure / filed / new / approximately
PD101916,2024-11-13,Healthcare,Borrower delinquent on quarterly reporting for the second time this year. Field exam identified borrowing base discrepancies of approximately $12M.,6,7,1,Downgrade,reporting_delinquency,5,covenant / test / revolver utilization / discrepancies approximately
PD101917,2025-03-12,Commercial Real Estate,Operating cash flow turned negative in Q4 2024. Working capital squeeze evident; payables stretched beyond 64 days and the borrower requested a temporary overadvance.,10,12,2,Downgrade,liquidity_stress,3,capital / operating / days / borrowing
PD101918,2025-02-16,Retail,Repeated delays in delivering compliance certificates and monthly borrowing base certificates. Finance function appears under-resourced following staff departures.,5,6,1,Downgrade,reporting_delinquency,3,capital / operating / days / borrowing
PD101919,2024-01-13,Agriculture,Springing covenant triggered as revolver utilization exceeded 32%. Borrower is now subject to full quarterly covenant testing and failed the first leverage test.,9,10,1,Downgrade,covenant_breach,5,covenant / test / revolver utilization / discrepancies approximately
PD101920,2024-01-14,Wholesale Trade,Turnaround gaining traction: EBITDA up 39% year over year and margins recovered to 15%. Cost actions delivered ahead of plan.,6,6,0,No Change,performance_improvement,9,ebitda / qualified / compliance / missed
PD101921,2024-05-26,Wholesale Trade,Borrower has fully drawn the revolver with utilization at 89%. Cash position declined to $5M and liquidity runway is under 9 months without additional support.,8,8,0,No Change,liquidity_stress,16,position / revolver utilization / revolver / additional
PD101922,2024-01-10,Retail,Springing covenant triggered as revolver utilization exceeded 30%. Borrower is now subject to full quarterly covenant testing and failed the first leverage test.,3,4,1,Downgrade,covenant_breach,5,covenant / test / revolver utilization / discrepancies approximately
PD101923,2024-03-28,Commercial Real Estate,"Leverage remains elevated at 7.3x with no clear deleveraging path. PIK toggle exercised on the mezzanine tranche this period, growing the debt stack.",8,10,2,Downgrade,refinancing_risk,8,period / debt / elevated / leverage
PD101924,2024-12-05,Construction,Operating cash flow turned negative in Q4 2025. Working capital squeeze evident; payables stretched beyond 112 days and the borrower requested a temporary overadvance.,6,6,0,No Change,liquidity_stress,3,capital / operating / days / borrowing
PD101925,2024-09-30,Wholesale Trade,New tariffs raise landed costs approximately 17% on the borrower's primary import lines. Ability to pass through to customers is unproven.,10,10,0,No Change,industry_headwinds,4,exposure / filed / new / approximately
PD101926,2024-02-15,Retail,OFAC compliance review identified potential sanctions exposure in an overseas subsidiary. Enhanced monitoring in place pending outside counsel findings.,7,9,2,Downgrade,legal_regulatory,4,exposure / filed / new / approximately
PD101927,2025-06-07,Transportation,OFAC compliance review identified potential sanctions exposure in an overseas subsidiary. Enhanced monitoring in place pending outside counsel findings.,5,5,0,No Change,legal_regulatory,4,exposure / filed / new / approximately
PD101928,2024-01-25,Commercial Real Estate,Topline deterioration continues for a third consecutive quarter. Sales down 8% and order backlog thinning. Management lowered full-year guidance materially.,3,4,1,Downgrade,revenue_decline,1,sales / lowered fullyear / fullyear / continues
PD101929,2024-08-19,Wholesale Trade,Voluntary prepayment of $59M made this quarter. FCCR improved to 1.6x and all covenants passed with comfortable headroom.,6,4,-2,Upgrade,deleveraging,10,auditor / inventory / period / counsel
PD101930,2024-04-25,Construction,"Regulatory change effective next year is expected to reduce reimbursement rates by 15%, directly compressing borrower revenue in its core segment.",7,7,0,No Change,industry_headwinds,14,regulatory / rates / revenue / multiyear
PD101931,2024-08-17,Retail,CEO transition announced amid board disagreement over strategy. Key-person risk elevated given founder's central role in top customer relationships.,8,10,2,Downgrade,management_turnover,6,annual / raised / repeated / concerns
PD101932,2024-12-07,Retail,"Significant management turnover noted: controller, treasurer, and head of operations all departed within two quarters. Institutional knowledge loss is a concern for reporting quality.",4,4,0,No Change,management_turnover,6,annual / raised / repeated / concerns
PD101933,2024-06-03,Healthcare,Key customer initiated in-sourcing of the borrower's product line. Customer concentration remains high with top three accounts at 52% of sales.,7,10,3,Downgrade,customer_concentration,11,customer / concentration / product / order
PD101934,2024-07-04,Wholesale Trade,Liquidity concerns escalating. The borrower missed a scheduled sweep and drew the remaining $19M of revolver availability to fund payroll. Treasury reports minimal headroom.,8,11,3,Downgrade,liquidity_stress,2,headroom / concerns / missed / revolver
PD101935,2024-11-04,Agriculture,"Regulatory change effective next year is expected to reduce reimbursement rates by 7%, directly compressing borrower revenue in its core segment.",8,9,1,Downgrade,industry_headwinds,14,regulatory / rates / revenue / multiyear
PD101936,2025-05-26,Wholesale Trade,"Sponsor injected $59M of fresh equity, curing the covenant breach and funding the growth capex program. Liquidity restored to $43M.",8,6,-2,Upgrade,deleveraging,17,fccr / equity / breach / sponsor
PD101937,2024-06-01,Wholesale Trade,Financial covenants tripped at the Q3 2024 test date. The borrower requested a covenant holiday through year end. Pricing step-up and additional reporting agreed as conditions.,8,9,1,Downgrade,covenant_breach,19,covenants / covenant / test / additional
PD101938,2025-02-03,Construction,CEO transition announced amid board disagreement over strategy. Key-person risk elevated given founder's central role in top customer relationships.,9,10,1,Downgrade,management_turnover,6,annual / raised / repeated / concerns
PD101939,2025-03-13,Business Services,"New contract wins add $119M of committed multi-year revenue, diversifying the customer base and improving visibility.",6,6,0,No Change,performance_improvement,14,regulatory / rates / revenue / multiyear
PD101940,2024-05-10,Healthcare,"Auditor issued a qualified opinion related to inventory valuation. Management restated prior period results, reducing retained earnings by $7M.",4,4,0,No Change,reporting_delinquency,10,auditor / inventory / period / counsel
PD101941,2025-05-21,Transportation,Repeated delays in delivering compliance certificates and monthly borrowing base certificates. Finance function appears under-resourced following staff departures.,9,9,0,No Change,reporting_delinquency,3,capital / operating / days / borrowing
PD101942,2024-09-08,Transportation,Same-store sales fell 18% and foot traffic remains weak. Inventory build of $26M raises markdown risk into next season.,8,10,2,Downgrade,revenue_decline,1,sales / lowered fullyear / fullyear / continues
PD101943,2025-05-19,Hospitality,Liquidity concerns escalating. The borrower missed a scheduled sweep and drew the remaining $20M of revolver availability to fund payroll. Treasury reports minimal headroom.,7,8,1,Downgrade,liquidity_stress,2,headroom / concerns / missed / revolver
PD101944,2025-03-07,Hospitality,Margin erosion accelerating; operating margin at 2% versus 11% prior year. Competitive discounting in the sector shows no sign of abating.,4,4,0,No Change,revenue_decline,0,sector / margin / outlook / operating
PD101945,2024-01-03,Commercial Real Estate,Material weakness in internal controls disclosed. Segregation of duties issues in the treasury function; remediation plan requested by Q2 2024.,7,9,2,Downgrade,reporting_delinquency,2,headroom / concerns / missed / revolver
PD101946,2024-04-22,Manufacturing,Borrower has fully drawn the revolver with utilization at 96%. Cash position declined to $10M and liquidity runway is under 6 months without additional support.,4,7,3,Downgrade,liquidity_stress,16,position / revolver utilization / revolver / additional
PD101947,2024-05-22,Oil & Gas,EPA notice of violation received relating to the primary facility. Remediation cost estimates range up to $31M; operations could face interruption.,4,5,1,Downgrade,legal_regulatory,4,exposure / filed / new / approximately
PD101948,2025-03-07,Commercial Real Estate,Minimum EBITDA covenant missed by 12%. Compliance certificate delivered late with a qualified calculation. Documentation team reviewing reservation of rights letter.,5,8,3,Downgrade,covenant_breach,9,ebitda / qualified / compliance / missed
PD101949,2024-05-21,Retail,Loss of a major account announced; $38M of annual revenue affected beginning next quarter. Concentration risk previously flagged at underwriting.,6,6,0,No Change,customer_concentration,13,hedges / rates / market / quarters
PD101950,2025-03-10,Technology,New tariffs raise landed costs approximately 22% on the borrower's primary import lines. Ability to pass through to customers is unproven.,6,6,0,No Change,industry_headwinds,4,exposure / filed / new / approximately
PD101951,2024-05-30,Technology,Borrower breached the maximum leverage covenant in Q1 2024; reported 5.9x against a 4.1x threshold. Waiver request under negotiation with the bank group.,1,4,3,Downgrade,covenant_breach,19,covenants / covenant / test / additional
PD101952,2025-03-02,Healthcare,Strong Q1 2024 results with revenue growth of 10% and record backlog of $46M. Guidance raised for the full year.,7,6,-1,Upgrade,performance_improvement,0,sector / margin / outlook / operating
PD101953,2025-06-24,Business Services,New tariffs raise landed costs approximately 25% on the borrower's primary import lines. Ability to pass through to customers is unproven.,4,5,1,Downgrade,industry_headwinds,4,exposure / filed / new / approximately
PD101954,2025-03-30,Wholesale Trade,Financial covenants tripped at the Q4 2025 test date. The borrower requested a covenant holiday through year end. Pricing step-up and additional reporting agreed as conditions.,7,9,2,Downgrade,covenant_breach,19,covenants / covenant / test / additional
PD101955,2024-06-26,Hospitality,Borrower breached the maximum leverage covenant in Q3 2024; reported 5.0x against a 4.4x threshold. Waiver request under negotiation with the bank group.,8,8,0,No Change,covenant_breach,19,covenants / covenant / test / additional
PD101956,2025-03-09,Wholesale Trade,New tariffs raise landed costs approximately 10% on the borrower's primary import lines. Ability to pass through to customers is unproven.,8,9,1,Downgrade,industry_headwinds,4,exposure / filed / new / approximately
PD101957,2024-09-21,Agriculture,Minimum EBITDA covenant missed by 25%. Compliance certificate delivered late with a qualified calculation. Documentation team reviewing reservation of rights letter.,5,6,1,Downgrade,covenant_breach,9,ebitda / qualified / compliance / missed
PD101958,2025-03-09,Healthcare,Springing covenant triggered as revolver utilization exceeded 34%. Borrower is now subject to full quarterly covenant testing and failed the first leverage test.,9,11,2,Downgrade,covenant_breach,5,covenant / test / revolver utilization / discrepancies approximately
PD101959,2024-05-08,Business Services,"Auditor issued a qualified opinion related to inventory valuation. Management restated prior period results, reducing retained earnings by $5M.",8,9,1,Downgrade,reporting_delinquency,10,auditor / inventory / period / counsel
PD101960,2024-03-20,Business Services,Operating cash flow turned negative in Q4 2024. Working capital squeeze evident; payables stretched beyond 74 days and the borrower requested a temporary overadvance.,8,9,1,Downgrade,liquidity_stress,3,capital / operating / days / borrowing
PD101961,2025-02-18,Transportation,Repeated delays in delivering compliance certificates and monthly borrowing base certificates. Finance function appears under-resourced following staff departures.,7,8,1,Downgrade,reporting_delinquency,3,capital / operating / days / borrowing
PD101962,2025-03-10,Commercial Real Estate,Debt maturity wall approaching; 43% of funded debt comes due within 18 months. Sponsor exploring amend-and-extend but lender appetite is uncertain.,9,12,3,Downgrade,refinancing_risk,20,debt / sponsor / months / 
PD101963,2025-01-06,Agriculture,EBITDA declined 18% versus plan on volume weakness and pricing pressure. Cost reduction program announced but savings not yet visible in results.,7,7,0,No Change,revenue_decline,21,pricing pressure / pressure / visible results / visible
PD101964,2024-06-15,Hospitality,Significant cash burn observed. Unrestricted cash fell 31% quarter over quarter and the company is deferring capex to preserve liquidity. Monitoring weekly 13-week cash flow forecasts.,7,10,3,Downgrade,liquidity_stress,12,cash / significant / capex / monitoring
PD101965,2024-11-12,Commercial Real Estate,Revenue contracted 12% year over year driven by softening demand. Gross margin compressed 258 bps on input cost inflation the borrower could not pass through.,7,10,3,Downgrade,revenue_decline,18,pass / demand / margin / cost
PD101966,2024-09-03,Oil & Gas,Margin erosion accelerating; operating margin at 2% versus 13% prior year. Competitive discounting in the sector shows no sign of abating.,8,10,2,Downgrade,revenue_decline,0,sector / margin / outlook / operating
PD101967,2025-05-10,Manufacturing,Term loan of $341M matures in 15 months with no committed refinancing. Current leverage of 5.1x makes a market refinance challenging.,7,8,1,Downgrade,refinancing_risk,15,refinancing / committed / market / term
PD101968,2024-11-12,Manufacturing,Top customer representing 35% of revenue did not renew its contract at term. Replacement pipeline covers less than half of the lost volume.,6,6,0,No Change,customer_concentration,1,sales / lowered fullyear / fullyear / continues
PD101969,2025-02-11,Hospitality,Borrower returned to profitability after two loss-making years. Cash conversion improved and the revolver is now undrawn.,1,1,0,No Change,performance_improvement,16,position / revolver utilization / revolver / additional
PD101970,2024-05-12,Business Services,Operating cash flow turned negative in Q3 2025. Working capital squeeze evident; payables stretched beyond 106 days and the borrower requested a temporary overadvance.,6,9,3,Downgrade,liquidity_stress,3,capital / operating / days / borrowing
PD101971,2025-05-30,Retail,Sector outlook deteriorating; industry volumes down 13% and two regional competitors filed for Chapter 11 this year. Borrower exposed to the same demand drivers.,10,12,2,Downgrade,industry_headwinds,0,sector / margin / outlook / operating
PD101972,2025-01-26,Construction,Debt paydown ahead of schedule; net leverage now 2.8x. Rating outlook revised to stable given strengthened balance sheet.,2,1,-1,Upgrade,deleveraging,8,period / debt / elevated / leverage
PD101973,2024-06-14,Healthcare,Debt paydown ahead of schedule; net leverage now 2.8x. Rating outlook revised to stable given strengthened balance sheet.,4,4,0,No Change,deleveraging,8,period / debt / elevated / leverage
PD101974,2024-04-05,Business Services,Liquidity concerns escalating. The borrower missed a scheduled sweep and drew the remaining $5M of revolver availability to fund payroll. Treasury reports minimal headroom.,6,9,3,Downgrade,liquidity_stress,2,headroom / concerns / missed / revolver
PD101975,2024-05-24,Business Services,Debt maturity wall approaching; 53% of funded debt comes due within 18 months. Sponsor exploring amend-and-extend but lender appetite is uncertain.,4,6,2,Downgrade,refinancing_risk,20,debt / sponsor / months / 
PD101976,2025-06-19,Technology,Borrower delinquent on quarterly reporting for the second time this year. Field exam identified borrowing base discrepancies of approximately $10M.,7,8,1,Downgrade,reporting_delinquency,5,covenant / test / revolver utilization / discrepancies approximately
PD101977,2025-01-03,Agriculture,"Regulatory change effective next year is expected to reduce reimbursement rates by 7%, directly compressing borrower revenue in its core segment.",10,11,1,Downgrade,industry_headwinds,14,regulatory / rates / revenue / multiyear
PD101978,2025-01-31,Commercial Real Estate,"Adverse arbitration ruling requires payment of $7M within 90 days, straining liquidity. Appeal under consideration but counsel views prospects as limited.",7,7,0,No Change,legal_regulatory,10,auditor / inventory / period / counsel
PD101979,2024-05-26,Oil & Gas,Strong Q1 2024 results with revenue growth of 23% and record backlog of $89M. Guidance raised for the full year.,8,7,-1,Upgrade,performance_improvement,0,sector / margin / outlook / operating
PD101980,2024-11-17,Healthcare,Margin erosion accelerating; operating margin at 1% versus 11% prior year. Competitive discounting in the sector shows no sign of abating.,5,5,0,No Change,revenue_decline,0,sector / margin / outlook / operating
PD101981,2025-01-07,Technology,Financial covenants tripped at the Q2 2024 test date. The borrower requested a covenant holiday through year end. Pricing step-up and additional reporting agreed as conditions.,5,6,1,Downgrade,covenant_breach,19,covenants / covenant / test / additional
PD101982,2024-09-21,Construction,Borrower has fully drawn the revolver with utilization at 87%. Cash position declined to $4M and liquidity runway is under 8 months without additional support.,7,10,3,Downgrade,liquidity_stress,16,position / revolver utilization / revolver / additional
PD101983,2024-05-23,Retail,"Refinancing risk elevated. The borrower's bonds trade at 79 cents on the dollar, signaling constrained capital markets access.",6,8,2,Downgrade,refinancing_risk,7,refinancing risk / risk elevated / trade / capital
PD101984,2024-10-20,Transportation,Material weakness in internal controls disclosed. Segregation of duties issues in the treasury function; remediation plan requested by Q4 2024.,8,10,2,Downgrade,reporting_delinquency,2,headroom / concerns / missed / revolver
PD101985,2024-11-17,Technology,Same-store sales fell 9% and foot traffic remains weak. Inventory build of $33M raises markdown risk into next season.,8,8,0,No Change,revenue_decline,1,sales / lowered fullyear / fullyear / continues
PD101986,2024-02-13,Agriculture,Borrower has fully drawn the revolver with utilization at 98%. Cash position declined to $10M and liquidity runway is under 6 months without additional support.,5,7,2,Downgrade,liquidity_stress,16,position / revolver utilization / revolver / additional
PD101987,2025-02-12,Retail,Borrower breached the maximum leverage covenant in Q2 2024; reported 5.0x against a 3.6x threshold. Waiver request under negotiation with the bank group.,6,9,3,Downgrade,covenant_breach,19,covenants / covenant / test / additional
PD101988,2024-04-05,Technology,Fixed charge coverage covenant violation reported. FCCR of 0.8x versus required 1.10x. This is the second consecutive quarterly breach; amendment discussions ongoing.,9,11,2,Downgrade,covenant_breach,17,fccr / equity / breach / sponsor
PD101989,2025-04-21,Retail,Minimum EBITDA covenant missed by 22%. Compliance certificate delivered late with a qualified calculation. Documentation team reviewing reservation of rights letter.,7,8,1,Downgrade,covenant_breach,9,ebitda / qualified / compliance / missed
PD101990,2025-02-10,Transportation,Top customer representing 30% of revenue did not renew its contract at term. Replacement pipeline covers less than half of the lost volume.,10,12,2,Downgrade,customer_concentration,1,sales / lowered fullyear / fullyear / continues
PD101991,2025-05-12,Commercial Real Estate,Asset sale proceeds of $127M applied to term debt. Leverage reduced to 2.5x from 4.5x at last review.,8,7,-1,Upgrade,deleveraging,7,refinancing risk / risk elevated / trade / capital
PD101992,2024-02-09,Hospitality,"Regulatory change effective next year is expected to reduce reimbursement rates by 6%, directly compressing borrower revenue in its core segment.",5,6,1,Downgrade,industry_headwinds,14,regulatory / rates / revenue / multiyear
PD101993,2024-08-06,Technology,Debt maturity wall approaching; 70% of funded debt comes due within 18 months. Sponsor exploring amend-and-extend but lender appetite is uncertain.,8,8,0,No Change,refinancing_risk,20,debt / sponsor / months / 
PD101994,2025-01-05,Transportation,Material weakness in internal controls disclosed. Segregation of duties issues in the treasury function; remediation plan requested by Q1 2025.,10,10,0,No Change,reporting_delinquency,2,headroom / concerns / missed / revolver
PD101995,2024-01-24,Wholesale Trade,Minimum EBITDA covenant missed by 14%. Compliance certificate delivered late with a qualified calculation. Documentation team reviewing reservation of rights letter.,11,11,0,No Change,covenant_breach,9,ebitda / qualified / compliance / missed
PD101996,2024-03-26,Healthcare,"Interest burden up sharply post rate resets; cash interest coverage at 1.2x. Hedges expired and were not replaced, leaving full floating-rate exposure.",6,9,3,Downgrade,refinancing_risk,13,hedges / rates / market / quarters
PD101997,2025-04-07,Transportation,Term loan of $190M matures in 12 months with no committed refinancing. Current leverage of 5.2x makes a market refinance challenging.,10,11,1,Downgrade,refinancing_risk,15,refinancing / committed / market / term
PD101998,2024-07-07,Manufacturing,Cash flow from operations insufficient to cover fixed charges this cycle. FCCR dropped to 0.7x. Sponsor has been approached for an equity injection to shore up liquidity.,7,8,1,Downgrade,liquidity_stress,17,fccr / equity / breach / sponsor
PD101999,2024-10-31,Healthcare,Class action lawsuit filed alleging product defects; potential exposure estimated at $119M. Insurance coverage position remains unclear.,9,10,1,Downgrade,legal_regulatory,4,exposure / filed / new / approximately
PD102000,2025-05-08,Construction,New tariffs raise landed costs approximately 21% on the borrower's primary import lines. Ability to pass through to customers is unproven.,5,6,1,Downgrade,industry_headwinds,4,exposure / filed / new / approximately
